question,cluster_name
অনলাইন আইডি পোর্টাল লক হয়ে গেছে,accountLocked
অনলাইন এর একাউন্ট টা লক হয়ে গেছে,accountLocked
অনলাইনে একাউন্ট এখনো লক দেখায়,accountLocked
অনলাইনে এখনো লক দেখাচ্ছে,accountLocked
আইড লক হয়েছে কার সাথে যোগাযোগ করতে হবে,accountLocked
আইডি তে মেসেজ দেখাচ্ছে লক হয়ে গেছে এখন সঠিক তথ্য দেওয়ার পরেও লক-ই দেখাচ্ছে কি করবো,accountLocked
আইডি লক হওয়ার পর কিভাবে সমাধান করব,accountLocked
আইডি লক হয়ে গেছে,accountLocked
আট ঘন্টা পর আবার রেজিষ্ট্রেশন করার চেষ্টা করছি কিন্তু একাউন্ট এখনও লক দেখাচ্ছে,accountLocked
আট ঘন্টা পর পুনরায় রেজিষ্ট্রেশন করার চেষ্টা করছি কিন্তু একাউন্ট এখনও লক দেখাচ্ছে,accountLocked
আটঘণ্টা পরেও ওয়েব পোর্টালে আমার আইডি লক ই দেখাচ্ছে,accountLocked
আমার আইডি অটো লক হয়ে গেছে কিভাবে কি করবো,accountLocked
আমার আইডি তে লক দেখাচ্ছে কিভাবে কি করা লাগবে,accountLocked
আমার আইডি লক এর আট ঘন্টা পরে রেজিস্ট্রেশন করতে গেছি কিন্তু এখনও লক দেখাচ্ছে,accountLocked
আমার আইডি লক হয়ে গেল আপনি কি এক্ষনি কিছু করতে পারেন,accountLocked
আমার একাউন্ট লক হয়ে গেছে এখনি কি আনলক করে দিতে পারবেন,accountLocked
আমার এনআইডি অ্যাকাউন্ট খুলতে গিয়ে লক হয়ে গেছে,accountLocked
আমার এনআইডি অ্যাকাউন্ট খোলার সময় লক হয়ে গেছে,accountLocked
আমার এনআইডি অ্যাকাউন্ট লক হয়ে গেছে,accountLocked
আমার এনআইডি একাউন্ট লক হয়ে গেছে,accountLocked
আমার এনআইডি খুলতে গিয়ে লক হয়ে গেছে,accountLocked
আমার এনআইডি খুলতে লক হয়ে গেছে,accountLocked
আমার কার্ড লক হয়ে গেছে,accountLocked
আমার কার্ডটি এই মুহুর্তে লক হয়ে আছে,accountLocked
আমার জাতীয় পরিচয়পত্র লক হয়ে গেছে,accountLocked
আমার জাতীয় পরিচয়পত্রের একাউন্ট লক হয়ে গেছে,accountLocked
আমার প্রোফাইল লক হয়ে গেলে তাতক্ষনিক আনলক করার নিয়ম কী,accountLocked
একবার একাউন্ট লক হওয়ার পর ঠিক তথ্য দিলেও খুলছে না,accountLocked
একবার একাউন্ট লক হওয়ার পর পুনরায় সঠিক তথ্য দিলেও একাউন্ট লক ই দেখাচ্ছে,accountLocked
একবার একাউন্ট লক হওয়ার পর পুনরায় সঠিক তথ্য দিলেও একাউন্ট লক দেখাচ্ছে,accountLocked
একবার লক হলে কি আবার তথ্য দিয়ে একাউন্ট খুলবে না,accountLocked
একবার লক হয়ে একাউন্ট কত ঘন্টা পর খুলে,accountLocked
একাউন্ট একবার লক হবার আট ঘন্টা পরেও লক ই আসতেছে সমাধান কি,accountLocked
একাউন্ট বারবার লক দেখাচ্ছে আমার তথ্য ঠিক আছে কিনা চেক করে দিতে পারবেন,accountLocked
একাউন্ট বারবার লক দেখাচ্ছে তথ্য ঠিক আছে কিনা কিভাবে বুঝবো,accountLocked
একাউন্ট লক করা হয়েছে দেখাচ্ছে,accountLocked
একাউন্ট লক গেছে এখন আনলক করে দিতে পারবেন,accountLocked
একাউন্ট লক হওয়ার কারণ কি হতে পারে,accountLocked
একাউন্ট লক হওয়ার পর আট ঘণ্টা অপেক্ষা করেও সমাধান হচ্ছে না,accountLocked
একাউন্ট লক হওয়ার পর থেকে আনলক করার জন্য দ্রুত কোন ব্যবস্থা নিতে পারব,accountLocked
একাউন্ট লক হওয়ার পর সঠিক তথ্য দেওয়ার পরও লক দেখাচ্ছে,accountLocked
একাউন্ট লক হওয়ার পরও আনলক করার দ্রুত কোন ওয়ে কী,accountLocked
একাউন্ট লক হবার পর ঠিক তথ্য দিলেও লগইন হচ্ছে না,accountLocked
একাউন্ট লক হলে কি সঙ্গে সঙ্গে আনলক করার উপায় আছে,accountLocked
একাউন্ট লক হয়ে গেছে,accountLocked
একাউন্ট লক হয়ে গেছে আট ঘণ্টা অপেক্ষা করার পরেও,accountLocked
একাউন্ট লক হয়ে গেছে এখনি কি আনলক করে দিতে পারবেন,accountLocked
একাউন্ট লক হয়ে গেছে কারেক্ট ইনফো দিলেও লক দেখাচ্ছে,accountLocked
একাউন্ট লক হয়ে গেলে কি করতে হবে,accountLocked
একাউন্ট লক হয়েছে আট ঘন্টা হয়ে গেছে,accountLocked
এখনো একাউন্ট লক হয়ে আছে,accountLocked
এনআইডি অনলাইন পোর্টালে “আপনার একাউন্ট লক করা হয়েছে” মেসেজ দেখায়,accountLocked
এনআইডি অনলাইনে একাউন্ট লক হয়েছে,accountLocked
এনআইডি একাউন্ট আনলক করার জন্য কি করতে হবে,accountLocked
এনআইডি একাউন্ট এখনো লক দেখায়,accountLocked
এনআইডি একাউন্ট লক অবস্থায় থাকছে,accountLocked
এনআইডি একাউন্ট লক দেখালে কি করতে হবে,accountLocked
এনআইডি একাউন্ট লক সমস্যা কবে ঠিক হবে,accountLocked
এনআইডি একাউন্ট লক হয়ে গেছে,accountLocked
এনআইডি একাউন্ট লক হয়ে গেলে কোথায় যোগাযোগ করবো,accountLocked
এনআইডি পোর্টালে একাউন্ট লক দেখাচ্ছে,accountLocked
এনআইডি পোর্টালে একাউন্ট লক হয়েছে,accountLocked
এনআইডি লক হয়ে গেছে,accountLocked
কার্ড এর অনলাইন এর সাইটে আইডি লক দেখাচ্ছে,accountLocked
কার্ড এর অনলাইন পোর্টালে আপনার একাউন্ট লক করা হয়েছে মেসেজ দেখায়,accountLocked
কার্ড লক হলে কীভাবে ব্যবহার করা যাবে,accountLocked
কার্ড লক হয়ে গেলে কিভাবে খুলতে হবে,accountLocked
কার্ড লক হয়ে গেলে কিভাবে সেটি খুলে ফেলা যায়,accountLocked
কার্ড লক হয়ে গেলে কী পদক্ষেপ নিতে হবে,accountLocked
কার্ড লক হয়ে গেলে কীভাবে আনলক করা যাবে,accountLocked
কি হবে আমার এনআইডি লক হয়ে গেছে,accountLocked
কিছু ভুল ইনফো দিয়েছিলাম একাউন্ট লক হয়ে গেছিল এখন আট ঘন্টা পরেও এইটা খুলতেছে না কি করবো,accountLocked
ঠিক ইনফো দিলেও একাউন্ট এর লক খুলতেছে না,accountLocked
ঠিক ইনফো দিয়েছি তারপরেও একাউন্ট লক দেখাচ্ছে কি করা যায়,accountLocked
তথ্য ঠিক থাকলে একাউন্ট লক কেন হচ্ছে,accountLocked
তথ্য সঠিক দেওয়ার পরেও একাউন্ট লক হয়ে গেল,accountLocked
লক আইডিতে তথ্য ঠিক দেওয়ার পরেও লক দেখাচ্ছে,accountLocked
লক একাউন্ট এর জন্য যে টাইম লিমিট দিছিল তার পরেও একাউন্ট খোলানো যাচ্ছে না,accountLocked
সঠিক তথ্য দিয়েও এনআইডি একাউন্ট লক থাকছে,accountLocked
আমি অন্য জেলায় শিফট হলে এনআইডি  তে এইটা চেঞ্জ করতে এর ফি কত,addressChangeFees
এড্রেস পরিবর্তন করতে টাকা কত,addressChangeFees
ঠিকানা আপডেট আবেদন করতে কি ফি দিতে হবে,addressChangeFees
ঠিকানা আপডেট করার জন্য কত টাকা জমা করতে হবে,addressChangeFees
ঠিকানা চেঞ্জ জন্য কি কোনো টাকা লাগবে,addressChangeFees
ঠিকানা পরিবর্তন করতে কি টাকা জমা দিতে হয়,addressChangeFees
ঠিকানা পরিবর্তন করার জন্য কত টাকা লাগবে,addressChangeFees
ঠিকানা পরিবর্তনের আবেদন করলে কি ফি দিতে হয়,addressChangeFees
ঠিকানা বদলের জন্য কত টাকা লাগবে,addressChangeFees
ঠিকানা বদলের জন্য কত ফি জমা দিতে হবে,addressChangeFees
ঠিকানা বদলের জন্য ফি কত,addressChangeFees
নতুন ঠিকানায় আপডেট করতে কোন ধরনের ফি আছে,addressChangeFees
পরিচয়পত্রের ঠিকানা পরিবর্তনের জন্য কোন ধরনের ফি আছে,addressChangeFees
বাসা বদলের পর কার্ড এ ঠিকানা আপডেট করতে কি ফি দিতে হয়,addressChangeFees
স্থায়ী ঠিকানা আপডেট করতে কত টাকা জমা দিতে হবে,addressChangeFees
স্থায়ী ঠিকানা আপডেট করার জন্য কত টাকা লাগে,addressChangeFees
স্থায়ী ঠিকানা আপডেট করার জন্য কতো টাকা জমা করতে হবে,addressChangeFees
স্থায়ী ঠিকানা আপডেটে কত টাকা লাগে,addressChangeFees
স্থায়ী ঠিকানা পরিবর্তন করতে কত টাকা ফি লাগে,addressChangeFees
স্থায়ী ঠিকানা পরিবর্তন করতে কত ফি দিতে হবে,addressChangeFees
স্থায়ী ঠিকানা পরিবর্তন করতে কি কোন ফি দিতে হবে,addressChangeFees
স্থায়ী ঠিকানা পরিবর্তনের জন্য কত টাকা জমা দিতে হবে,addressChangeFees
স্থায়ী ঠিকানা পরিবর্তনের জন্য কতো টাকা দিতে হয়,addressChangeFees
স্থায়ী ঠিকানা পরিবর্তনের জন্য কী ফি প্রযোজ্য,addressChangeFees
স্থায়ী ঠিকানা বদলাতে কত টাকা লাগবে,addressChangeFees
স্থায়ী ঠিকানা বদলে কত টাকা দিতে হয়,addressChangeFees
স্থায়ী ঠিকানা বদলের জন্য কি কোনো ফি আছে,addressChangeFees
স্থায়ী ঠিকানা বদলের ফি কত,addressChangeFees
Online এনআইডি address change করলে কতদিন লাগবে,addressChangeTime
এড্রেস চেঞ্জ এর ক্ষেত্রে মোবাইল মেসেজ পেয়ে অনুমোদন হওয়া পর্যন্ত কতদিন লাগবে,addressChangeTime
এনআইডি এ address update করতে কত সময় লাগবে,addressChangeTime
ঠিকানা পরিবর্তন আবেদন সফল হওয়ার পর অনুমোদন পেতে কতদিন সময় লাগে,addressChangeTime
বর্তমান ঠিকানা আপডেট করতে কত সময় লাগবে,addressChangeTime
বর্তমান ঠিকানা চেঞ্জ করে দিতে কত সময় নেয়,addressChangeTime
বর্তমান ঠিকানা পরিবর্তন করতে কতদিন সময় প্রয়োজন,addressChangeTime
বর্তমান ঠিকানা পরিবর্তনের আবেদন করলে কতদিনে সম্পন্ন হয়,addressChangeTime
বর্তমান ঠিকানা পরিবর্তনের কাজ শেষ হতে কতদিন সময় লাগে,addressChangeTime
বর্তমান ঠিকানা বদলানোর প্রসেসে কতদিন লাগে,addressChangeTime
বর্তমান ঠিকানা সংশোধন করার পর আপডেট হতে কতদিন লাগে,addressChangeTime
বর্তমান ঠিকানা সংশোধনে কতদিন লাগে,addressChangeTime
বর্তমান ঠিকানা সংশোধনের জন্য কতদিন অপেক্ষা করতে হয়,addressChangeTime
বর্তমান ঠিকানা সংশোধনের প্রক্রিয়া কতদিনে শেষ হয়,addressChangeTime
স্থায়ী ঠিকানা আপডেট করতে কত সময় লাগে,addressChangeTime
স্থায়ী ঠিকানা পরিবর্তন করতে কতদিন সময় প্রয়োজন,addressChangeTime
স্থায়ী ঠিকানা পরিবর্তনের কাজ শেষ হতে কতদিন সময় লাগবে,addressChangeTime
স্থায়ী ঠিকানা পরিবর্তনের জন্য কতদিনে রেজিস্ট্রি হয়,addressChangeTime
স্থায়ী ঠিকানা পরিবর্তনের প্রসেসিং টাইম কত,addressChangeTime
স্থায়ী ঠিকানা বদলাতে কতদিন সময় লাগে,addressChangeTime
স্থায়ী ঠিকানা সংশোধন করতে কতদিন লাগে,addressChangeTime
স্থায়ী ঠিকানা সংশোধন করার পর কবে আপডেট হবে,addressChangeTime
স্থায়ী ঠিকানা সংশোধনের আবেদন করলে কতদিনে আপডেট হয়,addressChangeTime
স্থায়ী ঠিকানা সংশোধনের জন্য কতদিন অপেক্ষা করতে হয়,addressChangeTime
আইডি কার্ডের বর্তমান ও স্থায়ী ঠিকানা কি একসাথে চেঞ্জ করা যাবে,addressUpdateProblems
আইডিতে প্রেজেন্ট এবং পার্মানেন্ট ঠিকানা একসাথে আপডেট করা যাবে,addressUpdateProblems
আপনার ঠিকানা পরিবর্তন অনুমোদিত হলে নতুন ঠিকানার কার্ড কোথায় পাবো,addressUpdateProblems
আমার কার্ডের স্থায়ী ঠিকানা পরিবর্তন করতে কি কি কাগজপত্র লাগবে,addressUpdateProblems
আমার জাতীয় পরিচয়পত্রে নতুন ঠিকানা যোগ করতে কি কি কাগজপত্র প্রয়োজন,addressUpdateProblems
আমার জাতীয় পরিচয়পত্রে বাসস্থান হালনাগাদের জন্য কি কি কাগজপত্র লাগবে,addressUpdateProblems
আমার জাতীয় পরিচয়পত্রের স্থায়ী ঠিকানা বদল করতে কি কি কাগজপত্র লাগবে,addressUpdateProblems
আমার নতুন ঠিকানায় এনআইডি আপডেট করার পদ্ধতি কী,addressUpdateProblems
আমার নতুন ঠিকানার জন্য পোস্ট অফিস এবং কোড কোথায় পাবো,addressUpdateProblems
আমার ন্যাশনাল আইডি কার্ডে স্থায়ী ঠিকানা বদল করতে কি কি কাগজপত্র দরকার হবে,addressUpdateProblems
আমার পার্মানেন্ট ঠিকানা পরিবর্তন করার জন্য এনআইডি কার্ডে কি কি ডকুমেন্ট লাগবে,addressUpdateProblems
আমার পুরনো ভোটার এলাকার তথ্য কিভাবে খুজবো ঠিকানা বদলাতে,addressUpdateProblems
আমার বর্তমান ঠিকানা হালনাগাদ করতে কি কি কাগজপত্র দিতে হবে,addressUpdateProblems
আমার বাসস্থান বদলাতে ন্যাশনাল আইডেন্টিটি কার্ডের জন্য কি কি প্রমাণপত্র লাগবে,addressUpdateProblems
আমার ভোটার আইডির কারেন্ট এড্রেস বদল করতে কি করতে হবে,addressUpdateProblems
আমার স্বাক্ষর পরিবর্তন করতে হলে কোথায় যেতে হবে,addressUpdateProblems
আমি আমার এনআইডি কার্ডের স্থায়ী ঠিকানা পরিবর্তন করতে চাই,addressUpdateProblems
আমি ইউটিলিটি বিলের কপি না থাকার কারণে ভোটার ঠিকানা পরিবর্তন করতে পারবো না,addressUpdateProblems
আমি বর্তমান ঠিকানায় ভোটার নিবন্ধন করতে চাই,addressUpdateProblems
ইউটিলিটি বিল ছাড়া ভোটার ঠিকানা পরিবর্তন করার জন্য কি বিকল্প পথ আছে,addressUpdateProblems
ইউটিলিটি বিল ছাড়া ভোটার ঠিকানা পরিবর্তনের কি কাগজপত্র লাগবে,addressUpdateProblems
ইউটিলিটি বিল না থাকলে ভোটার ঠিকানা পরিবর্তনের কি উপায় আছে,addressUpdateProblems
ইউটিলিটি বিল না থাকলে ভোটার ঠিকানা পরিবর্তনের জন্য কি করতে হবে,addressUpdateProblems
এনআইডি কার্ডে ঠিকানা পরিবর্তনের জন্য কি কি প্রমাণপত্র প্রয়োজন,addressUpdateProblems
এনআইডি কার্ডে ঠিকানা বদলের জন্য কি কি সার্টিফিকেট লাগে,addressUpdateProblems
এনআইডি কার্ডে বর্তমান ঠিকানা আপডেট করার জন্য কি কি দলিল দিতে হবে,addressUpdateProblems
এনআইডি কার্ডে বর্তমান ঠিকানা সংশোধন করতে কী প্রক্রিয়া অনুসরণ করবো,addressUpdateProblems
এনআইডি কার্ডে বর্তমান ঠিকানা সংশোধন করতে কী প্রক্রিয়া অনুসরণ করবো,addressUpdateProblems
এনআইডি কার্ডে বর্তমান ঠিকানা সংশোধনের জন্য কি করতে হবে,addressUpdateProblems
এনআইডি কার্ডের আসল ঠিকানা সংশোধন করতে কি কি কাগজপত্র প্রয়োজন,addressUpdateProblems
এনআইডি কার্ডের স্থায়ী ঠিকানা সংশোধনের জন্য কি কি কাগজপত্র জমা দিতে হবে,addressUpdateProblems
এলাকা পরিবর্তন করতে হলে কোন কোন ডকুমেন্ট জমা দিতে হবে,addressUpdateProblems
কার্ড এ বর্তমান এবং গ্রামের বাড়ির ঠিকানা একই সাথে কি আপডেট করা যাবে,addressUpdateProblems
কার্ডে প্রেজেন্ট ঠিকানা পরিবর্তন করতে কী করতে হবে,addressUpdateProblems
কার্ডে বর্তমান ঠিকানা পরিবর্তনের জন্য কোন অফিসে যেতে হবে,addressUpdateProblems
কিভাবে স্থায়ী ঠিকানা থেকে বর্তমান ঠিকানায় ভোটার পরিবর্তন করবো,addressUpdateProblems
জাতীয় পরিচয়পত্রের ঠিকানা পরিবর্তন করতে কি কি জিনিস লাগে,addressUpdateProblems
ঠিকানা আপডেট করতে গিয়ে পোস্ট অফিস কোড জানি না,addressUpdateProblems
ঠিকানা চেন্জ করার জন্য পুরনো ভোটার এলাকার ডিটেলস কোথা থেকে পাবো,addressUpdateProblems
ঠিকানা পরিবর্তন করতে আমার আগের ভোটার এলাকার ডেটা কোথায় পাবো,addressUpdateProblems
ঠিকানা পরিবর্তন করতে পূর্ববর্তী ভোটার এলাকার তথ্য কোথায় পাওয়া যাবে,addressUpdateProblems
ঠিকানা পরিবর্তন করার জন্য পূর্বের ভোটার এলাকার তথ্য কোথায় থেকে পাবো,addressUpdateProblems
ঠিকানা পরিবর্তন হয়ে গেলে নতুন কার্ড কীভাবে সংগ্রহ করব,addressUpdateProblems
ঠিকানা পরিবর্তনের আবেদন সফল হলে কিভাবে নতুন ঠিকানার কার্ড সংগ্রহ করতে পারি,addressUpdateProblems
ঠিকানা পরিবর্তনের আবেদনে পূর্বের ভোটার এলাকার তথ্য প্রয়োজন,addressUpdateProblems
ঠিকানা পরিবর্তনের জন্য আমার এনআইডিতে কি কি কাগজপত্র লাগবে,addressUpdateProblems
ঠিকানা পরিবর্তনের সময় আমার নির্ধারিত পোষ্ট অফিস ও পোষ্ট কোড পাচ্ছিনা,addressUpdateProblems
ঠিকানা পরিবর্তনের সময় আমার নির্ধারিত পোস্ট অফিস ও পোস্ট কোড পাচ্ছি না,addressUpdateProblems
ঠিকানা বদলের জন্য এনআইডিতে কি ধরনের নথি জমা দিতে হয়,addressUpdateProblems
ঠিকানা বদলের জন্য ভোটার এলাকা পরিবর্তন ফরমে কি কি কাগজপত্র লাগে,addressUpdateProblems
ঠিকানা স্থানান্তর করতে কি চেয়ারম্যানের সই দরকার,addressUpdateProblems
ঠিকানা স্থানান্তরের জন্য কি চেয়ারম্যানের স্বাক্ষর আবশ্যক,addressUpdateProblems
ঠিকানা স্থানান্তরের জন্য কি চেয়ারম্যানের স্বাক্ষর লাগবে,addressUpdateProblems
নতুন ঠিকানা অন্তর্ভুক্ত করার জন্য জাতীয় পরিচয়পত্রে কি কি লাগবে,addressUpdateProblems
নতুন স্থায়ী ঠিকানা আপডেটের জন্য কি ধরনের কাগজপত্র দিতে হবে,addressUpdateProblems
নতুন স্থায়ী ঠিকানা যোগ করতে কি কি দলিল প্রয়োজনীয়,addressUpdateProblems
নিউ এলাকায় ভোটার ঠিকানা স্থানান্তর করতে কি চেয়ারম্যানের সই লাগবে,addressUpdateProblems
নিড কার্ডে ঠিকানা বদলের জন্য কি ধরনের কাগজপত্র দরকার,addressUpdateProblems
নিড কার্ডে স্থায়ী বাসস্থান পরিবর্তনের জন্য কি কি দলিল প্রয়োজন,addressUpdateProblems
নির্বাচনী এলাকা বদল করতে কি কি কাগজপত্র লাগবে,addressUpdateProblems
ন্যাশনাল আইডেন্টিটি কার্ডে বাসস্থান পরিবর্তনের জন্য কি কি কাগজপত্র লাগবে,addressUpdateProblems
ন্যাশনাল আইডেন্টিটি কার্ডের জন্য স্থায়ী ঠিকানা বদলাতে কি কি কাগজপত্র লাগবে,addressUpdateProblems
পার্মানেন্ট এড্রেস বদল করতে এনআইডি কার্ডের জন্য কি কি ডকুমেন্ট লাগে,addressUpdateProblems
পেশা বদলানোর জন্য কোন কোন কাগজপত্র লাগবে,addressUpdateProblems
বর্তমান ঠিকানা পরিবর্তনের জন্য কি কি কাগজপত্র লাগে,addressUpdateProblems
বর্তমান ঠিকানার তথ্য সংশোধনের জন্য কি কি কাগজপত্র লাগে,addressUpdateProblems
বর্তমান ঠিকানায় ভোটার নিবন্ধন কিভাবে করবো,addressUpdateProblems
বার্থ রেজিস্ট্রেশন এর এড্রেস ডিফারেন্ট হলে নতুন ভোটার আবেদন করতে কি হতে পারে,addressUpdateProblems
বাসার ঠিকানা পরিবর্তনের সময় আমার ডাকঘর অফিস ও ডাকঘর কোড পাচ্ছি না,addressUpdateProblems
ভোটার এলাকা পরিবর্তন করতে কি কি প্রয়োজন,addressUpdateProblems
ভোটার এলাকা পরিবর্তনের জন্য কি কি কাগজপত্র লাগে,addressUpdateProblems
ভোটার এলাকা বদলাতে কি কি ডকুমেন্ট দরকার,addressUpdateProblems
ভোটার এলাকা স্থানান্তর করতে চেয়ারম্যানের স্বাক্ষর লাগে কি না কাউন্সিলরের স্বাক্ষরেও হবে,addressUpdateProblems
ভোটার এলাকা স্থানান্তরের জন্য কি কাগজ লাগে,addressUpdateProblems
ভোটার এলাকার ঠিকানা পরিবর্তন হলেও,addressUpdateProblems
ভোটার এলাকার ঠিকানা বদলের জন্য কোন কাগজপত্র প্রয়োজন,addressUpdateProblems
ভোটার এলাকার ঠিকানা স্থানান্তর করতে কি চেয়ারম্যানের স্বাক্ষর লাগবে নাকি কাউন্সিলরের স্বাক্ষর হলেও হবে,addressUpdateProblems
ভোটার এলাকার তথ্য পরিবর্তন করার জন্য কোথা থেকে সংগ্রহ করবো,addressUpdateProblems
ভোটার এলাকার সংশোধন করতে কোন কোন কাগজ লাগবে,addressUpdateProblems
ভোটার এলাকার স্থানান্তরে কি চেয়ারম্যানের সই লাগবে,addressUpdateProblems
ভোটার এলাকার স্থানান্তরে চেয়ারম্যানের স্বাক্ষর প্রয়োজন,addressUpdateProblems
ভোটার ঠিকানা পরিবর্তন করতে গেলে ইউটিলিটি বিল না থাকলে কি করা উচিত,addressUpdateProblems
ভোটার ঠিকানা পরিবর্তন হয়েছে,addressUpdateProblems
ভোটার ঠিকানা পরিবর্তনের জন্য ইউটিলিটি বিল ছাড়া কি অন্য কোনো কাগজপত্র জমা দিতে হবে,addressUpdateProblems
ভোটার ঠিকানা বদলানোর জন্য কী কী কাগজপত্র লাগবে,addressUpdateProblems
ভোটার ঠিকানা স্থানান্তরে চেয়ারম্যান বা কাউন্সিলর কার স্বাক্ষর লাগবে,addressUpdateProblems
ভোটার থানা পরিবর্তনের জন্য কী কী লাগবে,addressUpdateProblems
স্থায়ী ঠিকানা পরিবর্তনের জন্য আমার জাতীয় পরিচয়পত্রে কি কি ডকুমেন্ট দরকার,addressUpdateProblems
স্থায়ী ঠিকানা আপডেট করতে আমাকে কি কি কাগজপত্র দিতে হবে,addressUpdateProblems
স্থায়ী ঠিকানা থেকে বর্তমান ঠিকানায় ভোটার পরিবর্তন কিভাবে করবো,addressUpdateProblems
স্থায়ী ঠিকানা পরিবর্তন করতে গেলে ডাকঘর অথবা ডকাঘর এর কোড না জানলে কি করতে হবে,addressUpdateProblems
স্থায়ী ঠিকানা পরিবর্তনের জন্য কি কি কাগজপত্র জমা দিতে হবে,addressUpdateProblems
স্থায়ী ঠিকানা পরিবর্তনের জন্য কি কি কাগজপত্র লাগে,addressUpdateProblems
স্থায়ী ঠিকানায় ভোটার হওয়ার পর,addressUpdateProblems
স্থায়ী থেকে বর্তমান ঠিকানায় ভোটার হবো কিভাবে,addressUpdateProblems
Underage এনআইডি হোল্ডারদের ভোটার হওয়া কবে হয়,ageEligibility
Underage হিসেবে এনআইডি কার্ডধারী ব্যক্তি কখন ভোটার হয়ে থাকেন,ageEligibility
Underaged হিসেবে এনআইডি কার্ডধারী ব্যক্তি কখন ভোটার হয়ে থাকেন,ageEligibility
আমার কার্ডে বয়স ঠিক করতে হবে কীভাবে আবেদন করব,ageEligibility
আমার বয়স আঠার হয়ে গেছে নতুন ভোটারের আবেদন জমা দেওয়ার সময় কি কি ডকুমেন্টস দরকার,ageEligibility
আমি কি এনআইডি নিবন্ধন করতে পারব যদি আমার বয়স আঠারো এর কম হয়,ageEligibility
এনআইডি নেয়ার জন্য সর্বনিম্ন বয়স কত,ageEligibility
এনআইডি রেজিস্ট্রেশনের জন্য বয়স কত প্রয়োজন,ageEligibility
কম বয়সী এনআইডি কার্ডধারীরা কখন ভোটার হন,ageEligibility
কার্ডে উল্লেখিত বয়স ঠিক করতে কি করা লাগবে,ageEligibility
কার্ডে বয়স পরিবর্তনের জন্য কি প্রমাণপত্র লাগবে,ageEligibility
কার্ডে সঠিক বয়স দিতে চাচ্ছি কি করতে পারি,ageEligibility
কিভাবে আমার বয়স পরিবর্তন করতে পারি,ageEligibility
ছোট বয়সে এনআইডি করা হলে কবে ভোটার হয়ে যাবে,ageEligibility
জন্ম তারিখ সঠিক করার জন্য কি ধাপ অনুসরণ করতে হবে,ageEligibility
তোমার বয়স কত,ageEligibility
নতুন এনআইডি করার জন্য ন্যূনতম বয়স কত লাগবে,ageEligibility
নতুন এনআইডি নিবন্ধনের জন্য বয়স কত হওয়া লাগে,ageEligibility
নতুন এনআইডি নিবন্ধনের জন্য বয়স কত হতে হয়,ageEligibility
নতুন কার্ড নিবন্ধনের জন্য বয়স কত হওয়া লাগে,ageEligibility
নতুন কার্ড পাওয়ার জন্য বয়স কত হতে হবে,ageEligibility
নতুন ভোটার নিবন্ধনের জন্য বয়সের কনসিডারেশন কি,ageEligibility
নতুন ভোটার নিবন্ধনের জন্য বয়সের সীমা কত,ageEligibility
নতুন ভোটার হওয়ার জন্য বয়স কত লাগবে,ageEligibility
নতুন ভোটার হতে হলে বয়স কত হওয়া উচিত,ageEligibility
নতুন ভোটারের জন্য কি বয়সসীমা রয়েছে,ageEligibility
প্রথমবার এনআইডি করতে হলে বয়স কত হতে হবে,ageEligibility
বয়স্ক হলে কি স্বয়ংক্রিয়ভাবে ভোটার হই,ageEligibility
বয়স এর তথ্য ঠিক করানো লাগবে কার্ডে এইটার জন্য কোথায় যোগাযোগ করতে পারি,ageEligibility
বয়স পরিবর্তনের আবেদন কিভাবে করা হয়,ageEligibility
বয়স পূর্ণ হওয়ার পর এনআইডি কার্ডধারী কবে ভোটার হবে,ageEligibility
বয়স বা জন্ম তারিখ পরিবর্তন করার প্রক্রিয়া কি,ageEligibility
বয়স সংশোধনের জন্য আবেদন করতে হলে কী ধরনের তথ্য জমা দিতে হবে,ageEligibility
বয়স সংশোধনের জন্য কি কি কাগজপত্র প্রয়োজন,ageEligibility
ভোটার তালিকায় নিবন্ধনের জন্য বয়স হতে হয়,ageEligibility
ভোটার হওয়ার জন্য কোন বয়স প্রয়োজন,ageEligibility
ভোটার হতে কতটুকু বয়স হতে হয়,ageEligibility
অনুগ্রহ করে আবার বলুন,agentTransferRequest
অনুগ্রহপূর্বক আরেকবার বলতে হবে,agentTransferRequest
আওয়াজ ক্লিয়ার না,agentTransferRequest
আচ্ছা আপনি কি বলতে চান,agentTransferRequest
আপনার কথা স্পষ্ট না,agentTransferRequest
আপনার সাথে কথা বলে ভালো লাগলো।,agentTransferRequest
আপনি কি আর কিছু বলতে চান,agentTransferRequest
আপনি কি বলতে পারেন,agentTransferRequest
আপনি কিছু বলবেন না,agentTransferRequest
আপনি তো কিছু বললেন না,agentTransferRequest
আপনি বলতে পারেন,agentTransferRequest
আপনি বলতেছেন মানে কি,agentTransferRequest
আপু প্লিজ আরেকবার বলতে পারবেন আমি শুনতে পারি নাই,agentTransferRequest
আবার কথা হবে,agentTransferRequest
আবার দেখা হবে,agentTransferRequest
আবার বলেন ভাই,agentTransferRequest
আমার কেইসটা স্পেশাল,agentTransferRequest
আমি আবার শুনতে চাই,agentTransferRequest
আমি একজন মানুষের সাথে কথা বলতে চাই,agentTransferRequest
আরেকটু ক্লিয়ার করে বলুন প্লিজ,agentTransferRequest
আরেকটু বিস্তারিত বলুন,agentTransferRequest
আরেকটু স্পষ্ট করে বলুন,agentTransferRequest
আরেকবার রিক্যাপ দিন,agentTransferRequest
আরেকবার রিপিট করুন,agentTransferRequest
একজন এজেন্ট কে ট্রান্সফার করুন,agentTransferRequest
একটু আবার বলবেন,agentTransferRequest
একটু আস্তে বলবেন,agentTransferRequest
একটু ক্লিয়ার করে বলবেন,agentTransferRequest
একটু জোরে বলবেন,agentTransferRequest
একটু ধীরে বলুন,agentTransferRequest
একটু সহজ করে বলবেন,agentTransferRequest
এজেন্ট কে ট্রান্সফার করুন,agentTransferRequest
কথা হবে পরে,agentTransferRequest
কমপ্লেইন সেকশনে ট্রান্সফার করুন,agentTransferRequest
তথ্যটা আরেকবার দিন,agentTransferRequest
তুই চুপ কর,agentTransferRequest
দয়া করে আবার বলতে পারেন,agentTransferRequest
দয়া করে আবার বলুন,agentTransferRequest
নাম্বারটা আবার বলেন,agentTransferRequest
পরবর্তীতে আবার যোগাযোগ করবো,agentTransferRequest
পরে আবার কথা হবে ইনশাআল্লাহ,agentTransferRequest
বলছেন না কেন,agentTransferRequest
বলতেছেন আবার কি নতুন নিয়ম,agentTransferRequest
মানে কি বললেন আপনি,agentTransferRequest
মোটেও ক্লিয়ার না আপনার কথায়,agentTransferRequest
শেষের দিকটা আবার বলুন প্লিজ,agentTransferRequest
সরাসরি কথা বলতে চাই কারো সাথে,agentTransferRequest
সরাসরি কিছু বলেন না কেন,agentTransferRequest
হ্যাঁ আমি একজন মানুষের সাথে কথা বলতে চাই,agentTransferRequest
হ্যাঁ আমি বলতে চাই,agentTransferRequest
আগের আবেদন বাতিল হয়েছে নতুন করে সংশোধন আবেদন জমা দিতে কি ফি পুনরায় জমা দিতে হবে,applicationCancelled
আবেদন বাতিল হওয়ার পর নতুন আবেদনের জন্য পয়সা জমা করতে হবে,applicationCancelled
আবেদন বাতিল হলে কি আমি ফি ফেরত পাবো,applicationCancelled
আবেদন বাতিল হলে ফি ফেরত হবে কেমনে,applicationCancelled
আবেদন বাতিল হয়ে গেছে,applicationCancelled
আমার এনআইডি সংশোধনের এপ্লাই বাতিল করতে হবে কী করবো,applicationCancelled
আমি আমার সংশোধনের এপ্লিকেশন বাতিল করতে চাই,applicationCancelled
আমি কি আমার কার্ড এ সংশোধনের আবেদন বাতিল করতে পারি কিভাবে,applicationCancelled
আমি সংশোধনের আবেদন বাতিল করতে চাই,applicationCancelled
একবার বাতিল হওয়া সংশোধন আবেদন আবার করতে কি টাকা জমা দিতে হবে,applicationCancelled
একবার বাতিল হওয়া সংশোধন আবেদন আবার করার জন্য টাকা জমা দেওয়া লাগবে কি,applicationCancelled
একবার সংশোধন আবেদন বাতিল করা হলে পুনরায় আবেদন করতে কি আবার ফি জমা দিতে হবে,applicationCancelled
একবার সংশোধন আবেদন বাতিল করা হয়েছে,applicationCancelled
এনআইডি সংশোধনের আবেদন বাতিল করতে কি করতে হবে,applicationCancelled
নতুন করে আবেদন করতে গেলে বাতিল হওয়ার পর ফি দিতে হবে কি,applicationCancelled
নতুন ভোটার অ্যাপ্লিকেশন বাতিল হওয়ায় আমি কি করতে পারি,applicationCancelled
নতুন ভোটার আবেদন বাতিল হলে আমি কি করব,applicationCancelled
নতুন ভোটার আবেদন বাতিল হলে সমাধান কিভাবে হবে,applicationCancelled
নতুন ভোটার এপ্লিকেশন বাতিল হলে আমি কি করব,applicationCancelled
নতুন ভোটার হবার জন্য আবেদন বাতিল হলে কী করতে হবে,applicationCancelled
নিউ ভোটারের এপ্লাই বাতিল হলে কি করা যায়,applicationCancelled
পূর্বের আবেদন বাতিল হয়েছে,applicationCancelled
ফি জমা করে সংশোধন আবেদন বাতিল হলে টাকা ফেরত হবে কি,applicationCancelled
বাতিল আবেদনের টাকা ফেরত পাবো কি,applicationCancelled
বাতিল হওয়া আবেদন পুনরায় করতে কি টাকা জমা করতে হবে,applicationCancelled
বাতিল হওয়া সংশোধন আবেদনের জন্য পুনরায় টাকা জমা দিতে হবে কি,applicationCancelled
বাতিল হওয়া আবেদন পুনরায় করার জন্য কি টাকা জমা করতে হবে,applicationCancelled
বাতিল হওয়া আবেদনের টাকা ফেরত পাবো কেমনে,applicationCancelled
বাতিল হওয়া সংশোধন আবেদন পুনরায় করার জন্য কি ফি জমা দিতে হবে,applicationCancelled
বাতিল হওয়া সংশোধন আবেদনের জন্য পুনরায় টাকা জমা দেবো কি,applicationCancelled
ভোটার আবেদন বাতিল হলে কি কিছু করা যায়,applicationCancelled
ভোটার আবেদন বাতিল হলে সমাধান কিভাবে পাওয়া যাবে,applicationCancelled
ভোটার আবেদন বাতিল হলে সমাধান কিভাবে পাওয়া যাবে,applicationCancelled
যদি সংশোধন আবেদন বাতিল হয়,applicationCancelled
যদি সংশোধন আবেদন বাতিল হয়,applicationCancelled
সংশোধন আবেদন বাতিল করার পদ্ধতি কী,applicationCancelled
সংশোধন আবেদন বাতিল করার পরে টাকা ফেরত পাওয়ার উপায় কী,applicationCancelled
সংশোধন আবেদন বাতিল হওয়ার পর পুনরায় আবেদন করতে কি নতুন ফি দিতে হবে,applicationCancelled
সংশোধন আবেদন বাতিল হলে আবার আবেদন করতে কি টাকা জমা দিতে হবে,applicationCancelled
সংশোধন আবেদন বাতিল হলে আবার আবেদন করতে কি টাকা দিতে হবে,applicationCancelled
সংশোধন আবেদন বাতিল হলে আবার আবেদন করতে কি টাকা দিতে হয়,applicationCancelled
সংশোধন আবেদন বাতিল হলে কি আবার টাকা জমা করতে হবে,applicationCancelled
সংশোধন আবেদন বাতিল হলে কি ফি ফেরত পাবো,applicationCancelled
সংশোধন আবেদন বাতিল হলে পুনরায় আবেদন করতে কি নতুন ফি দিতে হবে,applicationCancelled
সংশোধন আবেদন বাতিল হলে পুনরায় আবেদন করতে টাকা আবার দিতে হবে কি,applicationCancelled
সংশোধন আবেদন বাতিল হলে পুনরায় আবেদন করার জন্য টাকা জমা দিতে হবে কি,applicationCancelled
সংশোধন আবেদন বাতিল হলে ফি ফিরিয়ে দেবে কি,applicationCancelled
সংশোধন আবেদন বাতিল হলে ফি ফেরত পাবো কি,applicationCancelled
সংশোধন আবেদন বাতিল হয়ে গেছে,applicationCancelled
সংশোধন আবেদন বাতিল হয়ে গেলে কি টাকা ফেরত পাবো,applicationCancelled
সংশোধন আবেদন স্লিপ হারিয়ে ফেললে কি পুনরায় আবেদন করতে হবে,applicationCancelled
সংশোধন ফি জমা করে আবেদন বাতিল করলে টাকা ফেরত পাবো কি,applicationCancelled
সংশোধন ফি জমা দেওয়ার পর আবেদন সাবমিট করার আগেই টাকা চলে গেছে,applicationCancelled
সংশোধনের আবেদন বাতিল করতে চাই,applicationCancelled
সংশোধনের আবেদন বাতিল করার জন্য কি কি করতে হবে,applicationCancelled
সংশোধনের আবেদন বাতিল করার প্রক্রিয়া কী,applicationCancelled
সংশোধনের আবেদন বাতিল হলে কি ফি ফেরত হবে,applicationCancelled
সংশোধনের জন্য আবেদন স্লিপ হারালে কি হবে,applicationCancelled
সংশোধনের জন্য জমা দেয়া টাকা বাতিল হলে ফিরে পাবো কি,applicationCancelled
সংশোধনের জন্য যে আবেদন করেছি সেটা বাতিল করতে কি করতে হবে,applicationCancelled
ম্যাচ ফাউন্ড দেখতে পেয়েছি,applicationFailures
অনেক তথ্য পেলাম,applicationFailures
আচ্ছা মানে কি বুঝেন আপনি,applicationFailures
আচ্ছা যাই তাহলে,applicationFailures
আজকের মত শেষ,applicationFailures
আজকের মতো এইটুকু,applicationFailures
আপনার কাছ থেকে আর কিছু জানা যাবে,applicationFailures
আপাতত কিছু জানতে চাচ্ছি না,applicationFailures
আমার আর কোন কিছু জিজ্ঞাস করার নাই ধন্যবাদ,applicationFailures
আমার আসল শিক্ষাগত যোগ্যতা কম,applicationFailures
আমার কাছে স্পষ্ট না,applicationFailures
আমার তালাক হয়ে গেছে,applicationFailures
আমার প্রশ্নটা ঠিক মনে নেই,applicationFailures
আমার মনে পড়ছে না,applicationFailures
আমার সমস্যাটা জটিল,applicationFailures
আমি আগে অন্য একটা কাজ করতাম এখন নতুন একটা কাজে ঠুকেছি,applicationFailures
আমি আসলে ফেল করেছি,applicationFailures
আমি এখন কি করব আপনি বলেন!,applicationFailures
আমি এখানে কী করতে পারি,applicationFailures
আমি এসএসসি তে ফেল করছিলাম,applicationFailures
আমি এসএসসি পাশ করিনি,applicationFailures
আমি এসএসসি ফেল করেছি,applicationFailures
আমি কি আরও কিছু জানতে পারি,applicationFailures
আমি কি করতে পারি জানিনা তো,applicationFailures
আমি কি কিছু মিস করেছি,applicationFailures
আমি কি প্রশ্ন করেছিলাম ভুলে গেছি,applicationFailures
আমি কিছু শোনার চেষ্টা করছিলাম,applicationFailures
আমি কিছুই বুঝতে পারিনি,applicationFailures
আমি কী জানতে পারি,applicationFailures
আমি চলে যাচ্ছি,applicationFailures
আমি চাই একদম আলাদা কিছু,applicationFailures
আমি জানতে চাই,applicationFailures
আমি তো এসএসসি পাশ করিনি,applicationFailures
আমি তো জানিনা ওইসব ব্যাপারে!,applicationFailures
আমি নষ্ট হয়েছে,applicationFailures
আমি নিশ্চিত না,applicationFailures
আমি পুরোটা ধরতে পারি নাই,applicationFailures
আমি বাংলাদেশে নেই,applicationFailures
আমি বুঝতে পারি নাই,applicationFailures
আমি যে সব ডকুমেন্ট দিয়েছি সেটা ঠিক,applicationFailures
আমি সেরে ফেলেছি,applicationFailures
আমি হালকা শুনেছি,applicationFailures
আর কিছু কি জানতে পারি,applicationFailures
আর কিছু জানার আছে,applicationFailures
আর কিছু দরকার হবে,applicationFailures
আর কিছু লাগবে না,applicationFailures
আর কোনো প্রশ্ন নেই,applicationFailures
আসলে ব্যাপারটা হইলো কি,applicationFailures
এই পর্যন্ত ঠিক,applicationFailures
এই পর্যন্ত ঠিক আছে,applicationFailures
এই প্রশ্নের পরে কিছু আছে,applicationFailures
এই বিষয়টা নিয়ে কিছু জানেন,applicationFailures
এইটা কিভাবে হয় বুঝলাম না!,applicationFailures
এইটা তো আমার প্রশ্ন না,applicationFailures
এইটা নিয়ে কি করা উচিত,applicationFailures
এইটাই কি সব,applicationFailures
এইটাই তো জানতে চাচ্ছিলাম,applicationFailures
একটা প্রশ্নও পারোনি,applicationFailures
এখন আর কিছু দরকার নেই,applicationFailures
এখন উঠি তাহলে,applicationFailures
এখন কি করবো,applicationFailures
এখন কি পরের ধাপ,applicationFailures
ওই বিষয়টা বাদ দেন,applicationFailures
ওটা করবো নাকি এটাও লাগবে,applicationFailures
কলটা শেষ করি,applicationFailures
কিছুটা মিস করেছি,applicationFailures
কেউ আছেন এখানে,applicationFailures
চলো ঘুরতে যাই,applicationFailures
চেক করছিলাম কাজ করে কিনা,applicationFailures
জি আমার আর কিছু জিজ্ঞাস করার নাই,applicationFailures
তালাক হয়ে গেছে,applicationFailures
তাহলে এখন উঠি,applicationFailures
তাহলে এটা ঠিক হলো,applicationFailures
তাহলে কি বলা যায় এই অবস্থায়,applicationFailures
তাহলে কি হইছে শেষ পর্যন্ত,applicationFailures
তুই কি কিছু জানিস,applicationFailures
তুমি কি করো,applicationFailures
তুমি কি কাঁদো,applicationFailures
তুমি কি খেতে চাও,applicationFailures
তুমি কি গান গাও,applicationFailures
তুমি কিছু জানো না,applicationFailures
তেমন কিছু জানতে চাইনি,applicationFailures
তো এখন আমি কোথায় যাব,applicationFailures
তো কি করবো এখন,applicationFailures
তোকে একটু ট্রল করলাম,applicationFailures
তোর কোনো কাজ নাই,applicationFailures
নতুন পেশায় আছি,applicationFailures
পরবর্তী ধাপে যেতে পারছি না,applicationFailures
পেশা ঠিক নেই,applicationFailures
বিরক্ত করতে এসেছি,applicationFailures
বুঝতে পারছিনা কিছুই!,applicationFailures
যেকোনো প্রয়োজনে পাশে আছি।,applicationFailures
শব্দটা কাটা গেছে,applicationFailures
শুধু চেক করছি,applicationFailures
শুধু দেখে নিচ্ছি,applicationFailures
শুধু মজা নিচ্ছি,applicationFailures
সব কাগজপত্র ঠিক মানে দিয়ে ফেললাম,applicationFailures
সব ঠিক আছে,applicationFailures
সব ঠিকঠাক বুঝেছি,applicationFailures
সব তথ্য হয়ে গেছে,applicationFailures
সব প্রশ্নের উত্তর পেয়ে গেছি,applicationFailures
সব বুঝে গেছি,applicationFailures
আমার ব্লাড গ্রুপ সংশোধনের জন্য প্রয়োজনীয় কী কী ডকুমেন্টস লাগবে,bloodGroupCorrection
আমার রক্ত গ্রুপ ভুল লেখা হয়েছে এনআইডি কার্ডে,bloodGroupCorrection
আমার রক্তের গ্রুপ সংশোধন করতে হলে কি পদক্ষেপ নেব,bloodGroupCorrection
আমি কার্ডে আমার রক্তের গ্রুপ পরিবর্তন করা যাবে কিভাবে,bloodGroupCorrection
এনআইডি কার্ডে ব্লাড গ্রুপ ভুল হয়েছে,bloodGroupCorrection
এনআইডি কার্ডে রক্তের গ্রুপে ভুল আছে আমার রক্তের গ্রুপ এ পজিট কিন্তু কার্ড এ আছে বি পজিটিভ,bloodGroupCorrection
কার্ডে রক্ত রিলেটেড তথ্য ঠিক করতে কি করা লাগে,bloodGroupCorrection
কার্ডে রক্তের গ্রুপ অন্তর্ভুক্তির প্রক্রিয়া সম্পর্কে জানাবেন,bloodGroupCorrection
কার্ডে রক্তের গ্রুপের তথ্য কিভাবে ঠিক করব,bloodGroupCorrection
কার্ডে রক্তের গ্রুপের সংশোধন এর জন্য কি করা লাগে,bloodGroupCorrection
কিভাবে আমি কার্ডে আমার রক্তের গ্রুপের তথ্য আপডেট করব,bloodGroupCorrection
ব্লাড গ্রুপ আপডেট করার প্রক্রিয়া কী,bloodGroupCorrection
ব্লাড গ্রুপ এ ভুল আছে,bloodGroupCorrection
ব্লাড গ্রুপের তথ্য সংশোধনের জন্য কিভাবে আবেদন করব,bloodGroupCorrection
রক্তের গ্রুপ অন্তর্ভুক্ত বা সংশোধনের জন্য কি করতে হয়,bloodGroupCorrection
রক্তের গ্রুপ অন্তর্ভূক্ত বা সংশোধনের জন্য কি করতে হবে,bloodGroupCorrection
রক্তের গ্রুপ আপডেট করার নিয়ম কী,bloodGroupCorrection
রক্তের গ্রুপ কি আপডেট করা যায়,bloodGroupCorrection
রক্তের গ্রুপ পরিবর্তন করার জন্য আমাকে কোথায় আবেদন করতে হবে,bloodGroupCorrection
রক্তের গ্রুপ পরিবর্তনের জন্য প্রয়োজনীয় তথ্য কী,bloodGroupCorrection
রক্তের গ্রুপ বদলাতে কি ধরনের ডকুমেন্ট লাগে,bloodGroupCorrection
রক্তের গ্রুপ সংশোধনের জন্য কি কাগজপত্র লাগবে,bloodGroupCorrection
রক্তের গ্রুপে ভুল আছে,bloodGroupCorrection
আমি কি এই সেবার মাধ্যমে আমার ভোটার আইডি তথ্য আপডেট করতে পারি,chatbotCapabilities
এই চ্যাটবট কি আমাকে এনআইডি আপডেট স্ট্যাটাস সম্পর্কে নির্দেশনা দিতে পারে,chatbotCapabilities
এই চ্যাটবট কি আমাকে এনআইডি সংশোধন করার তথ্য প্রদান করে,chatbotCapabilities
এই চ্যাটবট কি আমাকে জাতীয় পরিচয় পত্র আপডেট স্ট্যাটাস সম্পর্কে নির্দেশনা দিতে পারে,chatbotCapabilities
এই চ্যাটবট কি আমাকে জাতীয় পরিচয় পত্র সংশোধন করার তথ্য প্রদান করে,chatbotCapabilities
এই চ্যাটবট কি আমাকে ভোটার আইডি আপডেট স্ট্যাটাস সম্পর্কে নির্দেশনা দিতে পারে,chatbotCapabilities
এই চ্যাটবট কি আমাকে ভোটার আইডি সংশোধন করার তথ্য প্রদান করে,chatbotCapabilities
এই চ্যাটবট কি আমার এনআইডি তথ্য আপডেটের জন্য নির্দেশনা দিতে পারে,chatbotCapabilities
এই চ্যাটবট কি আমার জাতীয় পরিচয় পত্র তথ্য আপডেটের জন্য নির্দেশনা দিতে পারে,chatbotCapabilities
এই চ্যাটবট কি আমার ভোটার আইডি তথ্য আপডেটের জন্য নির্দেশনা দিতে পারে,chatbotCapabilities
এই চ্যাটবট কি আমার ভোটার তথ্য আপডেট করার তথ্য প্রদান করে,chatbotCapabilities
এই চ্যাটবট কি আমার ভোটার তথ্য পরিবর্তনের বিষয়ে তথ্য সরবরাহ করে,chatbotCapabilities
এই চ্যাটবট কি এনআইডি সংশোধন বা আপডেট করতে সাহায্য করতে পারে,chatbotCapabilities
এই চ্যাটবট কি কি প্রশ্নের উত্তর দিতে পারে,chatbotCapabilities
এই চ্যাটবট কি ধরনের সেবা দেয়,chatbotCapabilities
এই চ্যাটবট কি ধরনের সেবা প্রদান করে,chatbotCapabilities
এই চ্যাটবট কী করে,chatbotCapabilities
এই চ্যাটবট কীভাবে সাহায্য করতে পারে,chatbotCapabilities
এই চ্যাটবটের মাধ্যমে এনআইডি পুনঃপ্রাপ্তি সম্পর্কে সহায়তা চাইতে পারি,chatbotCapabilities
এই চ্যাটবটের মাধ্যমে জাতীয় পরিচয় পত্র পুনঃপ্রাপ্তি সম্পর্কে সহায়তা চাইতে পারি,chatbotCapabilities
এই চ্যাটবটের মাধ্যমে ভোটার আইডি পুনঃপ্রাপ্তি সম্পর্কে সহায়তা চাইতে পারি,chatbotCapabilities
এই সেবা কি এনআইডি যাচাইয়ে সাহায্য করতে পারে,chatbotCapabilities
এই সেবা কি জাতীয় পরিচয় পত্র যাচাইয়ে সাহায্য করতে পারে,chatbotCapabilities
এই সেবা কি ভোটার আইডি যাচাইয়ে সাহায্য করতে পারে,chatbotCapabilities
এই সেবা কি ভোটার আইডি স্ট্যাটাস যাচাইয়ে সহায়তা করে,chatbotCapabilities
এই সেবার মাধ্যমে এনআইডি স্ট্যাটাস যাচাই করা সম্ভব,chatbotCapabilities
এই সেবার মাধ্যমে জাতীয় পরিচয় পত্র স্ট্যাটাস যাচাই করা সম্ভব,chatbotCapabilities
এই সেবার মাধ্যমে ভোটার আইডি স্ট্যাটাস যাচাই করা সম্ভব,chatbotCapabilities
চ্যাট করা যাবে,chatbotCapabilities
চ্যাট শেষ করুন,chatbotCapabilities
চ্যাটবট থেকে কি ধরনের সহায়তা পাওয়া যাবে,chatbotCapabilities
নির্বাচন কমিশনের সেবা সম্পর্কিত এই চ্যাটবট কি ধরনের সহায়তা প্রদান করে,chatbotCapabilities
আবেদন জমা দিয়েছি কিন্তু এখন বুঝতে পারছি আরো কিছু কারেকশন দরকার,correctionApplicationStatus
আমার এনআইডি সংশোধন আবেদনের স্ট্যাটাস কি,correctionApplicationStatus
আমার এনআইডি সংশোধনের জন্য আবেদন দিয়েছি,correctionApplicationStatus
আমার ভুল বুঝে সংশোধনের আবেদন করেছি,correctionApplicationStatus
আমার সংশোধন আবেদন এর অবস্থা জানতে চাই,correctionApplicationStatus
আমার সংশোধন আবেদন সম্পর্কে জানতে ওয়ান জিরো ফাইভ এ ফোন করেছি,correctionApplicationStatus
আমার সংশোধন আবেদনের ক্যাটাগরি এখনো কনফার্ম হচ্ছে না,correctionApplicationStatus
আমার সংশোধন আবেদনের স্ট্যাটাস কি জানাবেন,correctionApplicationStatus
আমার সংশোধনের কি অবস্থা কিছু বলতে পারেন,correctionApplicationStatus
আমার স্বাক্ষর বদলাতে হবে কিন্তু মাস খানেক হয়ে গেল,correctionApplicationStatus
আমার স্বাক্ষরটা বদলাতে চেয়েছি কিন্তু কোনো জবাব নেই,correctionApplicationStatus
আমি অনেক দিন আগে সংশোধন আবেদন করেছি,correctionApplicationStatus
আমি আবেদন জমা দিয়েছি,correctionApplicationStatus
আমি আমার অ্যানআইডি কার্ডের জন্য সংশোধন আবেদন করেছি,correctionApplicationStatus
আমি আমার জাতীয় পরিচয়পত্র সংশোধনের জন্য আবেদন করেছিলাম,correctionApplicationStatus
আমি একশতপাঁচ কল করে সংশোধনের অবস্থা জানতে চেয়েছি,correctionApplicationStatus
আমি একশপাঁচ এ কল করে দেখলাম সংশোধনের অবস্থা সামনে,correctionApplicationStatus
আমি এম্বাসিতে আবেদন দিয়েছি,correctionApplicationStatus
আমি ওয়ান জিরো ফাইভ কল করে সংশোধনের ব্যাপারে জানতে চেয়েছি,correctionApplicationStatus
আমি কার্ড এর জন্য সংশোধন আবেদন করেছি,correctionApplicationStatus
আমি মাস আগে পিকচার চেঞ্জের জন্য আবেদন দিয়েছি,correctionApplicationStatus
আমি সংশোধন আবেদন করেছি,correctionApplicationStatus
আমি সংশোধনের জন্য আবেদন করেছি,correctionApplicationStatus
এক মাস হয় বা তেরো দিন হলো সংশোধন আবেদন করেছি,correctionApplicationStatus
একশত পাঁচ এ ফোন করে সংশোধনের অবস্থা জানতে চেয়েছি,correctionApplicationStatus
এনআইডি সংশোধনের জন্য ইন্টারনেটে আবেদন করেছি,correctionApplicationStatus
ছবি পরিবর্তন করার জন্য আবেদন করেছি,correctionApplicationStatus
নতুন করে সংশোধন আবেদন করতে চাই,correctionApplicationStatus
সংশোধন আবেদন করার পরে কত দিনে জানতে পারবো কি হয়েছে,correctionApplicationStatus
সংশোধন আবেদন করেছি,correctionApplicationStatus
সংশোধন আবেদন করেছি কিন্তু কোনো ইনফো নাই,correctionApplicationStatus
সংশোধন আবেদন করেছিলাম,correctionApplicationStatus
সংশোধন আবেদন জমা দেয়ার পর কত দিন পর অবস্থা জানতে পারবো,correctionApplicationStatus
সংশোধন আবেদন সাবমিট করার পর দেখলাম আরো কিছু তথ্য সংশোধন করা প্রয়োজন,correctionApplicationStatus
সংশোধন আবেদনের অবস্থা জানতে ওয়ান জিরো ফাইভ এ ফোন করেছি,correctionApplicationStatus
সংশোধন আবেদনের স্টেটাস জানতে চাই,correctionApplicationStatus
সংশোধন প্রক্রিয়া শেষ,correctionApplicationStatus
সংশোধনের আবেদন অনেক দিন আগে জমা দিয়েছি,correctionApplicationStatus
সংশোধনের আবেদন করেছি,correctionApplicationStatus
সংশোধনের আবেদন করেছি xx দিন আগে,correctionApplicationStatus
সংশোধনের আবেদন করেছি তো,correctionApplicationStatus
সংশোধনের আবেদন সাবমিট করার পর দেখতে পাচ্ছি আরও কিছু তথ্য সংশোধন করা প্রয়োজন,correctionApplicationStatus
সংশোধনের আবেদনের অবস্থা জানতে চেয়ে ওয়ান জিরো ফাইভ এ ফোন করেছি,correctionApplicationStatus
সংশোধনের জন্য অনেক দিন আগে আবেদন করেছি,correctionApplicationStatus
সংশোধনের জন্য আবেদন করেছি,correctionApplicationStatus
সংশোধনের জন্য আবেদন করেছি ত্রিশ দিন আগে,correctionApplicationStatus
সংশোধনের জন্য আবেদন দিয়েছি,correctionApplicationStatus
সংশোধনের মেসেজ পেয়েছি,correctionApplicationStatus
সংশোধনের মেসেজ পেয়েছি কিন্তু কোথাও নামানোর অপশন দেখছি না।,correctionApplicationStatus
সংশোধেন আবেদন করেছিলাম,correctionApplicationStatus
সাইন পরিবর্তনের জন্য আবেদন করেছি,correctionApplicationStatus
স্থানান্তর কার্যক্রম চলার সময় কি কোনো সংশোধন করতে পারবো,correctionApplicationStatus
স্বাক্ষর পরিবর্তন করার জন্য আবেদন করেছি,correctionApplicationStatus
অনলাইনে এনআইডি আবেদনের পর দেখলাম কিছু তথ্য ভুল,correctionErrors
অনলাইনে এনআইডি পোর্টালে কার্ড এর ভুল তথ্য ঠিক করার আবেদন কিভাবে জমা দিব,correctionErrors
অনলাইনে কার্ড পূরণ করার পর দেখছি ইনফরমেশন ঠিক নাই ভুল হয়েছে,correctionErrors
অনলাইনে জাতীয় পরিচয়পত্রের আবেদন করার পর তথ্যে ভুল খুঁজে পেয়েছি,correctionErrors
আইডি কার্ডে চাকুরির তথ্যে ঝামেলা আছে কি করব,correctionErrors
আবেদনে ভুল তথ্য দেয়া গেছে কি করবো,correctionErrors
আমার আইডি কার্ডে জন্মস্থানের ভুল সংশোধন করতে কি কি ডকুমেন্ট লাগবে,correctionErrors
আমার এনআইডি কার্ড আবেদনে তথ্যে ভুল হয়েছে,correctionErrors
আমার এনআইডি কার্ড তথ্য ভুল আছে কি করবো,correctionErrors
আমার এনআইডি কার্ডে জন্মস্থান ভুল আছে,correctionErrors
আমার এনআইডি ফরমে ভুল তথ্য পাঠিয়ে দিয়েছি,correctionErrors
আমার এনআইডি ফরমে ভুল হয়েছে কি করবো,correctionErrors
আমার কার্ড এ ভুল আছে ঠিক করতে চাই,correctionErrors
আমার কার্ডে জন্ম তারিখ এর ভুল পরিবর্তনের আবেদন কীভাবে করব,correctionErrors
আমার কার্ডে ভুল করে শিক্ষাগত যোগ্যতা বেশি দেখানো হয়েছে। এটা কিভাবে পরিবর্তন করবো,correctionErrors
আমার কার্ডে ভুল তথ্য আছে,correctionErrors
আমার কার্ডে ভুল তথ্য এসেছে,correctionErrors
আমার কার্ডের তথ্য ভুল আছে,correctionErrors
আমার কার্ডের তথ্য ভুল হয়েছে,correctionErrors
আমার জন্ম দুইহাজার সালে কিন্তু কার্ডে ভুলে দুইহাজার বিশ আসছে এখন এইটা কিভাবে ঠিক করা যাবে,correctionErrors
আমার জন্ম স্থান ভুল বলে কার্ডে আছে,correctionErrors
আমার জন্মস্থানের তথ্য ভুল,correctionErrors
আমার জাতীয় পরিচয়পত্রে জন্মস্থান ভুল লেখা আছে,correctionErrors
আমার জাতীয় পরিচয়পত্রের আবেদনে কিছু তথ্য ভুল হয়ে গেছে,correctionErrors
আমার নিডি কার্ডে জন্মস্থান ভুল হয়েছে,correctionErrors
আমার ন্যাশনাল আইডি আবেদনে কিছু তথ্য ভুল হয়েছে,correctionErrors
আমার ন্যাশনাল আইডি কার্ডে জন্মস্থান ভুল হয়েছে,correctionErrors
আমার বর্তমান এড্রেস কার্ডে ভুল,correctionErrors
আমার বার্থ ডেইট এ ভুল আছে কার্ডে কি করা যায়,correctionErrors
আমার ভোটার আইডি ফরমে ভুল হয়েছে,correctionErrors
আমার ভোটার আইডিতে জন্মস্থানের ভুল কি কি কাগজপত্র দিয়ে সংশোধন করা যাবে,correctionErrors
আমার শিক্ষাগত যোগ্যতা সঠিক নয়,correctionErrors
আমার সাইনে ভুল আছে,correctionErrors
আমি আমার এনআইডি-এর জন্য আবেদন করেছি কিন্তু তথ্যে ভুল হয়েছে,correctionErrors
আমি এনআইডি কার্ডের ভুল তথ্য সংশোধন করতে চাই,correctionErrors
আমি জাতীয় পরিচয়পত্রের জন্য আবেদন করেছি কিন্তু তথ্য ভুল হয়ে গেছে,correctionErrors
আমি পাশ না করেও অজ্ঞতাবশতঃ শিক্ষাগত যোগ্যতা এসএসসি বা তদুর্দ্ধ লিখেছিলাম এখন আমার বয়স বা অন্যান্য তথ্যাদি সংশোধনের উপায় কি,correctionErrors
আমি ভুল করে বেশি শিক্ষাগত যোগ্যতা দেখিয়েছি,correctionErrors
আমি ভুল করে শিক্ষাগত যোগ্যতা বেশি দেখিয়েছি,correctionErrors
ইন্টারনেটে করার পর তথ্যে ভুল হলে কীভাবে সংশোধন করব,correctionErrors
এই সেবার মাধ্যমে কি ভুল এনআইডি নম্বর সংশোধন করা সম্ভব,correctionErrors
এই সেবার মাধ্যমে কি ভুল জাতীয় পরিচয় পত্র নম্বর সংশোধন করা সম্ভব,correctionErrors
এই সেবার মাধ্যমে কি ভুল ভোটার আইডি নম্বর সংশোধন করা সম্ভব,correctionErrors
একটা তথ্য কি শুধুমাত্র একবার ই ঠিক করা যাবে,correctionErrors
একটা ভুল কারেকশন করার জন্য কয়টা সুযোগ পাওয়া যায়,correctionErrors
এনআইডি আবেদনে তথ্য সঠিক নয় বলে দেখছি,correctionErrors
এনআইডি আবেদনে ভুল তথ্য দেওয়া হয়েছে,correctionErrors
এনআইডি কার্ড এ তথ্য ভুল সংশোধন আবেদন জমা দেয়ার পর যদি আরো কিছু সংশোধন করা প্রয়োজন হয়,correctionErrors
এনআইডি কার্ড এর তথ্য ভুল আছে ঠিক করার আবেদন বাতিল করার জন্য কীভাবে আবেদন করতে হয়,correctionErrors
এনআইডি কার্ড ভুল ঠিক করার শেষ হলে কার্ড পাব কিভাবে,correctionErrors
এনআইডি কার্ডে জন্মস্থান ভুল হয়েছে,correctionErrors
এনআইডি কার্ডে জন্মস্থানের ভুল সংশোধন করতে কি কি ডকুমেন্ট লাগবে,correctionErrors
এনআইডি কার্ডে বার্থ প্লেস ভুল হয়েছে,correctionErrors
এনআইডি কার্ডে ভুল তথ্য এসেছে,correctionErrors
এনআইডি কার্ডে ভুল তথ্য থাকলে কিভাবে সংশোধন করব,correctionErrors
এনআইডি কার্ডে ভুল তথ্য পেলে কি করতে হবে,correctionErrors
এনআইডি কার্ডে ভুল নাম এসেছে,correctionErrors
এনআইডি কার্ডের ভুল ঠিক করার আবেদন কিভাবে বাতিল করবো,correctionErrors
এনআইডি তে ভুল তথ্য গেলে কীভাবে ঠিক করা যাবে,correctionErrors
এনআইডি তে ভুল সংশোধনের জন্য আবেদন কোথায় করবো,correctionErrors
এনআইডি ফরমে ভুল তথ্য জমা দেয়ার পর কি করা যায়,correctionErrors
এনআইডি ফেস ভেরিফিকেশন করার সময় বারবার ত্রুটি দেখাচ্ছে,correctionErrors
কারো জন্ম তারিখ কার্ডে ভুল আসছে জরুরি ঠিক করানো লাগবে,correctionErrors
কার্ড এ অন্য ব্যক্তির তথ্য চলে এসেছে। এ ভুল কিভাবে সংশোধন করা যাবে,correctionErrors
কার্ড এর তথ্য কয়বার ঠিক করা যায়,correctionErrors
কার্ড ভুল তথ্য ঠিক করাতে কত সংখ্যক বার আবেদন করা যাবে,correctionErrors
কার্ডে আমার শিক্ষাগত যোগ্যতা ভুল আছে,correctionErrors
কার্ডে বয়স ভুল আসছে,correctionErrors
কার্ডে বয়সে ভুল থাকলে সেটা কিভাবে ঠিক করে,correctionErrors
কার্ডে ভুল জন্ম তারিখ সংশোধনের জন্য কী করব,correctionErrors
কার্ডে মারাত্মক ভুল হইছে,correctionErrors
কার্ডে যদি কোনো তথ্য ভুল থাকে তবে সেটা কিভাবে সংশোধন করা যাবে,correctionErrors
কার্ডে যদি বয়স এর তথ্য ভুল থাকে সেটা কি ঠিক করানো যায়,correctionErrors
কার্ডে স্বাক্ষর ভুল আছে,correctionErrors
কার্ডের তথ্য কিভাবে ঠিক করা যাবে,correctionErrors
কার্ডের তথ্যের ভুল সংশোধন করতে কি কোথায় যেতে হবে,correctionErrors
কার্ডের ভুল তথ্য পরিবর্তন বা ঠিক করার উপায় কি,correctionErrors
কার্ডের ভুল তথ্য সংশোধন করার জন্য কি প্রক্রিয়া,correctionErrors
কার্ডের ভুল সংশোধন করার জন্য কী করা উচিত,correctionErrors
কিভাবে আমার পরিচয়পত্রে শিক্ষাগত যোগ্যতা সংশোধন করতে পারি যেটা ভুলক্রমে বেশি দেখানো হয়েছে,correctionErrors
জন্মস্থান ভুল লিখা আছে,correctionErrors
জন্মস্থান ভুল লেখা হয়েছে,correctionErrors
জন্মস্থান ভুল হয়েছে,correctionErrors
জন্মস্থান ভুল হয়েছে এনআইডি কার্ডে,correctionErrors
জন্মস্থান সঠিক নয়,correctionErrors
জন্মস্থানে ভুল আছে,correctionErrors
জন্মস্থানের তথ্য ভুল হয়েছে,correctionErrors
জন্মস্থানের তথ্যে ভুল রয়েছে,correctionErrors
জন্মস্থানের ভুল সংশোধন করতে কি কি কাগজপত্র জমা দিতে হবে,correctionErrors
জাতীয় পরিচয়পত্রে জন্মস্থানে ভুল,correctionErrors
জাতীয় পরিচয়পত্রে জন্মস্থানের ভুল সংশোধন করতে কি কি নথি লাগবে,correctionErrors
দ্বিতীয়বার ভোটার নিবন্ধিত হয়ে গেছে। কীভাবে ঠিক করবো,correctionErrors
নিডি কার্ডে জন্মস্থান ভুল হয়েছে,correctionErrors
পেশায় ভুল আছে,correctionErrors
ভুল করে আবার ভোটার হয়ে গেছে,correctionErrors
ভুল করে আমার শিক্ষাগত যোগ্যতা বেশি দেখিয়েছি,correctionErrors
ভুল করে দুইবার ভোটার নিবন্ধন হয়ে গেছে,correctionErrors
ভুল করে ভোটার হওয়া পর কি সমাধান করতে হবে,correctionErrors
ভুল করে ভোটার হয়েছে,correctionErrors
ভুল করে ২য় বার ভোটার হয়েছি। জানতে পারলাম ম্যাচ ফাউন্ড. এখন কি করনীয়,correctionErrors
ভুল নিবন্ধনের কারণে কি ব্যবস্থা নিতে হবে,correctionErrors
ভুলক্রমে কার্ডে আমার শিক্ষাগত যোগ্যতা বেশি দিয়েছি। এটা ঠিক করতে হলে কিভাবে আবেদন করবো,correctionErrors
ভোটার নিবন্ধন ফরমে ভুল তথ্য জমা দেওয়ার পর কিভাবে সংশোধন করবো,correctionErrors
ভোটার নিবন্ধন ভুল হলে এখন কি করণীয়,correctionErrors
ভোটার নিবন্ধন ভুল হলে কি করতে হবে,correctionErrors
মাদার নেইম কার্ডে ভুল আসছে এইটা কিভাবে ঠিক করা যাবে,correctionErrors
মায়ের এনআইডি নম্বরে ভুল আছে,correctionErrors
মোবাইলে এপ্লাই করার পরে ভুল তথ্য জমা দেওয়া হয়েছে,correctionErrors
যদি কার্ডে বয়সে ভুল থাকে তাহলে সে,correctionErrors
শিক্ষাগত যোগ্যতা ভুল দেখানো হয়েছে আমার কার্ডে,correctionErrors
শিক্ষাগত যোগ্যতা সঠিক না থাকার কারণে পরিচয়পত্রে সমস্যা হয়েছে,correctionErrors
স্ত্রীর এনআইডি নম্বরে ভুল আছে,correctionErrors
স্বামীর এনআইডি নম্বরে ভুল আছে,correctionErrors
আইডি কার্ড সংশোধনের টাকা কিভাবে জমা দেবো,correctionFees
আবেদন করতে কত টাকা লাগবে সংশোধনের জন্য,correctionFees
আবেদন করার সময় কত টাকা দিতে হবে সংশোধনের জন্য,correctionFees
আমি ফি জমা দিয়েছি সংশোধনের জন্য,correctionFees
আমি রকেটে কীভাবে এনআইডি সংশোধনের টাকা জমা দিব,correctionFees
আমি সংশোধন বা রি-ইস্যু আবেদন জমা দেওয়ার আগে টাকা জমা দিয়েছিলাম,correctionFees
আমি সংশোধনের জন্য যে ফি জমা দিয়েছিলাম সেটা কেন আবেদন করার আগেই খরচ হয়ে গেছে আবার ফি জমা করতে হবে কেন,correctionFees
এনআইডি কার্ড সংশোধন করার জন্য টাকা জমা দেওয়ার নিয়ম কি,correctionFees
এনআইডি কার্ড সংশোধনের জন্য টাকা জমা দিয়েছি,correctionFees
এনআইডি সংশোধনের ফি জমা দেওয়ার নিয়ম কি,correctionFees
এনআইডি সংশোধনের ফি রকেট দিয়ে পরিশোধ করার নিয়ম কী,correctionFees
কত টাকা জমা দিতে হবে সংশোধনের জন্য,correctionFees
কত টাকা দিয়ে সংশোধন আবেদন করতে পারি,correctionFees
কত টাকা লাগবে সংশোধন আবেদন করতে,correctionFees
কত টাকা লাগে সংশোধন আবেদন করতে,correctionFees
কিভাবে বিকাশে টাকা জমা করবো,correctionFees
নতুন সংশোধন আবেদন করতে কত টাকা জমা দিতে হবে,correctionFees
ফি জমা দিয়ে সংশোধন আবেদন না করার জন্য টাকা ফেরত পাওয়ার নিয়ম কী,correctionFees
বিকাশ অ্যাপে টাকা জমা দেয়ার নিয়ম কি,correctionFees
বিকাশ একাউন্টে টাকা জমা দেয়ার কিভাবে নিয়ম,correctionFees
বিকাশ একাউন্টে টাকা জমা দেয়ার নিয়ম কী,correctionFees
বিকাশে কিভাবে আমার একাউন্টে টাকা জমা করবো,correctionFees
বিকাশে কিভাবে ক্যাশ ইন করব,correctionFees
বিকাশে কিভাবে টাকা জমা দিতে হয়,correctionFees
বিকাশে কিভাবে ব্যালেন্স জমা হবে,correctionFees
বিকাশে কিভাবে মানি জমা করব,correctionFees
বিকাশে টাকা জমা করতে কি করতে হবে,correctionFees
বিকাশে টাকা জমা দিতে কি করতে হবে,correctionFees
বিকাশে টাকা জমা দিতে কোন পদ্ধতি অনুসরণ করতে হবে,correctionFees
বিকাশে টাকা জমা দেয়ার কি কি নিয়ম আছে,correctionFees
বিকাশে টাকা জমা দেয়ার কিভাবে সঠিক নিয়ম,correctionFees
বিকাশে টাকা জমা দেয়ার জন্য কি নিয়ম,correctionFees
বিকাশে টাকা জমা দেয়ার নিয়ম কি,correctionFees
বিকাশে টাকা জমা দেয়ার পদ্ধতি কী,correctionFees
বিকাশের টাকা জমা দিতে কি প্রসেস,correctionFees
বিকাশের মাধ্যমে টাকা জ�া দেওয়ার পদ্ধতি কী,correctionFees
যদি সংশোধন ফি জমা দিয়ে আবেদন না করি,correctionFees
রকেট অ্যাপ থেকে এনআইডি সংশোধনের টাকা পাঠানোর পদ্ধতি কী,correctionFees
রকেট থেকে এনআইডি সংশোধন ফি পেমেন্ট করার নিয়ম কী,correctionFees
রকেট থেকে এনআইডির টাকা জমা দিতে হলে কী করবো,correctionFees
রকেট দিয়ে এনআইডি সংশোধনের ফি জমা দেয়ার স্টেপ কী,correctionFees
রকেট দিয়ে কিভাবে এনআইডি সংশোধনের ফি পরিশোধ করবো,correctionFees
রকেট ব্যবহার করে এনআইডি সংশোধনের ফি কীভাবে জমা দেব,correctionFees
রকেট মোবাইল ব্যাংকিং-এ এনআইডি সংশোধনের টাকা কীভাবে জমা হবে,correctionFees
রকেটে এনআইডি সংশোধনের ফি কিভাবে প্রদান করবো,correctionFees
রি-ইস্যু আবেদনের জন্য টাকা জমা দিয়েছি,correctionFees
সংশোধন আবেদন করতে কি টাকা দিতে হয়,correctionFees
সংশোধন আবেদন করার জন্য কত টাকা খরচ হবে,correctionFees
সংশোধন আবেদন করার জন্য কত টাকা প্রয়োজন,correctionFees
সংশোধন আবেদন করার জন্য ফি জমা দিয়েছি,correctionFees
সংশোধন আবেদন জমা দেওয়ার জন্য টাকা জমা দিয়েছিলাম,correctionFees
সংশোধন আবেদনের জন্য কত টাকা লাগবে,correctionFees
সংশোধন আবেদনের জন্য টাকা জমা দিয়েছি,correctionFees
সংশোধন আবেদনের জন্য টাকা জমা দেওয়ার পদ্ধতি কি কি,correctionFees
সংশোধন আবেদনের জন্য পেমেন্ট জমা দেওয়ার পদ্ধতি কি কি,correctionFees
সংশোধন করার জন্য কত টাকা দিতে হবে,correctionFees
সংশোধন প্রক্রিয়া রেপিড বা ইমারজেন্সি করতে কি অতিরিক্ত টাকা দিতে হয়,correctionFees
সংশোধন প্রক্রিয়া দ্রুত করতে কি অতিরিক্ত টাকা দিতে হয়,correctionFees
সংশোধন ফি জমা করেছি,correctionFees
সংশোধন ফি জমা দিলাম,correctionFees
সংশোধন ফি জমা দিয়েছি,correctionFees
সংশোধন বা রি-ইস্যু আবেদনের জন্য টাকা জমা দিয়েছি,correctionFees
সংশোধনে কত টাকা খরচ হবে,correctionFees
সংশোধনের আবেদন করতে কত টাকা চার্জ লাগবে,correctionFees
সংশোধনের আবেদন করতে কত টাকা দিতে হবে,correctionFees
সংশোধনের আবেদন করতে কী পরিমাণ ফি লাগবে,correctionFees
সংশোধনের জন্য কত টাকা জমা করতে হবে,correctionFees
সংশোধনের জন্য কত টাকা দিতে হবে,correctionFees
সংশোধনের জন্য কিভাবে টাকা জমা দিতে হয়,correctionFees
সংশোধনের জন্য টাকা জমা দিয়েছি,correctionFees
সংশোধনের জন্য টাকা জমা দেয়ার পদ্ধতি কি,correctionFees
সংশোধনের জন্য টাকা জমা হলেও ওয়ালেট এ শূন্য দেখছি,correctionFees
সংশোধনের জন্য ফি জমা করার উপায় কি,correctionFees
সংশোধনের জন্য ফি জমা করে আবেদন না করলে টাকা ফেরত কেমনে পাব,correctionFees
সংশোধনের জন্য ফিস জমা দিয়েছি,correctionFees
সংশোধনের ফি কত,correctionFees
সংশোধনের ফি জমা দিয়েছি,correctionFees
সংশোধনের ফিস কত,correctionFees
সংশোধোনের জন্য ফিস জমা দিয়েছি,correctionFees
আব্বা মারা গেছেন এখন কার্ডে তার নামের আগে মৃত শব্দ দেখানোর জন্য কি পদক্ষেপ নিব,deceasedRelativeInfo
আব্বু মারা গেছে,deceasedRelativeInfo
আমার আব্বা মারা গেছেন দুই বছর এখন কার্ড এ বাবার নামের আগে মৃত হিসেবে উল্লেখ করতে হলে কি কি লাগবে,deceasedRelativeInfo
আমার আম্মা মারা গেছে,deceasedRelativeInfo
আমার আম্মু বেচে নেই,deceasedRelativeInfo
আমার কার্ড এ আবার নামের আগে মৃত যুক্ত করতে চাচ্ছি কিভাবে করব,deceasedRelativeInfo
আমার কার্ড এ আম্মার নামের আগে মৃত যুক্ত করতে চাচ্ছি কিভাবে করব,deceasedRelativeInfo
আমার কার্ড এ পিতাকে মৃত উল্লখ করতে চাইলে কি কি কাগজ লাগবে,deceasedRelativeInfo
আমার কার্ডে আমার আম্মার নামের আগে মৃত উল্লেখ করা কি কি জমা দিয়ে ঠিক করা লাগবে,deceasedRelativeInfo
আমার কার্ডে আমার বাবার নামের আগে মৃত উল্লেখ করা কি করা যাবে,deceasedRelativeInfo
আমার কার্ডে আমার স্বামী-র নামের আগে মৃত উল্লেখ করতে চাই,deceasedRelativeInfo
আমার কার্ডে আমার স্বামী-র নামের আগে মৃত উল্লেখ করা,deceasedRelativeInfo
আমার কার্ডে পিতা বা স্বামীর নামের জায়গায় মৃত উল্লেখ করা হয়েছে,deceasedRelativeInfo
আমার কার্ডে পিতা বা স্বামীর বা মাতার নামের জায়গায় মৃত উল্লেখ করা হয়েছে,deceasedRelativeInfo
আমার কার্ডে পিতার নামের আগে মৃত শব্দ এড করতে চাইলে কি কি করতে হবে,deceasedRelativeInfo
আমার কার্ডে বাবার নামের আগে মৃত শব্দটি যুক্ত করতে চাচ্ছি এইটার জন্য কি করব,deceasedRelativeInfo
আমার কার্ডে ভুলে মা কে মৃত দেখানো হয়েছে,deceasedRelativeInfo
আমার কার্ডে মাতার নামের আগে মৃত শব্দ এড করতে চাইলে কি কি করতে হবে,deceasedRelativeInfo
আমার কার্ডে মাতার নামের আগে মৃত শব্দটি যুক্ত করতে চাচ্ছি এইটার জন্য কি করব,deceasedRelativeInfo
আমার পিতা বা স্ত্রী বা মাতা মারা গেছে তাহলে সেই ব্যক্তির তথ্য কিভাবে আপডেট করবো,deceasedRelativeInfo
আমার বাবা বেচে নেই,deceasedRelativeInfo
আমার বাবা মা জন্মের আগে মারা গেছে,deceasedRelativeInfo
আমার বাবা মারা গেছে,deceasedRelativeInfo
আমার মা মারা গেছেন এখন কার্ড এ ম্যাকে মৃত হিসেবে উল্লেখ করতে হলে কি কি লাগবে,deceasedRelativeInfo
এনআইডি কার্ডে পিতাকে মৃত উল্লেখ করার জন্য কোন সনদ জমা দিতে হবে,deceasedRelativeInfo
এনআইডি কার্ডে মাতাকে মৃত উল্লেখ করার জন্য কোন সনদ জমা দিতে হবে,deceasedRelativeInfo
এনআইডি কার্ডে স্বামীকে মৃত উল্লেখ করার জন্য কোন সনদ জমা দিতে হবে,deceasedRelativeInfo
কার্ড এ আব্বুর নামের আগে মৃত লিখা কি করব,deceasedRelativeInfo
কার্ড এ জামাইর নাম এর আগে কার্ড এ মৃত শব্দ যোগ করব কিভাবে,deceasedRelativeInfo
কার্ড এ মার নামের আগে মৃত লিখা কি করব,deceasedRelativeInfo
কার্ড এ স্বামীকে মৃত দেখাতে চাই কি করব,deceasedRelativeInfo
কার্ড এ স্বামীর নামের আগে ভুল কইরা মৃত লিখা কি করব,deceasedRelativeInfo
কার্ড এ স্বামীর নামের আগে মৃত লেখা এড এর জন্য কি কি ডকুমেন্টস লাগে,deceasedRelativeInfo
কার্ড এ স্বামীর বা স্ত্রীর নামের আগে ভুল কইরা মৃত লিখা কি করব,deceasedRelativeInfo
কার্ড এর জামাই নাম এর জায়গায় আমার জামাইর নাম মৃত লেখা থাকে তাহলে ঠিক করবো কেমনে,deceasedRelativeInfo
কার্ড এর স্বামীর বা স্ত্রীর নাম এর জায়গায় আমার জামাইর বা বউ এর নাম মৃত লেখা থাকে তাহলে ঠিক করবো কেমনে,deceasedRelativeInfo
কার্ডে বাপ এর নাম এর আগে যদি মৃত শব্দটি এড করতে চাই কিভাবে করব,deceasedRelativeInfo
কার্ডে মায়ের নাম এর আগে যদি মৃত শব্দটি এড করতে চাই কিভাবে করব,deceasedRelativeInfo
পিতা বা মাতা বা স্বামীকে মৃত উল্লেখ করতে কি প্রমাণপত্র দিতে হবে,deceasedRelativeInfo
পিতা বা মাতাকে মৃত উল্লেখ করতে চাইলে কি সার্টিফিকেট জমা দিতে হবে,deceasedRelativeInfo
পিতা বা মাতাকে মৃত হিসেবে মেনশন করতে কার্ড এর জন্য কি কি করা লাগবে,deceasedRelativeInfo
পিতা বা মাতাকে মৃত উল্লেখ করতে চাইলে কি কি সনদ দাখিল করতে হয়,deceasedRelativeInfo
পিতা বা স্বামীর নামের জায়গায় ভুলে মৃত উল্লেখ করা হয়েছে,deceasedRelativeInfo
পিতা বা স্বামীর বা স্ত্রীর নামের জায়গায় ভুলে মৃত উল্লেখ করা হয়েছে,deceasedRelativeInfo
পিতাকে মৃত উল্লেখ করতে চাইলে কি কি সনদ দাখিল করতে হয়,deceasedRelativeInfo
পিতাকে মৃত হিসেবে করতে চাইলে কি কি কাগজ লাগবে,deceasedRelativeInfo
পিতাকে মৃত উল্লেখ করতে চাইলে কি কি সনদ দাখিল করতে হয়,deceasedRelativeInfo
ভুল করে আব্বার নাম এর আগে কার্ড এ মৃত চলে আসছে,deceasedRelativeInfo
ভুল করে আমার কার্ডে মায়ের নাম এর আগে কার্ড এ মৃত চলে আসছে,deceasedRelativeInfo
ভুল করে জীবিত পিতার নামের পূর্বে মৃত এসেছে,deceasedRelativeInfo
ভুল করে জীবিত মাতার নামের পূর্বে মৃত এসেছে,deceasedRelativeInfo
ভুল করে জীবিত স্ত্রীর নামের পূর্বে মৃত এসেছে,deceasedRelativeInfo
ভুল করে জীবিত স্বামীর নামের পূর্বে মৃত এসেছে,deceasedRelativeInfo
ভুলক্রমে আমার কার্ড এ মাতার নামে নামের আগে মৃত লেখা কি করা উচিত,deceasedRelativeInfo
ভুলক্রমে পিতা বা স্বামী বা মাতাকে মৃত হিসেবে উল্লেখ করা হলে সংশোধনের জন্য কি কি সনদ দাখিল করতে হবে,deceasedRelativeInfo
ভুলক্রমে পিতাকে মৃত হিসেবে উল্লেখ করা হলে সংশোধনের জন্য কি কি সনদ দাখিল করতে হবে,deceasedRelativeInfo
ভুলক্রমে মাতাকে মৃত হিসেবে উল্লেখ করা হলে সংশোধনের জন্য কি কি সনদ দাখিল করতে হবে,deceasedRelativeInfo
ভুলক্রমে স্বামীকে মৃত হিসেবে উল্লেখ করা হলে সংশোধনের জন্য কি কি সনদ দাখিল করতে হবে,deceasedRelativeInfo
ভুলে কার্ড এ স্বামীকে বা স্ত্রীকে মৃত দেখানো হয়েছে,deceasedRelativeInfo
ভুলে কার্ড এ স্বামীকে মৃত দেখানো হয়েছে,deceasedRelativeInfo
ভুলে কার্ডে জামাইর নাম এর আগে কার্ড এ মৃত চলে আসছে,deceasedRelativeInfo
ভুলে কার্ডে জামাইর বা বউয়ের নাম এর আগে কার্ড এ মৃত চলে আসছে,deceasedRelativeInfo
ভুলে পিতাকে মৃত দেখানো হয়েছে,deceasedRelativeInfo
ভুল্ক্রেম আমার কার্ড এ পিতার নামের আগে মৃত লেখা কি করি,deceasedRelativeInfo
মা কে মৃত হিসেবে উল্লেখ করতে চাইলে কি করা লাগবে,deceasedRelativeInfo
মা মারা গেছেন এখন কার্ডে মৃত দেখানোর জন্য কি পদক্ষেপ নিব,deceasedRelativeInfo
মাতাকে মৃত উল্লেখ করতে চাইলে কি কি সনদ দাখিল করতে হয়,deceasedRelativeInfo
মাতাকে মৃত উল্লখ করতে চাইলে কি কি কাগজ লাগবে,deceasedRelativeInfo
মাতাকে মৃত উল্লেখ করতে চাইলে কি কি সনদ দাখিল করতে হয়,deceasedRelativeInfo
যদি কারো কার্ড এর মাতার নাম এর জায়গায় মায়ের নামের আগে মৃত লেখা থাকে তাহলে কি কি সার্টিফিকেট লাগে,deceasedRelativeInfo
যদি কার্ড এর পিতার নাম এর জায়গায় বাবার নামের আগে মৃত লেখা থাকে তাহলে ঠিক করাবো কেমনে,deceasedRelativeInfo
স্বামীকে মৃত উল্লেখ করতে চাইলে কি কি সনদ দাখিল করতে হয়,deceasedRelativeInfo
স্বামীকে মৃত উল্লেখ করতে চাইলে কি কি সনদ দাখিল করতে হয়,deceasedRelativeInfo
আমার অ্যাড্রেস ও আব্বুর অ্যাড্রেস আলাদা তো ভোটার হবো কেমন করে,differentAddresses
আমার অ্যাড্রেস ও আমার বাবার অ্যাড্রেস আলাদা তো ভোটার হবো কেমন করে,differentAddresses
আমার আব্বা জার্মানি থাকে কিভাবে,differentAddresses
আমার আব্বার ভোটার রেজিস্ট্রেশন এ ঠিকানা চাঁদপুর আমার ঢাকা দিতে চাচ্ছি,differentAddresses
আমার আব্বুর ঠিকানা আর আমার ঠিকানা ভিন্ন,differentAddresses
আমার জন্ম নিবন্ধন ও এসএসসি সনদে কিছু তথ্যগত পার্থক্য আছে,differentAddresses
আমার জন্ম সনদের ইনফরমেশনটা এসএসসি সনদের সাথে মেলে না,differentAddresses
আমার ঠিকানা আর পিতার ঠিকানা আলাদা হলে ভোটার হবো কি ভাবে,differentAddresses
আমার ঠিকানা এবং আব্বার ঠিকানা ভিন্ন হলে ভোটার হতে কি কোনো সমস্যা হবে,differentAddresses
আমার ঠিকানা এবং পিতার ঠিকানা ভিন্ন হলে ভোটার হতে কি কোনো সমস্যা হবে,differentAddresses
আমার বার্থ রিলেটেড নিবন্ধন এবং এসএসসি দলিল এর ভিন্ন তথ্য রয়েছে,differentAddresses
আমার বার্থ সার্টিফিকেট এবং এসএসসি সনদে ভিন্ন তথ্য রয়েছে,differentAddresses
আমার বাড়ির ঠিকানা এবং পিতার বাড়ির ঠিকানা ভিন্ন,differentAddresses
আমি এবং আমার বাবার ঠিকানা আলাদা,differentAddresses
জন্ম নিবন্ধন এবং এসএসসি সনদে তথ্যের পার্থক্য থাকলে নতুন ভোটারের আবেদন ফরমে কোন তথ্য দেবো,differentAddresses
জন্ম নিবন্ধন এবং এসএসসি সনদে পার্থক্য থাকলে নতুন ভোটার নিবন্ধনে কি করতে হবে,differentAddresses
জন্ম নিবন্ধন এবং সনদে পার্থক্য থাকলে নতুন ভোটার নিবন্ধনে কি করতে হবে,differentAddresses
নতুন ভোটারের আবেদন করতে গেলে আমার জন্ম সনদের ঠিকানা ভিন্ন এইটা নিয়ে কি করতে হবে,differentAddresses
নতুন ভোটারের আবেদন করার সময় জন্ম সনদে যদি ঠিকানা বা এড্রেস ভিন্ন হয়,differentAddresses
পিতার ঠিকানা আমার থেকে আলাদা,differentAddresses
পিতার ঠিকানা আর আমার ঠিকানা ভিন্ন,differentAddresses
পিতার ঠিকানা আলাদা,differentAddresses
বাবার ঠিকানা ও আমার ঠিকানা আলাদা,differentAddresses
যদি আমার জন্ম নিবন্ধন এবং এসএসসি সনদে তথ্যগত পার্থক্য থাকে,differentAddresses
যেখানে জন্ম নিবন্ধন অন্য ঠিকানায়,differentAddresses
এনআইডি করতে কোন কোন দেশের জন্য দ্বৈত নাগরিকত্ব লাগবে না,dualCitizenship
এনআইডি করতে গেলে কি দ্বৈত নাগরিকত্ব দরকার,dualCitizenship
এনআইডি কার্ড করতে কোন দেশের জন্য আলাদা দ্বৈত নাগরিকত্ব সনদ লাগবে না,dualCitizenship
এনআইডি কার্ড করার জন্য কি দ্বৈত নাগরিকত্ব প্রয়োজন হয়,dualCitizenship
এনআইডি কার্ড নিতে দ্বৈত নাগরিকত্ব কি বাধ্যতামূলক,dualCitizenship
এনআইডি কার্ড পেতে কি দ্বৈত নাগরিকত্ব লাগবে,dualCitizenship
এনআইডি কার্ড পেতে কোন কোন দেশের জন্য দ্বৈত নাগরিকত্ব সনদের প্রয়োজন হয় না,dualCitizenship
এনআইডি কার্ড বানানোর সময় দ্বৈত নাগরিকত্বের প্রয়োজন আছে কি,dualCitizenship
এনআইডি কার্ডের জন্য কোন দেশের ক্ষেত্রে দ্বৈত নাগরিকত্ব প্রয়োজন হয় না,dualCitizenship
এনআইডি পেতে কি দ্বৈত নাগরিকত্ব থাকা জরুরি,dualCitizenship
এনআইডি পেতে কোন দেশের নাগরিকদের দ্বৈত নাগরিকত্ব সনদ লাগবে না,dualCitizenship
এনআইডি বানাতে কি দ্বৈত নাগরিকত্ব থাকতে হবে,dualCitizenship
এনআইডি রেজিস্ট্রেশনের জন্য কি দ্বৈত নাগরিকত্ব আবশ্যক,dualCitizenship
কোন কোন দেশের নাগরিকরা দ্বৈত নাগরিকত্ব ছাড়াই এনআইডি করতে পারবেন,dualCitizenship
কোন দেশের নাগরিকরা দ্বৈত নাগরিকত্ব ছাড়া এনআইডি পেতে পারেন,dualCitizenship
কোন মন্ত্রণালয় দ্বৈত নাগরিকত্ব সনদ প্রদান করে,dualCitizenship
দ্বৈত নাগরিকত্ব ছাড়া এনআইডি কার্ড পাওয়া যাবে না,dualCitizenship
দ্বৈত নাগরিকত্ব ছাড়াই এনআইডি কার্ড পেতে কাদের সুযোগ আছে,dualCitizenship
দ্বৈত নাগরিকত্ব সনদ কে ইস্যু করে,dualCitizenship
দ্বৈত নাগরিকত্ব সনদ কোন অফিস থেকে ইস্যু হয়,dualCitizenship
দ্বৈত নাগরিকত্ব সনদ কোন মন্ত্রণালয় দিয়ে থাকে,dualCitizenship
দ্বৈত নাগরিকত্ব সনদ নিতে কাদের কাছে আবেদন করতে হবে,dualCitizenship
দ্বৈত নাগরিকত্ব সনদ বিষয়ে কার সাথে যোগাযোগ করা যেতে পারে,dualCitizenship
দ্বৈত নাগরিকত্ব সনদ সংক্রান্ত তথ্যের জন্য কাদের সাথে যোগাযোগ করবো,dualCitizenship
দ্বৈত নাগরিকত্ব সনদ সম্পর্কে জানতে কার সাথে যোগাযোগ করতে হবে,dualCitizenship
দ্বৈত নাগরিকত্ব সনদের জন্য কোথায় যোগাযোগ করতে হবে,dualCitizenship
দ্বৈত নাগরিকত্ব সনদের ব্যাপারে কার কাছে যোগাযোগ করবো,dualCitizenship
দ্বৈত নাগরিকত্ব সনদের ব্যাপারে কোন অফিসে যেতে হবে,dualCitizenship
দ্বৈত নাগরিকত্ব সার্টিফিকেট ইস্যুর দায়িত্বে কে থাকে,dualCitizenship
দ্বৈত নাগরিকত্ব সার্টিফিকেট কোথা থেকে পাওয়া যাবে,dualCitizenship
দ্বৈত নাগরিকত্ব সার্টিফিকেট পেতে কাদের সাথে কথা বলতে হবে,dualCitizenship
দ্বৈত নাগরিকত্বের জন্য কোথায় আবেদন করতে হয়,dualCitizenship
দ্বৈত নাগরিকত্বের জন্য কোন মন্ত্রণালয়ে যেতে হবে,dualCitizenship
দ্বৈত নাগরিকত্বের বিষয়ে কাদের কাছে যাবো,dualCitizenship
দ্বৈত নাগরিকত্বের সনদ কারা দেয়,dualCitizenship
আবেদন সাবমিট করে ফেলেছি,faceVerificationCompleted
আমার জাতীয় পরিচয়পত্রের জন্য বায়োমেট্রিক দিয়েছি কিন্তু এখন কি করণীয়,faceVerificationCompleted
আমার বায়োমেট্রিক জমা দেওয়া হয়েছে কানাডার দূতাবাসে,faceVerificationCompleted
আমার ভোটার স্থানান্তর অনুমোদিত হলেও তথ্য আপডেট না হলে কি করতে হবে,faceVerificationCompleted
আমার ভোটার স্থানান্তর অনুমোদিত হলো,faceVerificationCompleted
আমার ভোটার স্থানান্তর হয়ে গেছে,faceVerificationCompleted
আমার ভোটার স্থানান্তরের জন্য অনুমোদন পেয়েছি,faceVerificationCompleted
আমি অস্ট্রেলিয়ার হাইকমিশনে বায়োমেট্রিক দিয়েছি,faceVerificationCompleted
আমি আমার কার্ডের জন্য বায়োমেট্রিক সাবমিট করেছি,faceVerificationCompleted
আমি আমার জাতীয় পরিচয়পত্রের জন্য বায়োমেট্রিক দিয়েছি,faceVerificationCompleted
আমি আমার বায়োমেট্রিক তথ্য দূতাবাসে দিয়েছি,faceVerificationCompleted
আমি আমেরিকার দূতাবাসে বায়োমেট্রিক দিয়েছি,faceVerificationCompleted
আমি ইতিমধ্যে ফ্রান্সের দূতাবাসে বায়োমেট্রিক তথ্য জমা দিয়েছি,faceVerificationCompleted
আমি এনআইডি কার্ডের জন্য বায়োমেট্রিক দিয়েছি,faceVerificationCompleted
আমি কনস্যুলেটে বায়োমেট্রিক জমা দিয়েছি,faceVerificationCompleted
আমি কার্ডের জন্য বায়োমেট্রিক দিয়েছি,faceVerificationCompleted
আমি জার্মানির দূতাবাসে বায়োমেট্রিক দিয়েছি,faceVerificationCompleted
আমি ফেস এর ভেরিফিকেশন সফলভাবে করেছি,faceVerificationCompleted
আমি ভোটার স্থানান্তর করেছি,faceVerificationCompleted
আমি ভোটার স্থানান্তর করেছি এখন কি রি-ইস্যুর কাজ করবো,faceVerificationCompleted
আমি মালয়েশিয়ার কনস্যুলেটে বায়োমেট্রিক দিয়েছি,faceVerificationCompleted
আমি মুখ এর ভেরিফিকেশন ওয়ালেট অ্যাপ্লিকেশন এ শেষ করেছি,faceVerificationCompleted
আমি লন্ডনের হাইকমিশনে বায়োমেট্রিক প্রদান করেছি,faceVerificationCompleted
আমি সিঙ্গাপুরের হাইকমিশনে বায়োমেট্রিক সাবমিশন করেছি,faceVerificationCompleted
এনআইডি ওয়ালেট এ ফেস ভেরিফিকেশন সম্পন্ন হয়েছে,faceVerificationCompleted
এনআইডি ওয়ালেট এপ এ ফেস ভেরিফিকেশন সম্পন্ন হয়েছে,faceVerificationCompleted
এপ্লিকেশন জমা দিয়ে দিয়েছি,faceVerificationCompleted
এম্বাসীতে বায়োমেট্রিক প্রদান করেছি,faceVerificationCompleted
কার্ডের জন্য বায়োমেট্রিক দিয়েছি কিন্তু এখন কি করতে হবে,faceVerificationCompleted
চাকরি পরিবর্তন করেছি,faceVerificationCompleted
তথ্য সঠিক দিয়েছি,faceVerificationCompleted
দূতাবাসে বায়োমেট্রিক প্রদান করেছি,faceVerificationCompleted
ফেস ভেরিফিকেশন শেষ হবার পর আটায় আছে,faceVerificationCompleted
বাংলাদেশের এনআইডি কার্ডের জন্য বায়োমেট্রিক দিয়েছি এখন কি করবো,faceVerificationCompleted
বাড়ি বদল করেছি,faceVerificationCompleted
বাসা বদল করেছি,faceVerificationCompleted
বাসা বদলে গেছি,faceVerificationCompleted
বায়োমেট্রিক্স দেওয়ার জন্য এসএমএস পেয়েছি,faceVerificationCompleted
ভোটার ট্রান্সফার প্রসেসে আছে,faceVerificationCompleted
ভোটার ঠিকানা ট্রান্সফার চলছে,faceVerificationCompleted
ভোটার ঠিকানা ট্রান্সফার রিকোয়েস্ট চলমান,faceVerificationCompleted
ভোটার স্থানান্তর এখনও কমপ্লিট হয়নি,faceVerificationCompleted
ভোটার স্থানান্তর করে ফেলেছি,faceVerificationCompleted
ভোটার স্থানান্তর করেছি,faceVerificationCompleted
ভোটার স্থানান্তর পেন্ডিং অবস্থায় কি সংশোধন করা যাবে,faceVerificationCompleted
ভোটার স্থানান্তর শেষ হয়েছে,faceVerificationCompleted
ভোটার স্থানান্তরের অনুমোদন পাওয়া গেছে,faceVerificationCompleted
ভোটার স্থানান্তরের আবেদন অনুমোদন পেয়েছে,faceVerificationCompleted
ভোটার স্থানান্তরের আবেদন অনুমোদিত হলে,faceVerificationCompleted
ভোটার স্থানান্তরের আবেদন অনুমোদিত হলেও,faceVerificationCompleted
ভোটার স্থানান্তরের আবেদন করেছিলাম,faceVerificationCompleted
ভোটার স্থানান্তরের আবেদন চলামান রয়েছে,faceVerificationCompleted
ভোটার স্থানান্তরের আবেদন প্রক্রিয়াধীন,faceVerificationCompleted
ভোটার স্থানান্তরের আবেদন সফল হয়েছে,faceVerificationCompleted
ভোটার স্থানান্তরের কাজ চলাকালীন সময়ে সংশোধন করা যাবে কি,faceVerificationCompleted
ভোটার স্থানান্তরের জন্য আবেদন করেছি তো,faceVerificationCompleted
ভোটার স্থানান্তরের প্রসেস চলছে,faceVerificationCompleted
অনলাইনে আবেদনের ফর্ম প্রিন্ট করার সময় ফন্টে গন্ডগোল হচ্ছে,formPrintIssues
অনলাইনে ভোটার নিবন্ধনের ফর্ম প্রিন্ট করার পর ফন্টে সমস্যা হচ্ছে,formPrintIssues
আজকাল ফিঙ্গারপ্রিন্ট আপডেট করেও পেন্ডিং,formPrintIssues
আপডেট করে দিয়েছি ফিঙ্গারপ্রিন্ট কিন্তু এখনো পেন্ডিং,formPrintIssues
আমি নতুন ভোটারের ফর্ম প্রিন্ট করতে গিয়ে ফন্ট ভেঙ্গে যাচ্ছে,formPrintIssues
কোন কোন কারণে ডিজিটাল কার্ডের প্রিন্ট বিলম্বিত হতে পারে,formPrintIssues
নতুন ভোটার নিবন্ধন ফর্ম প্রিন্ট করার পর ফন্ট সমস্যা হলে কি করবো,formPrintIssues
নতুন ভোটার নিবন্ধনের জন্য ফর্মটা প্রিন্ট করলে ফন্ট ভাঙছে,formPrintIssues
নতুন ভোটারের জন্য অনলাইনে আবেদন করেছি কিন্তু ফর্মটি প্রিন্ট করলে ফন্ট ভেঙ্গে যাচ্ছে। কি করণীয়,formPrintIssues
নতুন ভোটারের জন্য ফর্ম প্রিন্ট করতে গেলে ফন্ট ভাঙছে,formPrintIssues
নতুন ভোটারের জন্য ফর্ম প্রিন্ট করে ফন্ট ভেঙ্গে যাচ্ছে,formPrintIssues
নতুন ভোটারের ফর্ম প্রিন্ট করতে গিয়ে ফন্ট ভেঙ্গে যাচ্ছে,formPrintIssues
ফর্ম ডাউনলোড করে প্রিন্ট করেছি কিন্তু ফন্টে সমস্যা দেখছি,formPrintIssues
ফর্মটি প্রিন্ট করার সময় ফন্টের সমস্যা হচ্ছে,formPrintIssues
ফিঙ্গারপ্রিন্ট আপডেট করতে অনেক দিন হয়েছে,formPrintIssues
ফিঙ্গারপ্রিন্ট আপডেট করতে দিয়ে ধীর্ঘদিন হলো কিন্তু এখনো হচ্ছে না বা এডজুডিকেশন পেন্ডিংঅবস্থায় আছে। কি করণীয়,formPrintIssues
ফিঙ্গারপ্রিন্ট আপডেট করতে দিয়ে ধীর্ঘদিন হলো কিন্তু এখনো হচ্ছে না বা এডজুডিকেশন পেন্ডিংঅবস্থায় আছে। কি করনীয়,formPrintIssues
ফিঙ্গারপ্রিন্ট আপডেট করার পরেও এডজুডিকেশন পেন্ডিং,formPrintIssues
ফিঙ্গারপ্রিন্ট আপডেট করে এখনো এডজুডিকেশন পেন্ডিং,formPrintIssues
ফিঙ্গারপ্রিন্ট আপডেট করে কাজ হচ্ছে না,formPrintIssues
ফিঙ্গারপ্রিন্ট আপডেট করে কিন্তু কাজ এগোচ্ছে না,formPrintIssues
ফিঙ্গারপ্রিন্ট আপডেট করে কিন্তু কোনো আপডেট নেই,formPrintIssues
ফিঙ্গারপ্রিন্ট আপডেট করে দিন কতক গেছে,formPrintIssues
ফিঙ্গারপ্রিন্ট আপডেট করে বহুদিন হয়ে গেছে,formPrintIssues
ফিঙ্গারপ্রিন্ট আপডেট করে বার বার পেন্ডিং দেখাচ্ছে,formPrintIssues
ফিঙ্গারপ্রিন্ট আপডেট করেও পেন্ডিং অবস্থায় আছি,formPrintIssues
ফিঙ্গারপ্রিন্ট আপডেট হয়ে এখনো পেন্ডিং অবস্থায় আছ,formPrintIssues
ফিঙ্গারপ্রিন্ট আপডেটের পরেও অবস্থা অপরিবর্তিত,formPrintIssues
ফিঙ্গারপ্রিন্ট আপডেটের পরেও কিছু হচ্ছে না। কি করণীয়,formPrintIssues
ফিঙ্গারপ্রিন্ট আপডেটের পরেও কেনো পেন্ডিং,formPrintIssues
ফিঙ্গারপ্রিন্ট আপডেটের পরেও কেনো পেন্ডিং আছে,formPrintIssues
ফিঙ্গারপ্রিন্ট দিলে আমার মোবাইলের সিমে তথ্য আসেনা,formPrintIssues
ফিঙ্গারপ্রিন্ট দিলে তথ্য আনতে সমস্যা হচ্ছে,formPrintIssues
ফিঙ্গারপ্রিন্ট দিয়ে একাউন্ট ভেরিফাই করতে সমস্যা হচ্ছে,formPrintIssues
ফিঙ্গারপ্রিন্ট দিয়ে তথ্য আসছে না,formPrintIssues
ফিঙ্গারপ্রিন্ট দিয়ে তথ্য খুঁজতে সমস্যা হচ্ছে,formPrintIssues
ফিঙ্গারপ্রিন্ট দিয়ে তথ্য পাওয়া যাচ্ছে না,formPrintIssues
ফিঙ্গারপ্রিন্ট দিয়ে তথ্য যাচাইয়ের সময় সমস্যা হচ্ছে,formPrintIssues
ফিঙ্গারপ্রিন্ট দিয়ে সিম কিনতে সমস্যা হচ্ছে,formPrintIssues
ফিঙ্গারপ্রিন্ট দিয়ে সিম বা অন্যান্য ক্ষেত্রে তথ্য আসছে না। কি করা উচিত,formPrintIssues
ফিঙ্গারপ্রিন্ট দিয়ে সিম বা একাউন্ট ভেরিফাই করতে সমস্যা হলে কি করণীয়,formPrintIssues
ফিঙ্গারপ্রিন্ট দেওয়ার পরও সিমে তথ্য না আসলে কি করতে হবে,formPrintIssues
ফিঙ্গারপ্রিন্ট দেয়া সত্ত্বেও তথ্য না আসলে কি করণীয়,formPrintIssues
ফিঙ্গারপ্রিন্টের সমস্যা হলে কি সমাধান করা যায়,formPrintIssues
মোবাইলের সিম বা অন্যান্য ক্ষেত্রে ফিঙ্গারপ্রিন্ট দিলে আমার তথ্য আসেনা। কি করনীয়,formPrintIssues
ম্যাচ ফাউন্ড দেখানোর পর আমি কি করণীয়,generalQueries
অনলাইন আইডি তৈরির পর কিউআর কোড এসেছে,generalQueries
অনলাইনে এনআইডি একাউন্ট তৈরী করার পর একটি QR Code এসেছে,generalQueries
অনলাইনে এনআইডি একাউন্ট তৈরী করার পর একটি কিউআর কোড এসেছে,generalQueries
অবস্থা জানতে একশত পাঁচ এ ফোন করলাম,generalQueries
আগে রেজিষ্ট্রেশন করা হলে সাইন ইন করতে চাচ্ছি,generalQueries
আন্তিল নেক্সট টাইম,generalQueries
আপনার উত্তর কোথায়,generalQueries
আপনার থেকে কি তথ্য পাওয়া যাবে,generalQueries
আপনার মাধ্যমে কি কি তথ্য পাওয়া যাবে,generalQueries
আপনার সুপারভাইজারের সাথে কথা বলতে চাই,generalQueries
আপনার সেবা সম্পর্কে বলুন।,generalQueries
আপনি কি আরও কিছু জানাতে চান,generalQueries
আপনি কি সরকারী প্রতিনিধি,generalQueries
আপনি কি সাহায্য করতে পারবেন আরও,generalQueries
আপনি কীভাবে সাহায্য করতে পারেন,generalQueries
আমার একই মোবাইল নাম্বার দিয়ে ভোটার রেজিস্ট্রেশন কতবার করা যাবে,generalQueries
আমার একটা জরুরি প্রশ্ন আছে,generalQueries
আমার মোবাইল (019XXXXXXXX) নাম্বার দিয়ে ভোটার কার্ড নিবন্ধন কতবার করা যাবে,generalQueries
আমি একজন এজেন্টের সাথে কথা বলবো,generalQueries
আমি একজন কল সেন্টার এজেন্ট এর সাথে কথা বলতে চাই,generalQueries
আমি একজন লাইভ এজেন্ট এর সাথে কথা বলতে চাই,generalQueries
আমি একশত পাঁচ এ ফোন করে আবেদনের অবস্থা জানলাম,generalQueries
আমি কল সেন্টারে কথা বলতে চাই,generalQueries
আমি কিউআর দিয়ে কী করব এনআইডি প্রক্রিয়ায়,generalQueries
আমি কীভাবে সাহায্য পেতে পারি,generalQueries
আমি কোন ধরনের তথ্য জানতে পারবো,generalQueries
আমি জাতীয় পরিচয়পত্র করতে চাই,generalQueries
আর কোনো তথ্য জানার আছে,generalQueries
এআই না এজেন্টের সাথে কথা বলতে চাই,generalQueries
এই বিষয়ে একজন এক্সপার্টের সাথে কথা বলা দরকার,generalQueries
একই মোবাইল নম্বর দিয়ে কি দশবার (XX বার) ভোটার নিবন্ধন করা যাবে,generalQueries
একজন এজেন্টকে দিন,generalQueries
একজন বাস্তব এজেন্টের সাথে কথা বলতে চাই,generalQueries
একটা কিউ আর পেয়েছি একাউন্ট ক্রিয়েট এর পর কীভাবে এটি ব্যবহার করবো,generalQueries
একটা ফোন দিয়ে কতবার ভোটার নিবন্ধন করতে পারি,generalQueries
একটা মোবাইল নাম্বার দিয়ে কতবার registration করতে পারি,generalQueries
একটা মোবাইলই আছে আমার বাসায় মেম্বার চার জন,generalQueries
একটি ফোন নম্বর দিয়ে কতবার রেজিষ্ট্রেশন করতে পারবো,generalQueries
একটি মোবাইল নম্বর দিয়ে আমি কতবার রেজিস্ট্রেশন করতে পারি,generalQueries
একটি মোবাইল নম্বর দিয়ে কতবার রেজিষ্ট্রেশন করতে পারবো,generalQueries
একশ পাঁচ এ ফোন করার পর বলা হলো উপজেলা অফিসে যোগাযোগ করতে,generalQueries
একাউন্ট তৈরির সময় কিউআর কোড এসেছে,generalQueries
এখন নয় চাপলে প্রতিনিধির সাহায্য পাওয়া যাবে।,generalQueries
এখানে আমি কীভাবে সাহায্য পাব,generalQueries
এখানে কী ধরনের সেবা পাওয়া যায়,generalQueries
এছাড়া অন্য কোন উপায় আছে কি,generalQueries
এজেন্ট এর কাছে দেন,generalQueries
এটা কি এনআইডি সংক্রান্ত সেবা,generalQueries
এটা কি জাতীয় পরিচয়পত্র সার্ভিস,generalQueries
এনআইডি একাউন্ট করলে যে কিউআর কোড আসে তা কেন দেওয়া হয়,generalQueries
এনআইডি একাউন্ট তৈরি করার পর একটি কিউ আর দেখাচ্ছে,generalQueries
এনআইডি কারেকশন করবো,generalQueries
এসএসসি সনদ চেয়েছে,generalQueries
এসএসসি সনদ চেয়েছে,generalQueries
এসএসসি সনদ জমা দিতে বলা হয়েছে,generalQueries
ওটিপি আসতে কি পরিমান টাইম লাগে,generalQueries
ওয়ান জিরো ফাইভ কল করে আমি আবেদনের স্ট্যাটাস জানতে পেরেছি,generalQueries
কলটা কেটে দেন,generalQueries
কাস্টমার কেয়ার এ কানেক্ট করুন,generalQueries
কি চেয়ারম্যানের সই লাগবে,generalQueries
কিউ আর কোড আসছে এইটা কি দিয়া স্ক্যান করতে কি হবে,generalQueries
কিউআর কোড এর ব্যবহার নিয়ে নির্দেশনা কী,generalQueries
কিউআর কোড দিয়ে কি করতে কি হবে,generalQueries
কিউআর কোড পাওয়ার পর কি ধাপ নেওয়া উচিত,generalQueries
কিপ ইন টাচ,generalQueries
ক্যাচ ইউ লেটার,generalQueries
টেকনিক্যাল টিমের কারো সাথে কথা বলতে চাই,generalQueries
তুমি কি ফোন করতে পারো,generalQueries
তোমার মোবাইল নাম্বার দিবা,generalQueries
নতুন একাউন্ট তৈরির পর কিউআর কোড পেয়েছি,generalQueries
নতুন সিগনেচার আপডটে করতে হলে আমাকে কি কি করতে হবে,generalQueries
নিজ নামে ইউটিলিটি বিল (পানি,generalQueries
নির্দিষ্ট সময়ের বাইরে কথা বলতে চাইলে নয় চেপে কল করুন।,generalQueries
নির্দিষ্ট সময়ের বাইরে নয় চাপলে প্রতিনিধির সাথে সংযোগ হবে।,generalQueries
নির্ধারিত সময়ের বাইরে নয় চেপে প্রতিনিধি সংযোগ করুন।,generalQueries
নয় চাপলে প্রতিনিধি আপনাকে সাহায্য করবেন।,generalQueries
প্রতিনিধির সাথে কথা বলতে চাইলে নয় চেপে অপেক্ষা করুন।,generalQueries
প্রয়োজনে আবার যোগাযোগ করুন।,generalQueries
লাইনে প্রবলেম ছিল,generalQueries
সকাল আটটার পূর্বে বা রাত আটটার পরে নয় চাপুন।,generalQueries
সকাল আটটার আগে অথবা রাত আটটার পরে নয় চাপুন প্রতিনিধি সংযোগের জন্য।,generalQueries
সরাসরি প্রতিনিধিকে কলটি স্থানান্তরের ক্ষেত্রে সকাল আটটার পূর্বে এবং রাত আটটার পরে নয় চেপে প্রতিনিধির সাথে কথা বলতে চাইলে উত্তর কি হবে,generalQueries
সাপোর্ট টিমের কারো সাথে কথা বলতে চাই,generalQueries
হেল্প ডেস্কে কানেক্ট করুন,generalQueries
আটটার আগে বা পরে কথা বলতে চাইলে নয় চাপুন।,generalQueries
অনেক আগে কার্ড এ লগইন করেছি,matchFoundErrors
আইডি কার্ড দেখে লাগতেছে এইটাতে আরেকজন এর ছবি,matchFoundErrors
আগের আইডি কার্ডে অ্যানআইডি নম্বর ছিল বেশি,matchFoundErrors
আগের ন্যাশনাল আইডি কার্ডে হাজবেন্ড নাম ছিল,matchFoundErrors
আজকাল এনআইডি ম্যাচ ফাউন্ড হয়েছে হওয়ায় আমার ভোটার কার্ড যাচাইয়ে সমস্যা হচ্ছে,matchFoundErrors
আমার আগের কার্ডে হাজবেন্ড এর নাম ছিল,matchFoundErrors
আমার এনআইডি ম্যাচ ফাউন্ড হয়েছে বা এনআইডি MATCH FOUND হয়ে গেছে,matchFoundErrors
আমার এনআইডিতে অন্য কারো তথ্য এসেছে,matchFoundErrors
আমার এলাকায় কার্ড বিতরণ হয়েছে,matchFoundErrors
আমার এলাকায় সবাই কার্ড পেয়েছে,matchFoundErrors
আমার কার্ড এ বউ এর নাম এ স্পেলিং মিস্টেক আছে কি করব,matchFoundErrors
আমার কার্ড এর আরেক লোক এর তথ্য আসছে,matchFoundErrors
আমার কার্ড খোয়া গেছে এবং কোন তথ্যও নেই,matchFoundErrors
আমার কার্ড তালা লেগে গেছে,matchFoundErrors
আমার কার্ড মাইর গেছে,matchFoundErrors
আমার কার্ডটা কয়েবার ঠিক করা যাইবো,matchFoundErrors
আমার কার্ডে আরকেজন এর নাম চলে আসছে,matchFoundErrors
আমার কার্ডে স্বাক্ষর টা আগের,matchFoundErrors
আমার জন্ম জুলাই মাসে কার্ডে আগস্ট আসছে কিভাবে ঠিক করা যায় এটা,matchFoundErrors
আমার জন্মসাল রিলেটে ইনফরমেশন এ প্রব্লেম হইছে কার্ডে কি করতে পারি এখন,matchFoundErrors
আমার পুরোনো কার্ডে জামাইর নাম ছিল,matchFoundErrors
আমার বার্থ সার্টিফিকেট আর এসএসসি সার্টিফিকেটে তথ্য মেলেনা,matchFoundErrors
আমার বার্থ সার্টিফিকেট আর সার্টিফিকেটে এর তথ্য মেলেনা,matchFoundErrors
আমার বয়স দুইরকম কার্ডে আর সনদ এ,matchFoundErrors
আমার ভোটার কার্ডে ফোন নম্বরটা দেওয়া লেখা হয়েছে,matchFoundErrors
আমার মুখ কার্ডে ঘোলা আসছে কি করতে পারি এখন,matchFoundErrors
আমার সার্টিফিকেট আর কার্ডের বয়স দুইরকম এইটা কেমন ঠিক করাবো,matchFoundErrors
আমার স্মার্ট বা নতুন ডিজিটাল কার্ডে হাবির নাম কেন নেই যখন আগের কার্ডে আছে,matchFoundErrors
আমার হাজবেনড নেইম এর স্পেলিং মিস্টেক আছে কার্ডে কি করব,matchFoundErrors
আমি এসএসসি দিইনি তবে আমার কাছে কার্ড এর জন্য এসএসসি এর সনদ চাইছে কি করবো,matchFoundErrors
আমি দশ ডিজিট আইডি কার্ড পেয়েছি,matchFoundErrors
আরকেজন এর কার্ড এর লেখা আমার কার্ড এ চইলা আসছে,matchFoundErrors
আরকেজন কার্ড এর তথ্য ছাপা হইছে আমার কার্ড এ,matchFoundErrors
এনআইডি MATCH FOUND বা এনআইডি ম্যাচ ফাউন্ড হয়েছে হয়ে গেছে,matchFoundErrors
এম্বাসিতে কার্ডের আবেদন করেছি,matchFoundErrors
এসএসসি না পাশ করেই আমি শিক্ষাগত যোগ্যতা হিসেবে এসএসসি দেখিয়েছি,matchFoundErrors
কাগজের আইডি কার্ডে হাজবেন্ড এর নাম ছিলো,matchFoundErrors
কার্ড এ আরেক লোক এর তথ্য আসছে,matchFoundErrors
কার্ড এর এক সাইড এ আমার তথ্য আসছে,matchFoundErrors
কার্ড এর তথ্য দেখতে গিয়ে সমস্যা হচ্ছে,matchFoundErrors
কার্ড ঠিক করতে দিছি অনেক দিন আগে,matchFoundErrors
কার্ডে অন্যের তথ্য দেখাচ্ছে,matchFoundErrors
কার্ডে আমার মুখ কালো আসছে এখন এইটা ঠিক করাতে পারব,matchFoundErrors
কার্ডে আরকেজন এর তথ্য প্রিন্ট হয়ে গেছে যা বুঝতেছি কীভাবে ঠিক করা যাবে,matchFoundErrors
কার্ডে আরেকজন এর কিন্তু ইনফরমেশন প্রিন্ট হয়ে গেছে,matchFoundErrors
কার্ডে পিকচার টা ব্লার আসছে কিভাবে ঠিক করবো,matchFoundErrors
কার্ডে সামনের পার্ট টায় আমার তথ্য আসছে,matchFoundErrors
কার্ডের তথ্য আপডেট করে ডাউনলোড করলাম কিন্তু কেন ওল্ড ইনফরমেশন ই দেখাচ্ছে,matchFoundErrors
দশ ডিজিট আইডি কার্ড পেয়ে পিন পরিবর্তনে সমস্যা হচ্ছে,matchFoundErrors
পাশ না করেই আমি আমার কার্ডে বেশি শিক্ষাগত যোগ্যতা দিয়েছি,matchFoundErrors
পাশ না করেও আমার কার্ডে এসএসসি বা তদুর্ধ্ব শিক্ষাগত যোগ্যতা দেখানো হয়েছে,matchFoundErrors
পাসপোর্টের ডেট ওভার হয়ে গেছে,matchFoundErrors
পাসপোর্টের মেয়াদ শেষ,matchFoundErrors
পুরাতন জন্ম সনদ আছে,matchFoundErrors
পুরানো আইডি কার্ডে তেরো টা নম্বর ছিল এনআইডি নম্বর এ,matchFoundErrors
পুরানো আইডি কার্ডের নম্বরের বদলে এখন দশ ডিজিট আইডি কার্ড আছে,matchFoundErrors
পুরানো কার্ডটি খুঁজে পেয়েছি,matchFoundErrors
পুরানো জন্ম সনদ আছে,matchFoundErrors
পুরানো বার্থ সার্টিফিকেট সনদ জমা দিতে হবে,matchFoundErrors
পূর্ববর্তী কাগজের আইডি কার্ডে বাচ্চার বাবার নাম ছিল,matchFoundErrors
বিকাশ একাউন্ট খুলছি পুরানো আইডি কার্ডের কপি ও নম্বর দিয়েছিলাম,matchFoundErrors
ভুলবশতঃ আমার শিক্ষাগত যোগ্যতা এসএসসি বা তার বেশি দেখা যাচ্ছে,matchFoundErrors
মোবাইল ব্যাংকিং একাউন্ট খুলতে পুরানো আইডি কার্ডের কপি ও নম্বর দিয়েছিলাম,matchFoundErrors
লাগতেছে আমারকার্ডে অন্যের তথ্য এসেছে,matchFoundErrors
সিম কিনতে পুরানো আইডি কার্ডের কপি ও নম্বর দিয়েছিলাম,matchFoundErrors
সিম রেজিস্ট্রেশন করতে আগের সতেরো ডিজিট আইডি কার্ডের নম্বর দিয়েছিলাম,matchFoundErrors
অ্যান্ড্রয়েড ছাড়া এনআইডি ওয়ালেট ইনস্টল করার বিকল্প আছে কি,mobileAppIssues
অ্যান্ড্রয়েড না থাকলে এনআইডি ওয়ালেট কীভাবে অ্যাক্সেস করবো,mobileAppIssues
অ্যান্ড্রয়েড ফোন ছাড়া এনআইডি ওয়ালেট ডাউনলোড করার কোনো উপায় আছে কি,mobileAppIssues
অ্যান্ড্রয়েড ফোন না থাকলে আইফোন দিয়ে এনআইডি ওয়ালেট কিভাবে ডাউনলোড করবো,mobileAppIssues
অ্যান্ড্রয়েড ফোন না থাকলে এনআইডি ওয়ালেট নেওয়ার উপায় কী,mobileAppIssues
অ্যান্ড্রয়েড ফোন নেই,mobileAppIssues
অ্যানআইডি এর এপ্লিকেশন টা পেতে হলে কোথায় যেতে হবে,mobileAppIssues
অ্যান্ড্রোয়েড ফোন ছাড়া অ্যাপটা পেতে কি করতে হবে,mobileAppIssues
অ্যান্ড্রোয়েড ফোন না থাকলে আমি কি এনআইডি ওয়ালেট এপ্লিকেশনটা কিভাবে নামাতে পারি,mobileAppIssues
অ্যাপেল এ এনআইডি ওয়ালেট অ্যাপ ডাউনলোড করব কীভাবে,mobileAppIssues
অ্যাপেল দিয়ে এনআইডি এপ টা ডাউনলোড কিভাবে করবো,mobileAppIssues
আই ফোন ব্যবহার করলে কার্ড এর অ্যাপ কোথায় পাব,mobileAppIssues
আইফোন ব্যবহার করে এনআইডি ওয়ালেট ইনস্টল করার উপায় কী,mobileAppIssues
আইফোনে ফোন ছাড়া এন আই ডি ওয়ালেট এপ ডাউনলোড করতে পারবো কী,mobileAppIssues
আমার অ্যান্ড্রয়েড ফোন নাই,mobileAppIssues
আমার অ্যান্ড্রয়েড ফোন নাই,mobileAppIssues
আমার অ্যান্ড্রোয়েড ডিভাইস না,mobileAppIssues
আমার অ্যান্ড্রোয়েড ফোন নাই,mobileAppIssues
আমার আইফোন আছে,mobileAppIssues
আমার কাছে অ্যান্ড্রোয়েড ফোন না থাকলে কার্ড এর আপটা কীভাবে ডাউনলোড করব,mobileAppIssues
আমার ফোন অ্যান্ড্রয়েড নয়,mobileAppIssues
আমার ফোন অ্যান্ড্রয়েড না,mobileAppIssues
আমি অ্যান্ড্রয়েড ফোন ব্যবহার করি না,mobileAppIssues
আমি আই ফোনে ব্যবহার করি,mobileAppIssues
আমি এন আই ডি ওয়ালেট এপ টা কই থেকে ডাউনলোড করতে পারব,mobileAppIssues
আমি এন আই ডি ওয়ালেট এপটা ডাউনলোড করতে পারছি না,mobileAppIssues
আমি এনআইডি এপ টা কোথা থেকে নামাইতে পারি,mobileAppIssues
আমি কার্ড এর অ্যাপ ডাউনলোড করতে পারছি না,mobileAppIssues
এন আই ডি ওয়ালেট কোথা থেকে ডাউনলোড করতে পারি,mobileAppIssues
এনআইডি ওয়ালেট অ্যাপ আইফোনে কিভাবে পাবো,mobileAppIssues
এনআইডি ওয়ালেট অ্যাপ কি আইফোনে পাওয়া যাবে,mobileAppIssues
এনআইডি ওয়ালেট অ্যাপ ডাউনলোড করতে পারছি না,mobileAppIssues
এনআইডি ওয়ালেট আইফোন এ কিভাবে ডাউনলোড করব,mobileAppIssues
এনআইডি ওয়ালেট এপ টার ডাউনলোড করার লিঙ্ক কোথায়,mobileAppIssues
এনআইডি ওয়ালেট এপ্লিকেশনটা ডাউনলোড না হলে আমি কী করব,mobileAppIssues
এনআইডি ওয়ালেট কোথায় পাবো,mobileAppIssues
এনআইডি ওয়ালেট কোথায় পাবো,mobileAppIssues
এনআইডি ওয়ালেট ডাউনলোড করতে পারছি না,mobileAppIssues
এনআইডি ওয়ালেট ডাউনলোড করতে পারছি না,mobileAppIssues
এনআইডি ওয়ালেট শুধু অ্যান্ড্রয়েড ফোনে চলে আমি কী করবো,mobileAppIssues
ওয়ালেট অ্যাপ কোথায় পাওয়া যাবে,mobileAppIssues
ওয়ালেট ডাউনলোড না হলে কি সমাধান আছে,mobileAppIssues
কার্ড এর আপ্লিকেশন টা ডাউনলোড করতে হবে কিভাবে,mobileAppIssues
কার্ড এর যেই অ্যাপস টা আছে সেটা নামাতে পারতেছি না কিভাবে কি করব,mobileAppIssues
মোবাইল দিয়ে পোর্টালে কোন আবেদনগুলো করা সম্ভব নয়,mobileAppIssues
মোবাইলে এ ওটিপি না আসলে কীভাবে সমস্যার সমাধান করবো,mobileAppIssues
আব্বার এনআইডি নম্বর চেঞ্জ জন্য কি কি প্রমাণপত্র জমা দিতে হবে,nameChangeProcess
আমার আম্মার এনআইডি নম্বর চেঞ্জ করতে চাই,nameChangeProcess
আমার আম্মুর এনআইডি নম্বর আপডেট করতে চাই,nameChangeProcess
আমার এনআইডি তে ফোন নম্বর পরিবর্তন করতে কি কি লাগে,nameChangeProcess
আমার টেক্স টিন নম্বর পরিবর্তন করা লাগবে যেটা ভোটার হওয়ার সময় দিয়েছিলাম।,nameChangeProcess
আমার পিতার জাতীয় পরিচয়পত্রের নম্বর বদল করতে হবে।,nameChangeProcess
আমার বাবা বা পিতা বা মাতা বা মা বা স্ত্রী এইরকম ব্যক্তির আইডি সংশোধনের জন্য কোন পদ্ধতি অনুসরণ করতে হবে,nameChangeProcess
আমার বাবার এনআইডি নম্বর পরিবর্তন করতে চাই।,nameChangeProcess
আমার বাবার জন্য নতুন এনআইডি নম্বর চাই।,nameChangeProcess
আমার বাবার জাতীয় আইডি কার্ডের নম্বর পরিবর্তন করতে হবে।,nameChangeProcess
আমার মা এর এনআইডি নম্বর আপডেট করতে চাই,nameChangeProcess
আমার মায়ের এনআইডি নম্বর বদলানোর জন্য কি কি কাগজ লাগবে,nameChangeProcess
আমার মায়ের জাতীয় পরিচয়পত্রের নম্বর সংশোধন করতে হবে।,nameChangeProcess
আমার মায়ের পরিচয়পত্রের নাম্বার কি করে পরিবর্তন করবো,nameChangeProcess
আমার মায়ের স্মার্ট কার্ড নম্বর পরিবর্তন করার প্রয়োজন।,nameChangeProcess
আমার সিগনেচার চেঞ্জ করা দরকার হইলে কিভাবে করব,nameChangeProcess
আমার স্ত্রীর এনআইডি কিভাবে চেঞ্জ করব,nameChangeProcess
আমার স্ত্রীর এনআইডি নম্বর চেঞ্জ করবার জন্য কি করতে হবে,nameChangeProcess
আমার স্ত্রীর জাতীয় পরিচয়পত্রের নম্বর সংশোধন করতে হবে।,nameChangeProcess
আমার স্ত্রীর পরিচয়পত্রের নাম্বার কি করে পরিবর্তন করবো,nameChangeProcess
আমার স্ত্রীর ভোটার আইডি নম্বর আপডেট করতে চাই।,nameChangeProcess
আমার স্ত্রীর স্মার্ট কার্ড নম্বর পরিবর্তন করার প্রয়োজন।,nameChangeProcess
আমার স্বামীর জাতীয় পরিচয়পত্রের নম্বর সংশোধন করতে হবে।,nameChangeProcess
আমার স্বামীর পরিচয়পত্রের নাম্বার কি করে সংশোধন করবো,nameChangeProcess
আমার স্বামীর স্মার্ট কার্ড নম্বর বদলাতে হবে।,nameChangeProcess
আমি আমার জন্ম সনদে নম্বর পরিবর্তন করতে চাই,nameChangeProcess
আমি আমার পেশা পরিবর্তন করতে চাই কিন্তু কিভাবে করতে পারি,nameChangeProcess
আমি আমার বাবার এনআইডি নম্বর উপডেট করতে চাই।,nameChangeProcess
আমি আমার বাবার ন্যাশনাল আইডেন্টিটি কার্ডের নম্বরটা বদল করতে পারি কি,nameChangeProcess
আমি আমার স্ত্রীর জাতীয় পরিচয়পত্র নাম্বার পরিবর্তন করতে চাই।,nameChangeProcess
আমি আমার স্ত্রীর ন্যাশনাল আইডি কার্ড নম্বর বদলাতে চাই।,nameChangeProcess
আমি কি স্বাক্ষর বদলাতে পারি,nameChangeProcess
আমি মা'র ন্যাশনাল আইডি কার্ড নম্বর বদলাতে চাই।,nameChangeProcess
আমি মায়ের জাতীয় পরিচয়পত্র নাম্বার পরিবর্তন করতে চাই।,nameChangeProcess
আমি স্ত্রীর জাতীয় পরিচয়পত্রের নাম্বার বদলাতে চাই কি করতে হবে,nameChangeProcess
আমি স্বামীর জাতীয় পরিচয়পত্র নাম্বার বদলাতে চাই।,nameChangeProcess
আমি স্বামীর ন্যাশনাল আইডি কার্ড নম্বর বদলাতে চাই।,nameChangeProcess
কীভাবে আমার স্বাক্ষর পরিবর্তন করতে পারি,nameChangeProcess
কীভাবে স্বাক্ষর বদলানো যায়,nameChangeProcess
জন্ম তারিখ পরিবর্তনের জন্য কী প্রক্রিয়া অনুসরণ করতে হবে,nameChangeProcess
জাতীয় পরিচয়পত্র নতুন করে করতে চাই,nameChangeProcess
জাতীয় পরিচয়পত্রে আমার বাবার নাম বদল করতে কি কি লাগবে,nameChangeProcess
জামাইর এনআইডি নম্বর পরিবর্তন এর উপায় কি,nameChangeProcess
পিতা বা মাতা বা স্বামী বা স্ত্রীর এনআইডি নম্বর পরিবর্তন করতে চাই।,nameChangeProcess
পিতার এনআইডি কার্ডের নম্বরটা বদলে দিতে চাই।,nameChangeProcess
পিতার এনআইডি নম্বর পরিবর্তন করতে চাই,nameChangeProcess
পিতার এনআইডি নম্বর পরিবর্তন করতে চাই।,nameChangeProcess
পিতার এনআইডি নম্বরে কি কোনো পরিবর্তন সম্ভব,nameChangeProcess
পিতার ন্যাশনাল আইডি নম্বর কি পরিবর্তন করা যাবে,nameChangeProcess
পিতার ন্যাশনাল পরিচয়পত্রের নম্বরটি কেমন করে বদলাবো,nameChangeProcess
বাবা মার এনআইডি নম্বরটা যে আমি ভোটার হিসেবে দিয়েছি সেটা কি এখন পরিবর্তন করা যাবে,nameChangeProcess
বাবার নামের সাথে এনআইডি নম্বর চেঞ্জ করতে চাই,nameChangeProcess
বার্থ নিবন্ধন নম্বর পরিবর্তন করার জন্য কি কি লাগবে,nameChangeProcess
ভোটার কার্ডে আমার ফোন নম্বর আপডেট করতে চাই,nameChangeProcess
ভোটার হওয়ার সময় প্রদত্ত জন্ম সনদ নম্বর পরিবর্তন করতে চাই।,nameChangeProcess
ভোটার হওয়ার সময় প্রদত্ত টিন নম্বর পরিবর্তন করতে চাই।,nameChangeProcess
ভোটার হওয়ার সময় প্রদত্ত পাসপোর্ট নম্বর পরিবর্তন করতে চাই।,nameChangeProcess
ভোটার হওয়ার সময় প্রদত্ত পিতা-মাতা-স্বামী-স্ত্রীর এনআইডি নম্বর পরিবর্তন করতে চাই।,nameChangeProcess
ভোটার হওয়ার সময় প্রদত্ত ফোন নম্বর পরিবর্তন করতে চাই।,nameChangeProcess
ভোটার হওয়ার সময় প্রদত্ত মোবাইল নম্বর পরিবর্তন করতে চাই।,nameChangeProcess
ভোটার হওয়ার সময় প্রদত্ত জন্ম সনদ নম্বর পরিবর্তন করতে চাই।,nameChangeProcess
ভোটার হওয়ার সময় প্রদত্ত পাসপোর্ট নম্বর পরিবর্তন করতে চাই।,nameChangeProcess
ভোটার হওয়ার সময় প্রদত্ত পিতা-মাতার এনআইডি নম্বর পরিবর্তন করতে চাই।,nameChangeProcess
ভোটার হওয়ার সময় প্রদত্ত ফোন নম্বর পরিবর্তন করতে চাই।,nameChangeProcess
ভোটার হওয়ার সময় প্রদত্ত মোবাইল নম্বর পরিবর্তন করতে চাই।,nameChangeProcess
ভোটার হওয়ার সময় প্রদত্ত স্বামী-স্ত্রীর এনআইডি নম্বর পরিবর্তন করতে চাই।,nameChangeProcess
মার ভোটার আইডি নম্বর আপডেট করতে চাই।,nameChangeProcess
মাতার এনআইডি নম্বর পরিবর্তন করতে চাই।,nameChangeProcess
মায়ের এনআইডি কার্ডের নম্বরে কি আমি পরিবর্তন করতে পারি,nameChangeProcess
মায়ের এনআইডি কার্ডের নাম্বার কি করে বদলাবো,nameChangeProcess
মায়ের জাতীয় পরিচয়পত্রের নাম্বার বদলাতে চাই কি করতে হবে,nameChangeProcess
স্ত্রীর এনআইডি কার্ডের নম্বরে কি আমি পরিবর্তন করতে পারি,nameChangeProcess
স্ত্রীর এনআইডি কার্ডের নাম্বার কি করে বদলাবো,nameChangeProcess
স্ত্রীর এনআইডি নম্বর আপডেট করতে চাই,nameChangeProcess
স্ত্রীর এনআইডি নম্বর পরিবর্তন করতে চাই।,nameChangeProcess
স্ত্রীর এনআইডি নম্বর পরিবর্তনের জন্য কি কি দলিল লাগবে,nameChangeProcess
স্বাক্ষর পরিবর্তন করতে চাই,nameChangeProcess
স্বাক্ষর পরিবর্তন করার জন্য আমাকে কী করতে হবে,nameChangeProcess
স্বামীর এনআইডি কার্ডের নম্বরে কি আমি পরিবর্তন করতে পারি,nameChangeProcess
স্বামীর এনআইডি কার্ডের নাম্বার পরিবর্তন করা যাবে কি করে,nameChangeProcess
স্বামীর এনআইডি নম্বর পরিবর্তন করতে চাই।,nameChangeProcess
স্বামীর এনআইডি নম্বর সংশোধন করতে কি লাগবে,nameChangeProcess
স্বামীর এনআইডি নম্বরে পরিবর্তন করতে চাচ্ছি কি করা লাগবে,nameChangeProcess
স্বামীর জাতীয় পরিচয়পত্রের নাম্বার কি করে পরিবর্তন করবো,nameChangeProcess
স্বামীর ভোটার আইডি নম্বর আপডেট করতে চাই।,nameChangeProcess
আইডি কার্ডে একাধিক স্ত্রী নাম লেখা যায় কি,nameCorrectionDocuments
আগের আইডি কার্ড স্বামীর নাম ছিলো,nameCorrectionDocuments
আগের আইডি কার্ডে স্বামীর নাম ছিল,nameCorrectionDocuments
আগের আইডি কার্ডে স্বামীর নাম ছিলো,nameCorrectionDocuments
আগের বা এনআইডি কার্ডের পুরনো সংস্করণে স্বামীর নাম ছিল,nameCorrectionDocuments
আমার আইডি কার্ডে দুইজন বউয়ের নাম যোগ করা যাবে কি,nameCorrectionDocuments
আমার এনআইডি কার্ডে একাধিক বউয়ের নাম যোগ করতে পারি কি,nameCorrectionDocuments
আমার ওয়াইফ এর নাম এনআইডি কার্ডে ঠিক করতে কি কি ডকুমেন্টস লাগবে,nameCorrectionDocuments
আমার জাতীয় পরিচয়পত্রে কয়জন বউয়ের নাম রাখতে পারি,nameCorrectionDocuments
আমার পিতার নাম জাতীয় পরিচয়পত্রে বদল করতে কি কি কাগজ লাগবে,nameCorrectionDocuments
আমার বউ এর নাম এনআইডিতে সংশোধন করতে কি কাগজপত্র দিতে হবে,nameCorrectionDocuments
আমার স্বামীর নাম এনআইডি কার্ডে সংশোধন করতে কি কি কাগজপত্র লাগবে,nameCorrectionDocuments
আমি আইডি কার্ডে স্বামীর নাম পেতে চাচ্ছি,nameCorrectionDocuments
আমি আমার স্বামীর নাম এনআইডি কার্ডে সংশোধন বা ঠিক করতে চাই,nameCorrectionDocuments
আমি জানতে চাই স্মার্ট কার্ডে স্বামীর নাম কেন নেই,nameCorrectionDocuments
আমি মুসলিম আমার বিয়ে ভেঙ্গে গেছে এখন স্বামীর নাম কার্ড থেকে কীভাবে বাদ দেওয়া যাবে,nameCorrectionDocuments
একটি এনআইডি কার্ডে কয়জন বউয়ের নাম রাখতে পারি,nameCorrectionDocuments
একটি কার্ড এ কয়জন স্ত্রীর নাম যুক্ত করা যায়,nameCorrectionDocuments
একটি কার্ডে কয়জ স্ত্রীর নাম থাকা যায়,nameCorrectionDocuments
এনআইডি কার্ডে একাধিক স্ত্রীর নাম সংযোজন করা যাবে কি,nameCorrectionDocuments
এনআইডি কার্ডে কতো স্ত্রীর নাম দেয়া যাবে,nameCorrectionDocuments
এনআইডি কার্ডে কতোজন স্ত্রীর নাম সংযোজন করা যাবে,nameCorrectionDocuments
এনআইডি কার্ডে জামাই এর নাম সংশোধন করার জন্য কি কি ডকুমেন্টস লাগবে,nameCorrectionDocuments
এনআইডি কার্ডে নিজ নাম সংশোধনের জন্য কি ডকুমেন্টস লাগবে,nameCorrectionDocuments
এনআইডি কার্ডে পিতা-মাতার নাম সংশোধনের জন্য কি ডকুমেন্টস লাগবে,nameCorrectionDocuments
এনআইডি কার্ডে পিতার নাম সংশোধনের জন্য কি ডকুমেন্টস লাগবে,nameCorrectionDocuments
এনআইডি কার্ডে পিতার নামের ভুল সংশোধন করতে কি সার্টিফিকেট বা কাগজপত্র লাগবে,nameCorrectionDocuments
এনআইডি কার্ডে বিয়ের পর স্বামীর নাম যোগ করার জন্য কি ডকুমেন্টস লাগবে,nameCorrectionDocuments
এনআইডি কার্ডে মা'র নাম বদলাতে কি কি কাগজপত্র লাগবে,nameCorrectionDocuments
এনআইডি কার্ডে মাতার নাম সংশোধনের জন্য কি ডকুমেন্টস লাগবে,nameCorrectionDocuments
এনআইডি কার্ডে মায়ের নাম সংশোধনে কোন কাগজপত্র লাগবে,nameCorrectionDocuments
এনআইডি কার্ডে স্ত্রীর নাম বদলাতে কি কি কাগজপত্র প্রয়োজন,nameCorrectionDocuments
এনআইডি কার্ডে স্ত্রীর নাম সংশোধনের জন্য কি কি ডকুমেন্টস লাগবে,nameCorrectionDocuments
এনআইডি কার্ডে স্ত্রীর নাম সংশোধনের জন্য কি ডকুমেন্টস লাগবে,nameCorrectionDocuments
এনআইডি কার্ডে স্বামী নাম যোগ করার জন্য কি কি কাগজপত্র লাগবে,nameCorrectionDocuments
এনআইডি কার্ডে স্বামী নাম সংশোধন করার জন্য কি কি কাগজপত্র প্রয়োজন,nameCorrectionDocuments
এনআইডি কার্ডে স্বামী নাম সংশোধনের কাগজপত্র কতকগুলো,nameCorrectionDocuments
এনআইডি কার্ডে স্বামী নাম সংশোধনের জন্য কি কি কাগজপত্র জমা দিতে হবে,nameCorrectionDocuments
এনআইডি কার্ডে স্বামীর নাম যোগ করতে কি কি কাগজপত্র লাগবে,nameCorrectionDocuments
এনআইডি কার্ডে স্বামীর নাম যোগ করার জন্য কি কি কাগজপত্র প্রয়োজন,nameCorrectionDocuments
এনআইডি কার্ডে স্বামীর নাম যোগ করার জন্য কি ডকুমেন্টস লাগবে,nameCorrectionDocuments
এনআইডি কার্ডে স্বামীর নাম সংশোধনের জন্য কি ডকুমেন্টস লাগবে,nameCorrectionDocuments
কার্ডে চারজন স্ত্রীর নাম লেখা যায়,nameCorrectionDocuments
কার্ডে স্বামীর নাম সংযুক্ত করতে কি কি ডকুমেন্টস লাগবে,nameCorrectionDocuments
কি করবো আমি যখন আমার এনআইডি কার্ড এর নাম বা ঠিকানা বা বাবার নাম বা স্ত্রীর নাম সংশোধনের জন্য আবেদন করেছি,nameCorrectionDocuments
কি কি কাগজপত্র লাগবে স্বামী নাম সংশোধনের জন্য এনআইডি কার্ডে,nameCorrectionDocuments
জাতীয় পরিচয়পত্রে মা'র নাম সংশোধন করতে কি কি ডকুমেন্টস লাগবে,nameCorrectionDocuments
জাতীয় পরিচয়পত্রে মা'র নামের বানান সংশোধন করতে কোন কাগজপত্র প্রয়োজন,nameCorrectionDocuments
জাতীয় আইডি কার্ডে স্বামী নাম সংশোধনে কি কি কাগজপত্র প্রয়োজন,nameCorrectionDocuments
জাতীয় আইডি কার্ডে স্বামী নাম সংশোধনে কি কি ডকুমেন্টস জমা দিতে হবে,nameCorrectionDocuments
জাতীয় আইডি কার্ডে স্বামীর নাম সংশোধনের জন্য কি কি কাগজপত্র দিতে হবে,nameCorrectionDocuments
জাতীয় আইডিতে স্বামী নাম যোগ করার জন্য কি কি কাগজপত্র দিতে হবে,nameCorrectionDocuments
জাতীয় আইডিতে স্বামী নাম সংশোধন করতে কি কি প্রয়োজনীয়,nameCorrectionDocuments
জাতীয় পরিচয় পত্রে নিজের নাম সংশোধনের জন্য কি কি কাগজপত্র জমা দিতে হয়,nameCorrectionDocuments
জাতীয় পরিচয়পত্রে স্বামী নাম সংশোধনের জন্য কি কি কাগজপত্র প্রয়োজন,nameCorrectionDocuments
জাতীয় পরিচয়পত্রে স্বামীর নাম সংশোধনের জন্য কি কি ডকুমেন্টস লাগবে,nameCorrectionDocuments
ডিভোর্সের পর কীভাবে আমার স্বামীর নাম বাদ দিতে পারি,nameCorrectionDocuments
তালাক হইছে এখন কার্ডে স্বামীর নাম রিমুভ করে দেওয়ার উপায় কি,nameCorrectionDocuments
তালাক হয়ে গেলে জাতীয় কার্ড থেকে জামাইর নাম বাদ দেওয়া যাবে কিভাবে,nameCorrectionDocuments
তালাকের পর আমার কার্ড এর তে স্বামীর নাম বাদ দেওয়ার প্রসেস কী,nameCorrectionDocuments
তালাকের পর এনআইডি কার্ড থেকে স্বামীর নাম বাদ দিতে কি করতে হবে,nameCorrectionDocuments
তালাকের পর স্বামীর নাম এনআইডি থেকে কিভাবে বাদ দেবো,nameCorrectionDocuments
নতুন জাতীয় পরিচয়পত্রে পিতার নাম সংশোধন করা যাবে কি কি কাগজপত্র দিয়ে,nameCorrectionDocuments
নতুন স্মার্ট এনআইডি কার্ডে স্বামীর নাম নেই,nameCorrectionDocuments
নাম সংশোধন করতে স্বামীর এনআইডি কার্ডের কি কি ডকুমেন্টস প্রয়োজন,nameCorrectionDocuments
নাম সংশোধনে স্বামীর এনআইডি কার্ডের কি কি কাগজপত্র লাগে,nameCorrectionDocuments
নামের বানান সংশোধনের জন্য কি কি প্রমাণপত্র দরকার,nameCorrectionDocuments
ন্যাশনাল আইডি কার্ডে মা'র নামের ভুল সংশোধন করতে কী সব প্রমাণপত্র দিতে হবে,nameCorrectionDocuments
ন্যাশনাল আইডি কার্ডে মায়ের নামে ভুল সংশোধনের জন্য কি কি কাগজপত্র দরকার,nameCorrectionDocuments
পিতার নাম সংশোধনের জন্য বাংলাদেশের জাতীয় পরিচয়পত্রে কি কি ডকুমেন্টস দিতে হবে,nameCorrectionDocuments
পিতার নামের পদবী সংশোধন করার জন্য জাতীয় পরিচয়পত্রে কি কি কাগজপত্র প্রয়োজন,nameCorrectionDocuments
পিতার নামের বানান সংশোধনের জন্য জাতীয় পরিচয়পত্রে কি কি ডকুমেন্টস জমা দিতে হবে,nameCorrectionDocuments
পুরনো কার্ডে স্বামীর নাম ছিল,nameCorrectionDocuments
বউয়ের নাম এনআইডি কার্ডে যোগ করতে কি কি লাগবে,nameCorrectionDocuments
বাংলাদেশের জাতীয় পরিচয়পত্রে পিতার নাম সংশোধনের জন্য কি কি কাগজপত্র প্রয়োজন,nameCorrectionDocuments
বাংলাদেশের জাতীয় পরিচয়পত্রে মায়ের নাম সংশোধন করতে কোন কোন ডকুমেন্টস প্রয়োজন,nameCorrectionDocuments
বিবাহিতার নাম সংশোধন করার জন্য কার্ডে কি কি কাগজপত্র প্রস্তাব করবেন,nameCorrectionDocuments
বিবাহের পর নাম যোগ করতে কি কি ডকুমেন্টস প্রস্তাব করবেন,nameCorrectionDocuments
বিবাহের পরে জাতীয় আইডিতে স্বামী নাম যোগ করার জন্য কি কি প্রয়োজনীয়,nameCorrectionDocuments
বিয়ে করার পরে জাতীয় পরিচয়পত্রে স্বামী নাম যোগ করার জন্য কি কি প্রয়োজন,nameCorrectionDocuments
বিয়ের পর এনআইডি কার্ডে স্বামী নাম যোগ করার জন্য কি কি ডকুমেন্টস লাগবে,nameCorrectionDocuments
বিয়ের পর জাতীয় পরিচয়পত্রে স্বামী নাম যোগ করার জন্য কি কি কাগজপত্র লাগবে,nameCorrectionDocuments
বিয়ের পর স্ত্রীর নাম কার্ডে যোগ করতে কি কি কাগজপত্র লাগবে,nameCorrectionDocuments
বিয়ের পরে এনআইডি কার্ডে স্বামী নাম যোগ করতে কি কি কাগজপত্র লাগবে,nameCorrectionDocuments
ভুল ক্রমে কার্ড এ স্বামীর নামের আগে মৃত লেখা সংশোধনের জন্য কি কি ডকুমেন্টস লাগে,nameCorrectionDocuments
ভুল ক্রমে কার্ড এ স্বামীর বা স্ত্রীর নামের আগে মৃত লেখা সংশোধনের জন্য কি কি ডকুমেন্টস লাগে,nameCorrectionDocuments
মা'র নাম সংশোধন করার জন্য বাংলাদেশের ন্যাশনাল আইডেন্টিটি কার্ডে কি কি দলিল জমা দিতে হবে,nameCorrectionDocuments
মায়ের নাম সংশোধনের জন্য বাংলাদেশের এনআইডি কার্ডে কী সব ডকুমেন্টস জমা দিতে হবে,nameCorrectionDocuments
মায়ের নামের সংশোধনের জন্য বাংলাদেশের এনআইডিতে কি কি ডকুমেন্টস লাগে,nameCorrectionDocuments
স্ত্রীর নাম পরিবর্তন করতে কি কি ডকুমেন্টস লাগবে,nameCorrectionDocuments
স্ত্রীর নাম সংশোধন করার জন্য কি কি নথি প্রয়োজন,nameCorrectionDocuments
স্ত্রীর নাম সংশোধনে এনআইডি কার্ডের কোন কোন কাগজপত্র লাগবে,nameCorrectionDocuments
স্ত্রীর নামে ভুল থাকলে তা সংশোধনের জন্য কি কি ডকুমেন্টস লাগবে,nameCorrectionDocuments
স্বামী তালাক দেওয়ার পর নামটি কার্ড থেকে বাদ দেওয়ার পদ্ধতি কি,nameCorrectionDocuments
স্বামী নাম যোগ করতে এনআইডি কার্ডে কি কি ডকুমেন্টস জমা দিতে হবে,nameCorrectionDocuments
স্বামী নাম সংশোধন করার জন্য জাতীয় পরিচয়পত্রে কি কি ডকুমেন্টস দিতে হবে,nameCorrectionDocuments
স্বামী নাম সংশোধনে এনআইডি কার্ডে কি কি ডকুমেন্টস প্রয়োজন,nameCorrectionDocuments
স্বামী নাম সংশোধনে এনআইডি কার্ডে কি কি ডকুমেন্টস লাগবে,nameCorrectionDocuments
স্বামী নাম সংশোধনে জাতীয় পরিচয়পত্রের কি কি কাগজপত্র দরকার,nameCorrectionDocuments
স্বামী নাম সংশোধনের জন্য এনআইডি কার্ডে কি কি কাগজপত্র দিতে হবে,nameCorrectionDocuments
স্বামী নাম সংশোধনের জন্য কি কি কাগজপত্র জমা দিতে হবে জাতীয় পরিচয়পত্রে,nameCorrectionDocuments
স্বামীর এনআইডি নম্বর সংশোধনের জন্য কোন কোন কাগজ জমা দিতে হবে,nameCorrectionDocuments
স্বামীর নাম কার্ড থেকে বাদ দিতে চাই,nameCorrectionDocuments
স্বামীর নাম সংশোধনের জন্য কি কি নথি লাগবে,nameCorrectionDocuments
স্বামীর সাথে তালাক হয়েছে,nameCorrectionDocuments
স্মার্ট কার্ডে স্বামীর নাম না থাকার কারণ কী,nameCorrectionDocuments
স্মার্ট কার্ডে স্বামীর নাম না দেখে আমি কি করতে পারি,nameCorrectionDocuments
স্মার্ট বা নতুন আইডি কার্ডে স্বামীর নাম না থাকার কারণ কি,nameCorrectionDocuments
হাজবেন্ড এর নাম এনআইডি কার্ডে যোগ করার জন্য কি ডকুমেন্টস দিতে হবে,nameCorrectionDocuments
আব্বার নামের বানান ভুল আছে আমার কার্ডে কিভাবে ঠিক করা যাবে,nameSpellingCorrection
আমার আইডি করাতে সময় পিতার নামের বানানে একটি ভুল হয়ে গেছে। এখন আমি এই ভুলটি সংশোধন করতে চাই। কিন্তু কার সাথে যোগাযোগ করতে হবে তা আমি জানি না।,nameSpellingCorrection
আমার আইডি করাতে সময় মাতার নামের বানানে একটি ভুল হয়ে গেছে। এখন আমি এই ভুলটি সংশোধন করতে চাই। কিন্তু কার সাথে যোগাযোগ করতে হবে তা আমি জানি না।,nameSpellingCorrection
আমার আইডি করার সময় পিতার নামে বানান ভুল হয়ে গেছে,nameSpellingCorrection
আমার আইডি করার সময় মাতার নামে বানান ভুল হয়ে গেছে,nameSpellingCorrection
আমার আইডিতে পিতার নামের বানান ভুল,nameSpellingCorrection
আমার আইডিতে বাবার নামের বানান ভুল হয়ে গেছে,nameSpellingCorrection
আমার আইডিতে মাতার নামের বানান ভুল,nameSpellingCorrection
আমার আইডিতে মার নামের বানান ভুল হয়ে গেছে,nameSpellingCorrection
আমার আইডির পিতার নামের বানান ভুল হয়েছে,nameSpellingCorrection
আমার আইডির মাতার নামের বানান ভুল হয়েছে,nameSpellingCorrection
আমার এনআইডি কার্ডে পিতার নামের বানান ভুল হয়েছে,nameSpellingCorrection
আমার এনআইডি কার্ডে পিতার নামের বানানে একটি ভুল লক্ষ্য করেছি। এই ভুলটি ঠিক করতে আমি কার সাথে যোগাযোগ করতে হবে জানতে চাই।,nameSpellingCorrection
আমার এনআইডি কার্ডে পিতার নামের বানানে ভুল রয়েছে,nameSpellingCorrection
আমার এনআইডি কার্ডে পিতার নামের বানানে ভুল হয়েছে,nameSpellingCorrection
আমার এনআইডি কার্ডে বাবার নামের বানান ভুল হয়ে গেছে,nameSpellingCorrection
আমার এনআইডি কার্ডের পিতার নামের বানান ভুল,nameSpellingCorrection
আমার কার্ড এ পাপার নাম ভুল আছে,nameSpellingCorrection
আমার কার্ড এ বাবার নাম ভুল আছে কি করা উচিত,nameSpellingCorrection
আমার কার্ড এ মা-র নাম ভুল আছে কি করা উচিত,nameSpellingCorrection
আমার কার্ড এ মাতার নাম ভুল আছে,nameSpellingCorrection
আমার কার্ড এ স্ত্রীর নাম ভুল আছে এইটা কিভাবে ঠিক করা যাবে,nameSpellingCorrection
আমার কার্ডে আমার মায়ের নামের বানান ভুল আসছে ঠিক করতে চাইলে কি লাগবে,nameSpellingCorrection
আমার জাতীয় পরিচয়পত্রে পিতার নামের বানানে একটি ভুল আছে। এই সমস্যাটি সমাধান করার জন্য কোন কর্তৃপক্ষের সাথে যোগাযোগ করা উচিত,nameSpellingCorrection
আমার নাম এর স্পেলিং ভুল হইছে সংশোধনের উপায় কি,nameSpellingCorrection
আমার নিজের নামের বানান ভুল আছে,nameSpellingCorrection
আমার পরিচয়পত্রে পিতার নামের বানানে একটি ভুল রয়েছে। এই সমস্যা সমাধানের জন্য কোন কর্তৃপক্ষের সাথে যোগাযোগ করা উচিত,nameSpellingCorrection
আমার পরিচয়পত্রে মাতার নামের বানানে একটি ভুল রয়েছে। এই সমস্যা সমাধানের জন্য কোন কর্তৃপক্ষের সাথে যোগাযোগ করা উচিত,nameSpellingCorrection
আমার পিতার নামের উল্লেখ জাতীয় পরিচয়পত্রে ভুল হয়েছে,nameSpellingCorrection
আমার ফাদার নেইম কার্ডে ভুল আসছে এইটা কিভাবে ঠিক করা যাবে,nameSpellingCorrection
আমার স্বামীর নামের বানান কার্ডে ভুল আসছে এইটা কিভাবে ঠিক করা যাবে,nameSpellingCorrection
আম্মুর নামের বানান ভুল এসেছে,nameSpellingCorrection
এনআইডি কার্ডে পিতার নাম ভুল হয়েছে,nameSpellingCorrection
এনআইডি কার্ডে স্বামী-স্ত্রীর নাম ভুল হয়েছে,nameSpellingCorrection
কার্ড এ ওয়াইফ এর নাম ভুল কি করি,nameSpellingCorrection
কার্ড এ পিতার নামের বাবান ভুল আসছে ঠিক করা লাগবে,nameSpellingCorrection
কার্ড এ মায়ের নামের বাবান ভুল আসছে ঠিক করা লাগবে,nameSpellingCorrection
কার্ডে মা এর নামের ভুল বাবনান সংশোধন করব কি করে,nameSpellingCorrection
জামাইর নামের বানানে ভুল আছে কিভাবে ঠিক করব,nameSpellingCorrection
নতুন এনআইডি কার্ডে পিতার নামে ভুল সংশোধন করতে কি ডকুমেন্টস লাগবে,nameSpellingCorrection
নামের বানান ঠিক করতে চাই,nameSpellingCorrection
নামের বানান সংশোধন করতে চাই,nameSpellingCorrection
নিজের নামের বানান ঠিক করতে হলে কি কি ডকুমেন্টস জমা দিতে হবে,nameSpellingCorrection
পিতা বা স্বামীর নামের ভুল বানান ঠিক করতে কি কি দলিল দিতে হবে,nameSpellingCorrection
পিতা-মাতার নামের বানান ভুল এসেছে,nameSpellingCorrection
পিতার নাম এর স্পেলিং ভুল হইছে সংশোধনের উপায় কি,nameSpellingCorrection
পিতার নামের বানান ঠিক করতে চাই,nameSpellingCorrection
পিতার নামের বানান ভুল,nameSpellingCorrection
বাবার নামের বানান ভুল থাকলে কিভাবে সংশোধন করব কি কি প্রমাণ জমা দিতে হবে,nameSpellingCorrection
মাতার নামের বানান ভুল,nameSpellingCorrection
মায়ের নামের বানান ঠিক করতে চাইলে কি কি কাগজপত্র লাগবে,nameSpellingCorrection
স্ত্রীর নাম ভুল হয়েছে,nameSpellingCorrection
স্বামী নামের বানান ভুল থাকলে কিভাবে সংশোধন করব কি কি প্রমাণ জমা দিতে হবে,nameSpellingCorrection
স্বামী বা বাবার নামের বানান ভুল থাকলে কিভাবে সংশোধন করব কি কি প্রমাণ জমা দিতে হবে,nameSpellingCorrection
স্বামীর নাম ভুল আসছে কার্ডে,nameSpellingCorrection
স্বামীর নামের বানান সঠিক করতে চাই,nameSpellingCorrection
অনেক আগে ভোটার ছিলাম কিন্তু কার্ড নেই নাই,newVoterDuplicates
অনেক আগে ভোটার হয়েছিলাম,newVoterDuplicates
অনেক আগে ভোটার হয়েছিলাম,newVoterDuplicates
আগে একাউন্ট খুলেছিলাম,newVoterDuplicates
আগে স্থায়ী ঠিকানায় ভোটার ছিলাম,newVoterDuplicates
আমার আগের ঠিকানায় ভোটার ছিলাম,newVoterDuplicates
আমার জন্ম সনদ নম্বরটা ভোটার হওয়ার জন্য দেওয়া হয়েছে,newVoterDuplicates
আমার জন্ম সনদের নম্বর ভোটার হওয়ার সময় দেওয়া হয়েছে,newVoterDuplicates
আমার জন্ম সনদের নম্বরটা ভোটার হওয়ার সময় দিয়েছিলাম,newVoterDuplicates
আমার পরে ভোটার হয়েছে,newVoterDuplicates
আমার পরে যারা ভোটার হয়েছে,newVoterDuplicates
আমার ভোটার নিবন্ধনের জন্য আবেদন করেছি,newVoterDuplicates
আমার স্ত্রী বা স্বামীর এনআইডি নম্বর আমি ভোটার হওয়ার সময় দিয়েছিলাম,newVoterDuplicates
আমার স্ত্রী বা স্বামীর এনআইডি নম্বর ভোটার হওয়ার সময় দেওয়া হয়েছে,newVoterDuplicates
আমার স্থায়ী ঠিকানায় ভোটার ছিলাম,newVoterDuplicates
আমার স্থায়ী ঠিকানায় ভোটার হয়েছিলাম,newVoterDuplicates
আমি অনলাইনে নতুন ভোটারের জন্য আবেদন করেছি,newVoterDuplicates
আমি অনেক আগে ভোটার হইছি,newVoterDuplicates
আমি অ্যানআইডি বা ভোটার নিবন্ধনের জন্য আবেদন দিয়েছি,newVoterDuplicates
আমি আগে বাংলাদেশে ভোটার আইডি করেছিলাম,newVoterDuplicates
আমি আগে বাংলাদেশে ভোটার হয়েছিলাম,newVoterDuplicates
আমি আগে ভোটার হয়েছিলাম,newVoterDuplicates
আমি একবারই ভোটার হয়েছি,newVoterDuplicates
আমি একবারই ভোটার হয়েছি,newVoterDuplicates
আমি নতুন ভোটার,newVoterDuplicates
আমি নতুন ভোটার হইছি,newVoterDuplicates
আমি নতুন ভোটার হতে চাই,newVoterDuplicates
আমি নতুন ভোটার হয়ে গেছি,newVoterDuplicates
আমি নতুন ভোটার হয়েছি,newVoterDuplicates
আমি নতুন ভোটার হয়েছিলাম,newVoterDuplicates
আমি নতুন ভোটারের জন্য আবেদন করেছি,newVoterDuplicates
আমি নিউ ভোটার হিসেবে আবেদন করেছি,newVoterDuplicates
আমি নিউ ভোটার হয়ে ফরম নাম্বার দিয়ে রেজিষ্ট্রেশন করেছি,newVoterDuplicates
আমি প্রবাসী হিসেবে ভোটার নিবন্ধন আবেদন করেছি,newVoterDuplicates
আমি বাংলাদেশে ভোটার,newVoterDuplicates
আমি বাংলাদেশে ভোটার আইডি করেছিলাম,newVoterDuplicates
আমি বাংলাদেশে ভোটার আইডি কার্ডে নাম লেখিয়েছিলাম,newVoterDuplicates
আমি বাংলাদেশে ভোটার আইডি নিয়েছিলাম,newVoterDuplicates
আমি বাংলাদেশে ভোটার হয়েছিলাম,newVoterDuplicates
আমি বাংলাদেশে ভোটার হয়েছিলাম,newVoterDuplicates
আমি ভোটার হয়েছি,newVoterDuplicates
আমি স্থায়ী ঠিকানায় ভোটার,newVoterDuplicates
আমি হচ্ছে নিউ ভোটার এপ্লিকেশন করতে চাই,newVoterDuplicates
কোন কারণে দুইবার ভোটার হয়ে গেছে,newVoterDuplicates
দুইবার ভোটার নিবন্ধন করে ফেললাম,newVoterDuplicates
দ্বিতীয়বার ভোটার নিবন্ধন হয়ে গেছে,newVoterDuplicates
নতুন ভোটার নিবন্ধন করেছি,newVoterDuplicates
নতুন ভোটার হওয়ার জন্য অনলাইনে আবেদন করেছি,newVoterDuplicates
নতুন ভোটার হওয়ার জন্য অনলাইনে আবেদন করেছি,newVoterDuplicates
নতুন ভোটার হওয়ার জন্য আবেদন জমা দিতে গেলাম,newVoterDuplicates
নতুন ভোটার হবার জন্য আবেদন করেছি,newVoterDuplicates
নতুন ভোটার হয়েছি,newVoterDuplicates
নতুন ভোটার হয়ে গিয়েছি,newVoterDuplicates
নতুন ভোটার হয়েছি,newVoterDuplicates
নতুন ভোটার হয়েছিলাম,newVoterDuplicates
নতুন ভোটারের আবেদন করেছি,newVoterDuplicates
নতুন ভোটারের জন্য আবেদন করতে যাবো,newVoterDuplicates
নতুন ভোটারের জন্য আবেদন করেছি,newVoterDuplicates
পাসপোর্ট নম্বর যে আমি ভোটার হিসেবে দিয়েছিলাম সেটা এখন এক্সপায়ার্ড,newVoterDuplicates
পাসপোর্ট নম্বর যে আমি ভোটার হিসেবে রেজিস্ট্রেশন করেছিলাম,newVoterDuplicates
পিতা মাতার এনআইডি নম্বর আমি ভোটার হওয়ার সময় দেওয়া দিয়েছি,newVoterDuplicates
প্রবাসীদের ভোটার নিবন্ধন আবেদন জমা দিলাম,newVoterDuplicates
ফরম নাম্বার দিয়ে রেজিস্ট্রেশন করলাম,newVoterDuplicates
বাংলাদেশে আমার ভোটার আইডি আছে,newVoterDuplicates
বাংলাদেশে আমি ভোটার তালিকায় আছি,newVoterDuplicates
ভোটার হয়েছিলাম অনেক আগে,newVoterDuplicates
ভোটার হিসেবে নতুন নিবন্ধিত হয়েছি আমার নরমাল কার্ড পাইছি,newVoterDuplicates
ভোটার হয়েছিলাম অনেক আগে,newVoterDuplicates
স্থায়ী ঠিকানায় ভোটার হয়েছিলাম,newVoterDuplicates
আধুনিক কার্ড সংগ্রহের জন্য কোনো ফি দিতে হবে কি,newVoterFees
আমি স্মার্ট কার্ড নিতে গেলে কত টাকা লাগবে,newVoterFees
চিপসহ কার্ড নিতে কি কোনো টাকা লাগবে,newVoterFees
নতুন ভোটার কার্ড ইস্যুর জন্য কি পরিমাণ অর্থ দিতে হবে,newVoterFees
নতুন ভোটার কার্ড পাওয়ার খরচ কত,newVoterFees
নিউ কার্ড পাওয়ার জন্য কত টাকা ফিস দিতে হয়,newVoterFees
নিড কার্ডের জন্য ফাস্ট সেবা নিতে কি কিছু টাকা দিতে হবে,newVoterFees
প্লাস্টিকের কার্ডের জন্য কি কোনো ফি দিতে হবে,newVoterFees
ভোটার কার্ড করার সময় কতো টাকা লাগবে,newVoterFees
ভোটার কার্ড পাওয়ার জন্য কতো টাকা লাগবে,newVoterFees
ভোটার কার্ড বের করতে কত টাকা খরচ হবে,newVoterFees
শক্ত নতুন যে কার্ড টা দেয়া সেই কার্ড নিতে কি কত খরচ লাগে,newVoterFees
সিটি কর্পোরেশনে ভোটার কার্ড করার চার্জ কত,newVoterFees
স্মার্ট এনআইডি কার্ড নিতে কি টাকা লাগে,newVoterFees
স্মার্ট কার্ড কত টাকা লাগে,newVoterFees
স্মার্ট কার্ড কত টাকার,newVoterFees
স্মার্ট কার্ড কত টাকায় পাব,newVoterFees
স্মার্ট কার্ড গ্রহণে কি কোনো খরচ আছে,newVoterFees
স্মার্ট কার্ড তুলতে কি কি জমা দেওয়া লাগে,newVoterFees
স্মার্ট কার্ড তুলতে কি কোনো ফি দিতে হয়,newVoterFees
স্মার্ট কার্ড তুলতে কি টাকা দেওয়া লাগবে,newVoterFees
স্মার্ট কার্ড তুলতে কোনো খরচ আছে কি,newVoterFees
স্মার্ট কার্ড তোলার জন্য কত টাকা দিতে হবে,newVoterFees
স্মার্ট কার্ড নিতে আমার কত টাকা খরচ হবে,newVoterFees
স্মার্ট কার্ড নিতে কত খরচ হবে,newVoterFees
স্মার্ট কার্ড নিতে কত টাকা লাগবে,newVoterFees
স্মার্ট কার্ড নিতে কত টাকা লাগে,newVoterFees
স্মার্ট কার্ড নিতে কি কিছু টাকা লাগে,newVoterFees
স্মার্ট কার্ড নিতে কি কোন ফি রয়েছে,newVoterFees
স্মার্ট কার্ড নিতে কি কোনও চার্জ প্রযোজ্য,newVoterFees
স্মার্ট কার্ড নিতে কি টাকা দিতে হয়,newVoterFees
স্মার্ট কার্ড নিতে কোনো ফি আছে কি,newVoterFees
স্মার্ট কার্ড নেওয়ার কি কোনো ফি দিতে হবে,newVoterFees
স্মার্ট কার্ড নেওয়ার জন্য কি কিছু দাম দিতে হবে,newVoterFees
স্মার্ট কার্ড নেওয়ার জন্য কি পেমেন্ট করতে হবে,newVoterFees
স্মার্ট কার্ড নেওয়ার জন্য টাকা দিতে হয় কি,newVoterFees
স্মার্ট কার্ড নেওয়ার ফি কতো,newVoterFees
স্মার্ট কার্ড নেওয়ার সময় কি চার্জ দিতে হয়,newVoterFees
স্মার্ট কার্ড পাওয়ার জন্য কত টাকা খরচ হবে,newVoterFees
স্মার্ট কার্ড পাওয়ার জন্য কি অর্থ দিতে হয়,newVoterFees
স্মার্ট কার্ড পাবার জন্য কত টাকা লাগবে,newVoterFees
স্মার্ট কার্ড পাবার জন্য কি কোন খরচ,newVoterFees
স্মার্ট কার্ড প্রাপ্তির জন্য কি টাকা দিতে হবে,newVoterFees
স্মার্ট কার্ড বিনামূল্যে দেওয়া হয় নাকি ফি দিতে হয়,newVoterFees
স্মার্ট কার্ড সংগ্রহ করতে কি টাকা দিতে হবে,newVoterFees
স্মার্ট কার্ড সংগ্রহ করতে কি টাকা দিতে হয়,newVoterFees
স্মার্ট কার্ডের জন্য কত টাকা দিতে হবে,newVoterFees
স্মার্ট কার্ডের জন্য ফি কত,newVoterFees
অফিসে সাহায্য না পেয়ে,newVoterNoSms
আমার আবেদন নাকচ করেছে উপজেলা নির্বাচন অফিস,newVoterNoSms
আমার নতুন ভোটার নিবন্ধনের পর কোনো মেসেজ আসেনি,newVoterNoSms
আমার নতুন ভোটারের আবেদন নিয়ে উপজেলা নির্বাচন অফিস কিছু করছে না,newVoterNoSms
আমার নাম ভোটার তালিকায় নেই কারণ হালনাগাদে যোগ দিতে পারিনি। এখন কি করবো,newVoterNoSms
আমার ভোটার তথ্য যাচাই করতে পারছি না,newVoterNoSms
আমি ভোটার আইডি কার্ডের জন্য আবেদন করেছি কিন্তু কোনো এসএমএস আসেনি উপজেলা থেকে,newVoterNoSms
আমি ভোটার আপডেটে নিবন্ধন করতে না পেরে এখন কীভাবে ভোটার হতে পারি,newVoterNoSms
আমি ভোটার হওয়ার জন্য হালনাগাদে যোগ দিতে পারিনি। এখন কী করতে হবে,newVoterNoSms
আমি ভোটার হালনাগাদে রেজিষ্টার করতে পারিনি,newVoterNoSms
আমি যে মোবাইল নম্বরটা ভোটার হিসেবে দিয়েছি সেটা বন্ধ হয়ে গেছে,newVoterNoSms
আমি হালনাগাদে ভোটার হিসেবে রেজিষ্ট্রেশন করতে পারিনি। এখন কিভাবে নতুন ভোটার হব,newVoterNoSms
ইলেকশন অফিসে যখন সাহায্য পাই না,newVoterNoSms
উপজেলা অফিসে গেলে আমার ভোটার আবেদন নিচ্ছে না,newVoterNoSms
উপজেলা নির্বাচন অফিস আমার নতুন ভোটারের আবেদন জমা নিচ্ছে না,newVoterNoSms
উপজেলা নির্বাচন অফিস আমার ভোটারের আবেদন নিয়ে কিছু না করায় কি করা যাবে,newVoterNoSms
উপজেলা নির্বাচন অফিস নতুন ভোটারের আবেদন নাকচ করেছে,newVoterNoSms
থানা নির্বাচন অফিস থেকে ভোটার আবেদন নাকচ হলে কি করতে হবে,newVoterNoSms
নতুন ভোটার আইডি করার পর এসএমএস না পেলে কি করবো,newVoterNoSms
নতুন ভোটার আবেদন করার পর থানা থেকে এসএমএস না আসলে কি করা উচিত,newVoterNoSms
নতুন ভোটার আবেদন জমা দিতে গেলে উপজেলা বা থানা অফিস নিচ্ছে না,newVoterNoSms
নতুন ভোটার নিবন্ধনের পর এসএমএস না পেলে কি করতে হবে,newVoterNoSms
নতুন ভোটার হতে চাই কিন্তু হালনাগাদে নাম দিতে পারিনি। কিভাবে হবে,newVoterNoSms
নতুন ভোটার হতে চেয়েছি কিন্তু উপজেলা নির্বাচন অফিস আমার আবেদন নিচ্ছে না,newVoterNoSms
নতুন ভোটার হবার জন্য আবেদন করেছি কিন্তু কোনো মেসেজ পাইনি,newVoterNoSms
নতুন ভোটার হয়ে মেসেজ না পেলে কি করা যায়,newVoterNoSms
নতুন ভোটার হয়ে ম্যাসেজ না পাওয়ার পর কি করবো,newVoterNoSms
নতুন ভোটারের এপ্লাই করার পর কেন এসএমএস আসছে না,newVoterNoSms
নতুন ভোটারের জন্য আবেদন করা হয়েছে কিন্তু এসএমএস আসছে না কেন,newVoterNoSms
নতুন ভোটারের জন্য আবেদন করেছি কিন্তু এসএমএস পাইনি,newVoterNoSms
নতুন ভোটারের জন্য আবেদন জমা দিতে গেলে উপজেলা অফিস নিচ্ছে না কেন,newVoterNoSms
নির্বাচন অফিসে কোন সাহায্য পাচ্ছি না,newVoterNoSms
নির্বাচন অফিসে গিয়ে যদি কোন সাহায্য না পাই,newVoterNoSms
নির্বাচন অফিসে গিয়ে সাহায্য পাচ্ছি না,newVoterNoSms
নির্বাচন অফিসে সাহায্য না পাওয়ার পর অভিযোগ দেওয়ার নিয়ম কি,newVoterNoSms
নির্বাচন কমিশনে গিয়ে প্রয়োজনীয় সহায়তা পাচ্ছি না,newVoterNoSms
ভোটার আবেদন জমা দিতে গেলে উপজেলা অফিস থেকে রিজেক্ট করেছে,newVoterNoSms
ভোটার তালিকা আপডেট এ আবেদন করতে না পারার পর,newVoterNoSms
ভোটার তালিকা আপডেটে আমি যোগ দিতে পারিনি,newVoterNoSms
ভোটার তালিকা হালনাগাদে অংশ নিতে পারিনি,newVoterNoSms
ভোটার তালিকায় খুঁজে পাচ্ছি না,newVoterNoSms
ভোটার নিবন্ধনের আবেদন করার পর উপজেলা থেকে মেসেজ না আসলে কি করতে হবে,newVoterNoSms
ভোটার রিলেটেড অফিস বা উপজেলাগুলোতে গেলে সাহায্য পাচ্ছি না,newVoterNoSms
ভোটার হওয়ার সময় দেওয়া মোবাইল নম্বরটা লস্ট হয়েছে,newVoterNoSms
ভোটার হওয়ার সময় মোবাইল নম্বরটা দিয়েছিলাম ওয়ান জিরো ফাইভ জিরো ফাইভ নম্বর কাজ করে না,newVoterNoSms
ভোটার হালনাগাদ করার সময় আমি ভোটার রেজিস্ট্রেশন করতে পারিনি,newVoterNoSms
ভোটার হিসেবে নিবন্ধিত হতে পারিনি হালনাগাদে,newVoterNoSms
যদি নির্বাচন অফিসে গিয়ে সাহায্য না পাওয়া যায়,newVoterNoSms
হালনাগাদ করার সময় ভোটার নিবন্ধন করতে পারিনি,newVoterNoSms
হালনাগাদে ভোটার হতে পারিনি তো এখন কি করবো ভোটার হতে,newVoterNoSms
হালনাগাদে রেজিস্ট্রেশন দিতে পারিনি তাই এখন কিভাবে ভোটার হবো,newVoterNoSms
আন্ডারএজ এনআইডি কার্ডধারী কখন ভোটার হিসেবে তালিকাভুক্ত হয়,newVoterProcess
আপনার পূর্ববর্তী ভোটার এলাকার তথ্য কিভাবে সংগ্রহ করতে হবে,newVoterProcess
আপনি কি এনআইডি সংক্রান্ত তথ্য দিতে পারেন,newVoterProcess
আমি আজকে মাঝেই ভোটার হতে চাচ্ছি কি করব,newVoterProcess
আমি চব্বিশ ঘন্টার মাঝেই কিভাবে ভোটার হতে পারব,newVoterProcess
আমি দেশ এ নাই অবস্থায় ভোটার নিবন্ধনের প্রক্রিয়া কি,newVoterProcess
এ পর্যন্ত কোন কোন দেশে ভোটার নিবন্ধিনের অনুমতি দেওয়া হয়েছে।,newVoterProcess
একজন নাগরিক কোন কোন শর্তে এনআইডি করতে পারে,newVoterProcess
একাধিক বার ভোটার হয়ে যাওয়ার পর কি করতে হবে,newVoterProcess
এখানে এনআইডি সম্পর্কিত কোন ধরনের প্রশ্নের উত্তর পাওয়া যাবে,newVoterProcess
এখানে জাতীয় পরিচয় পত্র সম্পর্কিত কোন ধরনের প্রশ্নের উত্তর পাওয়া যাবে,newVoterProcess
এখানে ভোটার আইডি সম্পর্কিত কোন ধরনের প্রশ্নের উত্তর পাওয়া যাবে,newVoterProcess
এনআইডি নিবন্ধনের পূর্ব শর্ত কি কি,newVoterProcess
এনআইডি পোর্টালে নতুন ভোটার হতে আবেদন করার নিয়ম কী,newVoterProcess
এনআইডি বা ভোটার নিবন্ধনের জন্য একজন প্রবাসীর করণীয় কী,newVoterProcess
এনআইডি বিষয়ক কোন কোন প্রশ্ন করা যাবে,newVoterProcess
কেউ যদি নতুন ভোটারের আবেদন জমা দেয় তাজলে তার কি কি ডকুমেন্টস দরকার,newVoterProcess
কোন তথ্য দিতে পারবেন,newVoterProcess
গ্রাম বা শহরে কিভাবে ভোটার হওয়া যায়,newVoterProcess
জাতীয় পরিচয়পত্র পাওয়ার জন্য কি করতে হবে,newVoterProcess
জাতীয় পরিচয়পত্র সংক্রান্ত কোন কোন বিষয়ে আপনি জানেন,newVoterProcess
তাড়াতাড়ি ভোটার হওয়ার জন্য কি কোন ব্যবস্থা রয়েছে,newVoterProcess
তাড়াতাড়ি ভোটার হওয়ার জন্য কি কোন ব্যবস্থা রয়েছে,newVoterProcess
দূতাবাসে ভোটার নিবন্ধন করতে হলে কি কি কাগজপত্র লাগে,newVoterProcess
দ্বিতীয়বার ভোটার নিবন্ধনের পর কি করার প্রয়োজন,newVoterProcess
দ্রুত ভোটার হওয়ার জন্য কোন ব্যবস্থা আছে,newVoterProcess
দ্রুত ভোটার হওয়ার জন্য কোন ব্যবস্থা আছে,newVoterProcess
নতুন জাতীয় পরিচয়পত্র নিবন্ধন করার পদ্ধতি কী,newVoterProcess
নতুন জায়গায় ভোটার হবো কিভাবে,newVoterProcess
নতুন নিবন্ধনের জন্য কি কি ডকুমেন্ট জমা দিতে হয়,newVoterProcess
নতুন ভোটার আইডি ফরমে শনাক্তকারী কে লিখতে হবে,newVoterProcess
নতুন ভোটার আইডির ফর্মে শনাক্তকারী কে,newVoterProcess
নতুন ভোটার নিবন্ধন কিভাবে করবো,newVoterProcess
নতুন ভোটার হওয়ার জন্য কোন কুইক ওয়ে আছে,newVoterProcess
নতুন ভোটার হওয়ার ব্যয় কি,newVoterProcess
নতুন ভোটার হওয়ার এপ্লিকেশন ফরমে শনাক্তকারী হিসেবে কার নাম লিখব,newVoterProcess
নতুন ভোটার হওয়ার জন্য আবেদনে শনাক্তকারী কার নাম লিখতে হবে,newVoterProcess
নতুন ভোটার হওয়ার জন্য কি কি কাগজ লাগে,newVoterProcess
নতুন ভোটার হওয়ার পর কাগজ জমা দিতে হবে কি,newVoterProcess
নতুন ভোটার হওয়ার পর কাগজপত্র জমা দিতে হবে কি,newVoterProcess
নতুন ভোটার হওয়ার পূর্ব শর্ত কি কি,newVoterProcess
নতুন ভোটার হওয়ার ফরমে শনাক্তকারী কার নাম দিতে হবে,newVoterProcess
নতুন ভোটার হতে চাই বা নতুন এনআইডি কার্ড করতে করণীয় কি,newVoterProcess
নতুন ভোটার হতে চাইলে কি করতে হবে,newVoterProcess
নতুন ভোটারের আবেদন জমা দেওয়ার সময় কি কি ডকুমেন্টস দরকার,newVoterProcess
নতুন ভোটারের আবেদন ফরমে শনাক্তকারী কে,newVoterProcess
নতুন ভোটারের জন্য আবেদনে শনাক্তকারী কার নাম দিতে হবে,newVoterProcess
নতুন স্বাক্ষরের জন্য কিভাবে আবেদন করতে হবে,newVoterProcess
নব ভোটার কার্ডের আবেদনে শনাক্তকারী কে হবে,newVoterProcess
নব ভোটার নিবন্ধনে শনাক্তকারী কে হিসেবে উল্লেখ করতে হবে,newVoterProcess
নব ভোটার হওয়ার আবেদনে শনাক্তকারী হিসেবে কার নাম থাকবে,newVoterProcess
নব ভোটার হওয়ার জন্য এপ্লাই ফরমে শনাক্তকারী কে হবে,newVoterProcess
নব ভোটার হওয়ার জন্য ফরমে শনাক্তকারী কে হবে,newVoterProcess
নব ভোটারের আবেদনে শনাক্তকারী কে হবে,newVoterProcess
নির্বাচন কমিশন সম্পর্কিত কি ধরনের সেবা এখানে প্রদান করা হয়,newVoterProcess
নির্বাচন কমিশন সম্পর্কিত কোন ধরনের প্রশ্ন এখানে করা যেতে পারে,newVoterProcess
পিতার মা’র বাংলাদেশের জাতীর পরিচয়পত্র না থাকলে কি ভোটার হতে পারি,newVoterProcess
পূর্ববর্তী ভোটার এলাকার তথ্য পেতে কী করতে হবে,newVoterProcess
প্রথম ভোটার হওয়ার আবেদন ফরমে শনাক্তকারী কে,newVoterProcess
প্রথম ভোটার হওয়ার ফরমে শনাক্তকারী কে লিখব,newVoterProcess
প্রথম ভোটারের জন্য কাগজে শনাক্তকারী কে লিখতে হবে,newVoterProcess
প্রথমবার ভোটার নিবন্ধনের ফর্মে শনাক্তকারী হিসেবে কার নাম থাকবে,newVoterProcess
প্রবাসী এনআইডি বা ভোটার নিবন্ধনের ক্ষেত্রে কি কি ডকুমেন্টস প্রয়োজন,newVoterProcess
প্রবাসী বাংলাদেশীদের জন্য জাতীয় পরিচয়পত্র বা ভোটার হওয়ার কী প্রক্রিয়া,newVoterProcess
প্রবাসী ভাই-বোনেরা জাতীয় পরিচয়পত্র বা ভোটার হওয়ার জন্য কি কি কাজ করতে হবে,newVoterProcess
প্রবাসী ভোটার হতে হলে কি কি কাগজপত্র লাগে,newVoterProcess
প্রবাসী হয়ে ভোটার নিবন্ধন করতে কি প্রক্রিয়াটি অনুসরণ করতে হবে,newVoterProcess
প্রবাসী হিসবে ভোটার কার্ড করতে কি কি লাগে,newVoterProcess
প্রবাসী হিসেবে এনআইডি বা ভোটার আইডি করার প্রক্রিয়া কি,newVoterProcess
প্রবাসী হিসেবে কার্ড বা ভোটার নিবন্ধন করতে কী ডকস লাগবে,newVoterProcess
প্রবাসী হিসেবে ভোটার নিবন্ধন করতে কি করা উচিত,newVoterProcess
প্রবাসীদের জন্য ভোটার আইডি কার্ড বা ন্যাশনাল আইডি কার্ড করার জন্য কি কি করতে হবে,newVoterProcess
প্রবাসীদের জন্য ভোটার নিবন্ধন করতে কি কী পদ্ধতি অনুসরণ করতে হবে,newVoterProcess
ফরেইন এ থাকি জন্য এনআইডি বা ভোটার নিবন্ধন করার প্রক্রিয়া কী,newVoterProcess
বর্তমান ঠিকানায় ভোটার হওয়ার জন্য কি করণীয়,newVoterProcess
বর্তমান ঠিকানায় ভোটার হওয়ার জন্য কী পদক্ষেপ নিতে হবে,newVoterProcess
বাবার ভোটার কার্ড না থাকলে আমি ভোটার হতে পারবো,newVoterProcess
ভোটার তালিকায় নাম লিখাতে কি কি করতে হয়,newVoterProcess
ভোটার হওয়ার আগে কি কি শর্ত থাকে,newVoterProcess
ভোটার হওয়ার জন্য কি কি যোগ্যতা লাগে,newVoterProcess
ভোটার হওয়ার জন্য কি কোন শর্টকাট আছে,newVoterProcess
ভোটার হওয়ার জন্য কি প্রক্রিয়াটা কী,newVoterProcess
ভোটার হওয়ার জন্য কোন শর্ত মেনে চলতে হবে,newVoterProcess
ভোটার হওয়ার জন্য দ্রুততার কোন ব্যবস্থা আছে,newVoterProcess
ভোটার হওয়ার পূর্ব শর্ত কী কী,newVoterProcess
ভোটার হওয়ার প্রক্রিয়া দ্রুততর করার কোনো উপায় আছে,newVoterProcess
ভোটার হওয়ার আগে কি কি শর্ত থাকে,newVoterProcess
ভোটার হওয়ার জন্য কি কি যোগ্যতা লাগে,newVoterProcess
ভোটার হওয়ার জন্য কি কি শর্ত পূরণ করতে হয়,newVoterProcess
ভোটার হওয়ার জন্য কোন কোন দলিল লাগে,newVoterProcess
ভোটার হওয়ার জন্য কোন শর্ত মেনে চলতে হবে,newVoterProcess
ভোটার হওয়ার জন্য দ্রুততার কোন ব্যবস্থা আছে,newVoterProcess
ভোটার হওয়ার পর কোন ডকুমেন্ট জমা দিতে হবে,newVoterProcess
ভোটার হওয়ার পূর্ব শর্ত কি কি,newVoterProcess
ভোটার হওয়ার পূর্ব শর্ত কী কী,newVoterProcess
ভোটার হওয়ার প্রক্রিয়া দ্রুততর করার কোনো উপায় আছে,newVoterProcess
ভোটার হতে গেলে কী কী শর্ত পূরণ করতে হবে,newVoterProcess
ভোটার হতে গেলে কোন ধরনের সনদ প্রয়োজন,newVoterProcess
ভোটার হতে গেলে কোন শর্ত পূর্ণ করতে হবে,newVoterProcess
ভোটার হতে হলে কি কি যোগ্যতা থাকতে হবে,newVoterProcess
ভোটার হবার জন্য কী কী কাগজপত্র লাগবে,newVoterProcess
ভোটারের জন্য আবেদন করার সময় কি কি কাগজপত্র লাগবে,newVoterProcess
সাইন চেঞ্জ করার নিয়ম কী,newVoterProcess
আমার আবেদন বাতিল হয়েছে,newVoterRejection
আমার এনআইডি আবেদন দূতাবাসে জমা দেওয়ার পর কেনো Reject হয়ে গেল,newVoterRejection
আমার এনআইডি কার্ড সংশোধনের আবেদন ক্যানসেল হয়ে গেছে,newVoterRejection
আমার কার্ড কেন রিজেক্টেড হইলো,newVoterRejection
আমার নতুন ভোটার আবেদন বাতিল হয়ে গেছে,newVoterRejection
আমার প্রবাসী এনআইডি বা ভোটার নিবন্ধনের জন্য এম্বাসীতে আবেদন Reject করে দিয়েছে। কেনো,newVoterRejection
আমার প্রবাসী এনআইডি বা ভোটার নিবন্ধনের জন্য দূতাবাসে আবেদন Reject করে দিয়েছে। কেনো,newVoterRejection
আমার প্রবাসী ভোটার নিবন্ধনের আবেদন এম্বাসীতে Reject হয়েছে কেন,newVoterRejection
আমার প্রবাসী ভোটার নিবন্ধনের আবেদন দূতাবাসে Reject হয়েছে কেন,newVoterRejection
আমার বয়স এইটিন নতুন ভোটার হইয়াও কেন আমার এনআইডি  কার্ড বাতিল হয়েছে,newVoterRejection
আমার ভোটার হওয়ার আবেদন বাতিল হয়ে গেছে,newVoterRejection
আমি একবারই ভোটার হয়েছি কিন্তু আমার নতুন ভোটার এর এপ্লাই বাতিল করা হয়েছে,newVoterRejection
আমি একবারই ভোটার হয়েছি কিন্তু আমার নতুন ভোটার আবেদন বাতিল করা হয়েছে,newVoterRejection
আমি প্রথম ভোটার হয়েছি কিন্তু আমার নতুন ভোটার আবেদন বাতিল হয়ে গেছে,newVoterRejection
আমি প্রথমবার ভোটার হয়েছি কিন্তু আবার বাতিল হয়ে গেল,newVoterRejection
আমি ফাস্টবার ভোটার হয়েছি কিন্তু আমার নতুন ভোটার আবেদন বাতিল হয়ে গেছে,newVoterRejection
আমি সকল পেপার ঠিকমতো দিয়েছি তবুও আমার আবেদন বাতিল করা হলো,newVoterRejection
এম্বাসীতে আবেদন জমা দেওয়ার পর কেনো আমার আবেদন প্রত্যাখ্যাত হয়েছে,newVoterRejection
এম্বাসীতে আবেদন দেওয়ার পর আমার আবেদন কেনো Reject হয়ে গেল,newVoterRejection
এম্বাসীতে প্রবাসী ভোটার নিবন্ধন আবেদন করার পর কেনো Reject হল,newVoterRejection
ডকুমেন্ট সব সঠিক দেওয়ার পরেও আবেদন বাতিল হলো,newVoterRejection
দূতাবাসে আবেদন জমা দেওয়ার পর কেনো আমার আবেদন প্রত্যাখ্যাত হয়েছে,newVoterRejection
দূতাবাসে আবেদন দেওয়ার পর আমার আবেদন কেনো Reject হয়ে গেল,newVoterRejection
দূতাবাসে প্রবাসী ভোটার নিবন্ধন আবেদন করার পর কেনো Reject হল,newVoterRejection
নতুন ভোটার হওয়া সত্ত্বেও আমার কার্ড কেন Rejected হয়েছে,newVoterRejection
নতুন ভোটার হওয়া সত্ত্বেও আমার কার্ড কেন বাতিল করা হয়েছে,newVoterRejection
নতুন ভোটার হওয়া সত্ত্বেও কার্ড বাতিল বা রিজেক্টেড কেন হয়েছে,newVoterRejection
নতুন ভোটার হিসেবে আমার কার্ড কেন বাতিল করা হলো,newVoterRejection
পুরো ডকুমেন্ট ঠিকমতো জমা দিয়েছি তবুও আবেদন বাতিল করা হলো,newVoterRejection
প্রবাসী এনআইডি আবেদন Reject হওয়ার কারণ কী হতে পারে,newVoterRejection
প্রবাসী এনআইডি নিবন্ধন আবেদন Reject হওয়ার কারণ কি,newVoterRejection
প্রবাসী এনআইডি নিবন্ধনের জন্য আমার আবেদন কেনো Reject করা হয়েছে,newVoterRejection
প্রবাসী এনআইডি বা ভোটার নিবন্ধনের জন্য এম্বাসীতে আবেদন করেছি। আবেদন Reject করে দিয়েছে। কেনো,newVoterRejection
প্রবাসী এনআইডি বা ভোটার নিবন্ধনের জন্য দূতাবাসে আবেদন করেছি। আবেদন Reject করে দিয়েছে। কেনো,newVoterRejection
প্রবাসী ভোটার নিবন্ধন আবেদন Reject হওয়ার কারণ কী,newVoterRejection
প্রবাসী হিসেবে আমার এনআইডি আবেদন কেনো প্রত্যাখ্যাত হয়েছে,newVoterRejection
সকল ডকুমেন্ট দিয়েছি তবুও কেন আমার কার্ড আবেদন বাতিল,newVoterRejection
সকল ডকুমেন্ট সঠিক দিয়েছি তারপরও আবেদন বাতিল করা হয়েছে। কেনো,newVoterRejection
সকল ডকুমেন্টস সঠিক দিয়েছি তারপরও আবেদন বাতিল করা হয়েছে। কেনো,newVoterRejection
সব ডক ঠিক থাকা সত্ত্বেও আমার আবেদন কেন বাতিল করা হলো,newVoterRejection
সব ডকুমেন্ট সঠিক থাকার পরেও কেন আবেদন বাতিল করা হলো,newVoterRejection
অনলাইনে কি আমার নতুন ঠিকানা নথিভুক্ত করার জন্য আবেদন করতে পারি,onlineAddressInquiry
অনলাইনে কি আমি আমার ঠিকানা বদলের আবেদন করতে পারি,onlineAddressInquiry
অনলাইনে কি ঠিকানা বদলের আবেদন জমা দেওয়া যায়,onlineAddressInquiry
অনলাইনে কিভাবে কার্ড এ ঠিকানা সংশোধনের জন্য আবেদন করা যায়,onlineAddressInquiry
অনলাইনে ঠিকানা পরিবর্তনের আবেদন কি করা যায়,onlineAddressInquiry
অনলাইনে ঠিকানা পরিবর্তনের জন্য আবেদন করা যায় কিনা,onlineAddressInquiry
অনলাইনে বর্তমান ঠিকানা সংশোধন করা যাবে,onlineAddressInquiry
অনলাইনে বর্তমান ঠিকানা সংশোধনের প্রক্রিয়া কী,onlineAddressInquiry
অনলাইনে ভোটার এলাকা পরিবর্তন করা যায় কি,onlineAddressInquiry
অনলাইনে স্থায়ী ঠিকানা সংশোধন করা যাবে,onlineAddressInquiry
আইডির ভোটার এলাকা কি ইন্টার নেট এ বদল করা যাবে,onlineAddressInquiry
আপনার ঠিকানা পরিবর্তন আবেদন মেসেজ পেয়েছি,onlineAddressInquiry
আপনি ইন্টারনেটে কি ঠিকানা পরিবর্তনের আবেদন করতে পারেন,onlineAddressInquiry
আপনি কি অনলাইনে ঠিকানা পরিবর্তন করতে পারবেন,onlineAddressInquiry
আপনি কি অনলাইনে ঠিকানা পরিবর্তনের আবেদন করতে পারেন,onlineAddressInquiry
আমার ঠিকানা বদলে দিতে আবেদন করেছি,onlineAddressInquiry
আমার ঠিকানা বদলেছে,onlineAddressInquiry
আমার বর্তমান ঠিকানা সংশোধন করতে কি পদক্ষেপ নেবো,onlineAddressInquiry
আমি কি অনলাইনে আমার ঠিকানা বদলের জন্য আবেদন করতে পারি,onlineAddressInquiry
আমি কি অনলাইনে ঠিকানা পরিবর্তনের আবেদন করতে পারি,onlineAddressInquiry
আমি কি আমার ঠিকানা পরিবর্তনের জন্য অনলাইনে আবেদন করতে পারি,onlineAddressInquiry
আমি কি আমার নতুন ঠিকানা নথিভুক্ত করার জন্য ইন্টারনেটে আবেদন করতে পারি,onlineAddressInquiry
আমি কি ইন্টারনেটে আমার ঠিকানা পরিবর্তনের জন্য আবেদন করতে পারি,onlineAddressInquiry
আমি কি ইন্টারনেটের মাধ্যমে আমার ঠিকানা পরিবর্তনের জন্য আবেদন করতে পারি,onlineAddressInquiry
আমি কীভাবে আমার কার্ডের বর্তমান ঠিকানা সংশোধন করতে পারি,onlineAddressInquiry
আমি ঠিকানা চেঞ্জের জন্য আবেদন করেছি,onlineAddressInquiry
ইন্টারনেটে আমি কি আমার ঠিকানা বদলের আবেদন করতে পারি,onlineAddressInquiry
ইন্টারনেটে আমি কি আমার ঠিকানা বদলের জন্য আবেদন করতে পারি,onlineAddressInquiry
ইন্টারনেটে কি আমার ঠিকানা বদলের জন্য আবেদন করা যায়,onlineAddressInquiry
একই সাথে বর্তমান এবং স্থায়ী ঠিকানা পরিবর্তনের জন্য কি এপ্লাই করা যাবে,onlineAddressInquiry
এখন যেখানে থাকি সেই ঠিকানা ও গ্রামের বাড়ির ঠিকানা একসাথে চেঞ্জ করার জন্য কি আবেদন করতে পারি,onlineAddressInquiry
এড্রেস পরিবর্তন করার জন্য আবেদন করা হয়েছে,onlineAddressInquiry
এনআইডি কার্ডের ভোটার এলাকা পরিবর্তন অনলাইনে করা সম্ভব কি,onlineAddressInquiry
এনআইডি সংশোধনের জন্য অনলাইনে আবেদন এর জন্য ঠিকানা কি,onlineAddressInquiry
এনআইডি সংশোধনের জন্য অনলাইনে আবেদন করার অ্যাড্রেস কি,onlineAddressInquiry
এনআইডি সংশোধনের জন্য অনলাইনে আবেদন করার ঠিকানা কি,onlineAddressInquiry
কি আমার ঠিকানা বদলের জন্য অনলাইনে আবেদন করা যাবে,onlineAddressInquiry
কি আমি ইন্টারনেটে আমার ঠিকানা বদলের জন্য আবেদন করতে পারি,onlineAddressInquiry
কি ভাবে ইন্টারনেটে ভোটার এলাকা বদলাতে পারি,onlineAddressInquiry
ঠিকানা আপডেটের জন্য আবেদন করেছি,onlineAddressInquiry
ঠিকানা পরিবর্তন করলেও,onlineAddressInquiry
ঠিকানা পরিবর্তন করার জন্য কি অনলাইনে আবেদন করতে হবে,onlineAddressInquiry
ঠিকানা পরিবর্তন হয়ে গেছে,onlineAddressInquiry
ঠিকানা পরিবর্তন হয়ে গেলেও,onlineAddressInquiry
ঠিকানা পরিবর্তনের আবেদন করেছি এবং মাসেজ ও আসছে,onlineAddressInquiry
ঠিকানা পরিবর্তনের আবেদন কি অনলাইনে করা যাবে,onlineAddressInquiry
ঠিকানা পরিবর্তনের আবেদন কি অনলাইনে করা যায়,onlineAddressInquiry
ঠিকানা পরিবর্তনের জন্য অনলাইন আবেদন প্রক্রিয়া কি আছে,onlineAddressInquiry
ঠিকানা পরিবর্তনের জন্য আবেদন করেছি,onlineAddressInquiry
ঠিকানা পরিবর্তনের জন্য আবেদন কি ওয়েবসাইটের মাধ্যমে করা সম্ভব,onlineAddressInquiry
ঠিকানা বদলাতে চাই,onlineAddressInquiry
ঠিকানা বদলের আবেদন অনলাইনে করা যায় কি না,onlineAddressInquiry
ঠিকানা বদলের আবেদন করেছি মেসেজ পেয়েছি,onlineAddressInquiry
ঠিকানা বদলের জন্য কি অনলাইনে আবেদন করা যায়,onlineAddressInquiry
ঠিকানা সংশোধনের অনলাইন অপশন আছে কি,onlineAddressInquiry
ঠিকানা সংশোধনের জন্য অনলাইন ফর্ম আছে কি,onlineAddressInquiry
ঠিকানা সংশোধনের জন্য অনলাইনে আবেদন করা যাবে কি,onlineAddressInquiry
প্রেজেন্ট এড্রেস বা পরিবর্তন করতে হলে কীভাবে আবেদন করতে হয়,onlineAddressInquiry
বর্তমান এবং স্থায়ী ঠিকানা একই সময় পরিবর্তন করতে কি আবেদন করা যায়,onlineAddressInquiry
বর্তমান এবং স্থায়ী ঠিকানা একসাথে পরিবর্তনের জন্য কি আবেদন করতে হবে,onlineAddressInquiry
বর্তমান ও স্থায়ী ঠিকানা এট এ টাইম চেঞ্জ করার আবেদন কি করা সম্ভব,onlineAddressInquiry
বর্তমান ও স্থায়ী ঠিকানা কি একই সাথে পরিবর্তন করার জন্য আবেদন করা সম্ভব,onlineAddressInquiry
বর্তমান ও স্থায়ী ঠিকানা কি একই সাথে পরিবর্তনের জন্য আবেদন করা সম্ভব,onlineAddressInquiry
বর্তমান ঠিকানা অনলাইনে আপডেট করা যাবে,onlineAddressInquiry
বর্তমান ঠিকানা আপডেটের আবেদন অনলাইনে সম্ভব,onlineAddressInquiry
বর্তমান ঠিকানা কি অনলাইনে আবেদন করা যাবে,onlineAddressInquiry
বর্তমান ঠিকানা পরিবর্তন করতে চাই,onlineAddressInquiry
বর্তমান ঠিকানা পরিবর্তন করতে হলে কি করা দরকার,onlineAddressInquiry
বর্তমান ঠিকানা সংশোধনের আবেদন কি অনলাইনে করা যাবে,onlineAddressInquiry
বর্তমান ঠিকানা সংশোধনের জন্য অনলাইন কি ব্যবহার করতে হবে,onlineAddressInquiry
ভোটার এলাকা চেঞ্জ করা যায় কি অনলাইনে,onlineAddressInquiry
ভোটার এলাকা পরিবর্তনের আবেদন কি অনলাইনে করা যাবে,onlineAddressInquiry
ভোটার এলাকা পরিবর্তনের জন্য কি অনলাইন আবেদন করা যায়,onlineAddressInquiry
স্থায়ী ঠিকানা অনলাইনে সংশোধন করা যাবে কি,onlineAddressInquiry
স্থায়ী ঠিকানা আপডেটের জন্য অনলাইনে কোনো সিস্টেম আছে কি,onlineAddressInquiry
স্থায়ী ঠিকানা ঠিক করার জন্য অনলাইন আবেদন সম্ভব,onlineAddressInquiry
স্থায়ী ঠিকানা পরিবর্তনের জন্য অনলাইনে আবেদন করতে পারবো,onlineAddressInquiry
স্থায়ী ঠিকানা সংশোধন করতে কোন ওয়েবসাইটে যেতে হবে,onlineAddressInquiry
স্থায়ী ঠিকানা সংশোধনের অনলাইন পদ্ধতি কী,onlineAddressInquiry
স্থায়ী ঠিকানা সংশোধনের আবেদন কি অনলাইনে করা যাবে,onlineAddressInquiry
স্থায়ী ঠিকানা সংশোধনের জন্য অনলাইনে আবেদন করা যাবে কি,onlineAddressInquiry
অনলাইন এ কার্ড সংশোধন করে কিভাবে,onlineApplicationProcess
অনলাইন পোর্টালে কার্ডের সংশোধন আবেদন কিভাবে করবো,onlineApplicationProcess
অনলাইন সাইটে সংশোধনের জন্য কার্ড আবেদন করার নিয়ম কী,onlineApplicationProcess
অনলাইনে আমার এনআইডি কার্ড সংশোধনের জন্য কি করতে হবে,onlineApplicationProcess
অনলাইনে কার্ড এ নাম সংশোধন করার আবেদন পদ্ধতি কী,onlineApplicationProcess
অনলাইনে কার্ড এর বয়স সংশোধনের আবেদন জমা দেওয়ার উপায় কী,onlineApplicationProcess
অনলাইনে কার্ড সংশোধন করতে হলে কি করতে হবে,onlineApplicationProcess
অনলাইনে কার্ড সংশোধনের আবেদন পাঠানোর পর কি করা যায়,onlineApplicationProcess
অনলাইনে কার্ড সংশোধনের জন্য আবেদন করার লিঙ্ক কোনটি,onlineApplicationProcess
অনলাইনে কার্ড সংশোধনের জন্য আবেদন করেছি,onlineApplicationProcess
অনলাইনে কার্ড সংশোধনের জন্য ঠিকানা কী,onlineApplicationProcess
অনলাইনের মাধ্যমে কার্ড এর কোন জিনিসগুলা ঠিক করা যায় না,onlineApplicationProcess
আমার এনআইডি card এ অন্য ব্যক্তির তথ্য চলে এসেছে। কিভাবে সংশোধন করা যাবে,onlineApplicationProcess
আমার এনআইডি কার্ড সংশোধন করতে চেয়েছিলাম,onlineApplicationProcess
আমার এনআইডি কার্ড সংশোধনের জন্য আগে আমি আবেদন করেছিলাম কিন্তু কিছু কারণে সেটি বাতিল হয়ে গেছে। এখন আমি আবার নতুন আবেদন করতে যাচ্ছি। কিন্তু এই নতুন আবেদনের জন্য কত টাকা লাগবে তা জানতে চাই।,onlineApplicationProcess
আমার এনআইডি কার্ডে কিছু তথ্য সংশোধন করতে চেয়েছিলাম,onlineApplicationProcess
আমার এনআইডি কার্ডের জন্য অনলাইনে সংশোধন আবেদন কিভাবে করি,onlineApplicationProcess
আমার এননাইডি কার্ড সংশোধন হয়েছে,onlineApplicationProcess
আমার কার্ড রিলেটেড কোন ধরণের আবেদন অনলাইনে অসম্ভব,onlineApplicationProcess
আমার কার্ড সংশোধনের জন্য অনলাইনে আবেদন করা হয়েছে,onlineApplicationProcess
আমার কার্ডের সংশোধন হয়েছে তবে ডাউনলোড করা যাচ্ছে না।,onlineApplicationProcess
আমার চাকরি চেঞ্জ হইছে এখন এইটা কার্ডে কিভাবে আপডেট করতে পারি,onlineApplicationProcess
আমার নিজের কার্ডে আরেকজনের কার্ড এর তথ্য সংশোধনের পদ্ধতি কী,onlineApplicationProcess
আমি অনলাইনে এনআইডি কার্ড সংশোধনের জন্য আবেদন করেছি,onlineApplicationProcess
আমি অনলাইনে কার্ড সংশোধনের জন্য আবেদন করেছি,onlineApplicationProcess
আমি আমার এনআইডি কার্ড সংশোধন করতে চেয়েছিলাম,onlineApplicationProcess
আমি আমার কার্ডটা কয়বার আপডেট করাইতে পারব,onlineApplicationProcess
আমি আমার কার্ডে স্বাক্ষর আপডেট করতে চাই,onlineApplicationProcess
আমি এনআইডি সংশোধন সম্পর্কিত কোন ধরনের প্রশ্ন করতে পারি,onlineApplicationProcess
আমি কয়বার কার্ডের তথ্য ঠিক করতে পারব,onlineApplicationProcess
আমি কার্ডের তথ্য সংশোধন করে ডাউনলোড করেছি কিন্তু আগের তথ্যই আছে,onlineApplicationProcess
আমি কি এই সেবার মাধ্যমে আমার এনআইডি তথ্য আপডেট করতে পারি,onlineApplicationProcess
আমি কি এই সেবার মাধ্যমে আমার জাতীয় পরিচয় পত্র তথ্য আপডেট করতে পারি,onlineApplicationProcess
আমি কি করতে পারি আমার এনআইডি কার্ড সংশোধনের জন্য অনলাইনে,onlineApplicationProcess
আমি কীভাবে অনলাইনে এনআইডি কার্ড সংশোধন করতে পারি,onlineApplicationProcess
আমি জাতীয় পরিচয় পত্র সংশোধন সম্পর্কিত কোন ধরনের প্রশ্ন করতে পারি,onlineApplicationProcess
আমি মেসেজ পেয়েছি যে তথ্য যে সংশোধন দিয়েছিলাম তা হয়ে গেছে কিন্তু কার্ড আপডেট হচ্ছে না,onlineApplicationProcess
আমি সংশোধনের মেসেজ পেয়েছি কিন্তু কার্ডে তথ্য আপডেট হয়নি,onlineApplicationProcess
ইন্টারনেট এর কার্ড সংশোধনের ওয়ে সম্পর্কে জানতে চাই,onlineApplicationProcess
একই তথ্য কতবার পরিবর্তন করা যায়,onlineApplicationProcess
একই তথ্য কতবার সংশোধন করা যায়,onlineApplicationProcess
একই তথ্য কতবার সংশোধন বা পরিবর্তন করা যায়,onlineApplicationProcess
একটি কার্ড কতবার সংশোধন করা যায়,onlineApplicationProcess
একটি কার্ডে তথ্য সংশোধনের জন্য কি নির্দিষ্ট লিমিট আছে,onlineApplicationProcess
একটি তথ্য একাধিকবার সংশোধন করা যেতে পারে কি,onlineApplicationProcess
এনআইডি কার্ড এর ভুল সংশোধন হয়ে গেলে পরবর্তী ধাপে কীভাবে আইডি কার্ড পাবো,onlineApplicationProcess
এনআইডি কার্ড কুইকলি সংশোধন করতে কি বাড়তি খরচ লাগে,onlineApplicationProcess
এনআইডি কার্ড সংশোধন আবেদন অনলাইনে করেছি,onlineApplicationProcess
এনআইডি কার্ড সংশোধন দ্রুত করতে কি বাড়তি ফি দিতে হয়,onlineApplicationProcess
এনআইডি কার্ড সংশোধন দ্রুত করতে কি বাড়তি ফি দিতে হয়,onlineApplicationProcess
এনআইডি কার্ড সংশোধন দ্রুত করার কোন ফিস আছে কি,onlineApplicationProcess
এনআইডি কার্ড সংশোধন হওয়ার পর পুরনো তথ্য কেন দেখাচ্ছে,onlineApplicationProcess
এনআইডি কার্ড সংশোধন হয়ে গেছে,onlineApplicationProcess
এনআইডি কার্ড সংশোধন হয়ে গেছে কিন্তু আইডি কার্ড কিভাবে পাবো,onlineApplicationProcess
এনআইডি কার্ড সংশোধন হয়ে গেলে কোথা থেকে কার্ড নিতে হবে,onlineApplicationProcess
এনআইডি কার্ড সংশোধন হয়েছে,onlineApplicationProcess
এনআইডি কার্ড সংশোধনের জন্য অনলাইনে আবেদন করেছি,onlineApplicationProcess
এনআইডি কার্ড সংশোধনের জন্য এসএসসি সনদ চাওয়া হয়েছে,onlineApplicationProcess
এনআইডি কার্ড সংশোধনের জন্য কি এক্সট্রা পেমেন্ট করা লাগে,onlineApplicationProcess
এনআইডি কার্ড সংশোধনের জন্য দ্রুত সেবা পেতে কি ফি দিতে হবে,onlineApplicationProcess
এনআইডি কার্ডএ হাসব্যান্ডের নাম সংশোধন করতে কি কি লাগবে,onlineApplicationProcess
এনআইডি কার্ডে একই তথ্য একাধিকবার সংশোধন করা যায় কি,onlineApplicationProcess
এনআইডি কার্ডে তথ্য পরিবর্তনের প্রক্রিয়া কী,onlineApplicationProcess
এনআইডি কার্ডে নাম সংশোধন করতে গিয়ে সনদ চেয়েছে,onlineApplicationProcess
এনআইডি কার্ডে বার্থপ্লেস এর ভুল সংশোধনের জন্য কি কি কাগজ লাগবে,onlineApplicationProcess
এনআইডি কার্ডে মারা ব্যক্তির নাম সংশোধনের জন্য কী কী করতে হবে,onlineApplicationProcess
এনআইডি কার্ডের জন্মস্থান সংশোধন করতে কি কি লাগবে,onlineApplicationProcess
এনআইডি সংশোধন অনলাইনে কিভাবে করব,onlineApplicationProcess
এনআইডি সংশোধনের আবেদন ক্যানসেল,onlineApplicationProcess
এনআইডি সংশোধনের জন্য কোথায় যোগাযোগ করতে হবে,onlineApplicationProcess
এনআইডি সংশোধনের পর কার্ড ডাউনলোড করতে পারছি না,onlineApplicationProcess
এনআইডির সংশোধন করার জন্য অনলাইনে কি করতে হবে,onlineApplicationProcess
এসএমএস আসেছে যে তথ্য সংশোধন হয়ে গেছে কিন্তু কার্ডে তথ্য আপডেট হয়নি,onlineApplicationProcess
কারো কার্ড ঠিক করার জন্য অনলাইনে আবেদন করার এড্রেস কি,onlineApplicationProcess
কার্ড এর কোন বিষয়গুলো অনলাইনের মাধমেই ঠিক করা যায়,onlineApplicationProcess
কার্ড এর ভুল তথ্য সংশোধন শেষ হলে কীভাবে নতুন আইডি কার্ড সংগ্রহ করতে পারি,onlineApplicationProcess
কার্ড কয়বার সংশোধন করা যায়,onlineApplicationProcess
কার্ড ছবি ঘোলা কিভাবে চেঞ্জ করা যায়,onlineApplicationProcess
কার্ড ঠিক করার মেক্সিমাম লিমিট কতবার,onlineApplicationProcess
কার্ড রিলেটেড কি ধরনের আবেদন অনলাইন পোর্টাল এর মাধ্যমে করা সম্ভব,onlineApplicationProcess
কার্ড রিলেটেড কোন বিষয়গুলো অনলাইনের মাধ্যমে ঠিক করা যায় না,onlineApplicationProcess
কার্ড সংশোধন আজকের মাঝেই করার জন্য অতিরিক্ত খরচ কি,onlineApplicationProcess
কার্ড সংশোধন আবেদন ফর্ম হারানোর পর কি করণীয়,onlineApplicationProcess
কার্ড সংশোধন এর জন্য কোন ওয়েবসাইটে যেতে হবে,onlineApplicationProcess
কার্ড সংশোধন করতে হলে অনলাইনে কোথায় আবেদন করা যায়,onlineApplicationProcess
কার্ড সংশোধন করার জন্য ইন্টারনেটে আবেদন করব কীভাবে,onlineApplicationProcess
কার্ড সংশোধন দ্রুত করতে কি কোনো অতিরিক্ত ফি দিতে হয়,onlineApplicationProcess
কার্ড সংশোধন দ্রুত করতে কি কোনো ফি আছে,onlineApplicationProcess
কার্ড সংশোধন দ্রুত করার জন্য অতিরিক্ত খরচ কি,onlineApplicationProcess
কার্ড সংশোধন দ্রুত করার জন্য কি কোনো ফি আছে,onlineApplicationProcess
কার্ড সংশোধন মোবাইল দিয়ে এপ্লাই করতে হলে প্রক্রিয়াটি কী,onlineApplicationProcess
কার্ড সংশোধন হয়ে গেছে,onlineApplicationProcess
কার্ড সংশোধনের আবেদন পাঠানোর পর আমাকে কি করতে হবে,onlineApplicationProcess
কার্ড সংশোধনের জন্য অনলাইনে আবেদন করেছি,onlineApplicationProcess
কার্ড সংশোধনের জন্য অনলাইনে আবেদনের অ্যাড্রেস কি,onlineApplicationProcess
কার্ড সংশোধনের জন্য কি কোনো ইমারজেন্সি ফি আছে,onlineApplicationProcess
কার্ড সংশোধনের জন্য কি কোনো স্পেশাল ফি আছে,onlineApplicationProcess
কার্ড সংশোধনের জন্য সর্বাধিক কয়বার সুযোগ পাবো,onlineApplicationProcess
কার্ড সংশোধনের সীমা কত,onlineApplicationProcess
কার্ডে আমার স্বাক্ষর চেঞ্জ করতে কি করা লাগবে,onlineApplicationProcess
কার্ডে আরেকজনের ছবি দিয়া দিছে কিভাবে সংশোধন করতে হবে,onlineApplicationProcess
কার্ডে চাকুরির তথ্য পরিবর্তন করতে হলে করনীয় কি,onlineApplicationProcess
কার্ডে তথ্য সঠিক করবার জন্য কতবার আবেদন করা যাবে,onlineApplicationProcess
কার্ডে নতুন পেশা আপডেট করার নিয়ম কী,onlineApplicationProcess
কার্ডে পেশা আপডেট করতে কিভাবে আবেদন করব,onlineApplicationProcess
কার্ডে পেশা পরিবর্তন করতে হলে কোথায় যোগাযোগ করব,onlineApplicationProcess
কার্ডে পেশা পরিবর্তনের জন্য আবেদন করার উপায় কী,onlineApplicationProcess
কার্ডে পেশা বদলানো যায়,onlineApplicationProcess
কার্ডে পেশা বদলানোর প্রক্রিয়া কী,onlineApplicationProcess
কার্ডে পেশার তথ্য ঠিক করতে কী করণীয়,onlineApplicationProcess
কার্ডে প্রফেশন আপডেট করতে করনীয় কি,onlineApplicationProcess
কার্ডে ব্লাড রিলেটেড ইনফো ঠিক করতে কি করা লাগবে,onlineApplicationProcess
কার্ডে সাইন টা আপডেট করতে কি করা লাগবে,onlineApplicationProcess
কার্ডে সিগনেচার পরিবর্তন করতে হলে কি কি দরকার,onlineApplicationProcess
কার্ডে সিগনেচার রিলেটেড জিনসপত্র আপডেট করে কিভাবে,onlineApplicationProcess
কার্ডের ছবি পরিবর্তন করতে হলে কোন অফিসে যেতে হবে,onlineApplicationProcess
কার্ডের তথ্য কিভাবে সংশোধন করা যায়,onlineApplicationProcess
কার্ডের তথ্য পরিবর্তন করার জন্য কি প্রক্রিয়া রয়েছে,onlineApplicationProcess
কার্ডের তথ্যের সংশোধনের জন্য কি অনলাইন আবেদন করা যায়,onlineApplicationProcess
কি কি সংশোধনগুলো অনলাইনের মাধ্যমে করা যায় না,onlineApplicationProcess
কিভাবে আমি আমার নতুন এনআইডি পোর্টালে সংশোধন করতে পারি,onlineApplicationProcess
কিভাবে মৃত ব্যক্তির আইডি কার্ডের তথ্য সংশোধন করব,onlineApplicationProcess
কীভাবে অনলাইন এনআইডি পোর্টালে সংশোধন আবেদন করতে হয়,onlineApplicationProcess
কীভাবে অনলাইনে কার্ড পোর্টালে সংশোধন আবেদন করতে হয়,onlineApplicationProcess
কীভাবে এনআইডি পোর্টালে সংশোধন আবেদন করতে হয়,onlineApplicationProcess
কীভাবে এনআইডির ছবি পরিবর্তন করা যায়,onlineApplicationProcess
কীভাবে কার্ড সংশোধনের কাজ অনলাইনে করা সম্ভব,onlineApplicationProcess
কীভাবে কার্ডে স্বাক্ষর পরিবর্তন করা যাবে,onlineApplicationProcess
কেউ মারা গেলে তার আইডি সংশোধনের জন্য কোন পদ্ধতি অনুসরণ করতে হবে,onlineApplicationProcess
কেউ মারা গেলে সেই ব্যক্তির এনআইডি কার্ড সংশোধনের জন্য কি কাগজপত্র লাগবে,onlineApplicationProcess
কেউ যদি তার কার্ড সংশোধন করতে হলে কি ওয়েবসাইট ব্যবহার করতে হবে,onlineApplicationProcess
কোন উপায়ে অনলাইনে কার্ড সংশোধনের আবেদন করা যাবে,onlineApplicationProcess
চিপসহ কার্ড সংশোধন করার পর অনলাইলে একটা পেল্যাম কেন,onlineApplicationProcess
জন্ম তারিখ সংশোধনের আবেদন কীভাবে করা যায়,onlineApplicationProcess
জাতীয় পরিচয়পত্র এ একটা তথ্য কয়বার আপডেট করা যায়,onlineApplicationProcess
জাতীয় পরিচয়পত্র নতুন করে করতে চাইলে কি করতে হবে,onlineApplicationProcess
তথ্য সংশোধন করতে কাগজপত্র কই জমা দিতে হবে,onlineApplicationProcess
তথ্য সংশোধনের জন্য অনলাইনে আবেদন করা যাবে কি,onlineApplicationProcess
দশ ডিজিট নম্বরের আইডি কার্ড পেয়ে পিন পরিবর্তন করতে সমস্যা হচ্ছে,onlineApplicationProcess
নতুন আইডি কার্ড পাব কোথা থেকে সংশোধনের পর,onlineApplicationProcess
নিড কার্ড ফাস্টে সংশোধন করতে কি এক্সট্রা ফি দিতে হয়,onlineApplicationProcess
পেশা পরিবর্তনের কিভাবে করে,onlineApplicationProcess
পেশা পরিবর্তনের জন্য কি করতে হবে,onlineApplicationProcess
পেশা সংশোধনের জন্য আমি কোথায় যাব,onlineApplicationProcess
বিভিন্ন তথ্যের রং আসছে সেটা সংশোধনে কি করতে হবে,onlineApplicationProcess
ভোটার স্থানান্তরের আবেদন চলাকালীন কি কার্ড সংশোধন করা যাবে,onlineApplicationProcess
মারা যাওয়া ব্যক্তির এনআইডি কার্ডের তথ্য সংশোধন কিভাবে করা যাবে,onlineApplicationProcess
মৃত ব্যক্তির আইডি কার্ড সংশোধন করতে কি করণীয়,onlineApplicationProcess
মৃত ব্যক্তির আইডিকার্ড সংশোধন করতে কি করণীয়,onlineApplicationProcess
মৃতের আইডি কার্ড সংশোধনের প্রক্রিয়া কি,onlineApplicationProcess
সংশোধন করে কার্ড ডাউনলোড করলাম তবুও আগের তথ্য দেখাচ্ছে,onlineApplicationProcess
সংশোধন হওয়ার পর কার্ড ডাউনলোড করলে আগের তথ্য দেখায়,onlineApplicationProcess
সংশোধনের পর অ্যানআইডি কার্ড ডাউনলোড করার কোনো উপায় নেই।,onlineApplicationProcess
সংশোধনের পর আইডি কার্ড কিভাবে পাব,onlineApplicationProcess
সংশোধনের পর কার্ড ডাউনলোড করলে আগের তথ্য দেখা যাচ্ছে,onlineApplicationProcess
সংশোধনের পর কার্ড ডাউনলোড করার জন্য কোনো বাটন নেই।,onlineApplicationProcess
সংশোধনের পর ডাউনলোড করা কার্ডে আগের তথ্য দেখানো হচ্ছে,onlineApplicationProcess
সংশোধনের পর নতুন তথ্য কার্ডে আসেনি,onlineApplicationProcess
সংশোধনের পরেও কি কার্ডে আগের তথ্য দেখাবে,onlineApplicationProcess
সংশোধনের মেসেজ পেয়েছি কিন্তু কার্ড আপডেট না,onlineApplicationProcess
সংশোধনের মেসেজ পেয়েছি কিন্তু কার্ড ডাউনলোড করতে পারছি না,onlineApplicationProcess
সংশোধনের মেসেজ পেয়েছি কিন্তু সংশোধিত তথ্য কার্ডে আসে নাই,onlineApplicationProcess
সংশোধিত আইডি কার্ড পাব কোথা থেকে,onlineApplicationProcess
সর্বোচ্চ কয়বার একটা কার্ড আপডেট করা যায়,onlineApplicationProcess
সিগনেচার আপডেট এর জন্য কিভাবে আবেদন করব,onlineApplicationProcess
স্বাক্ষর পরিবর্তনের প্রক্রিয়া কী,onlineApplicationProcess
অনলাইন পোর্টালে আগের রেজিষ্ট্রেশন দিয়ে কিভাবে লগ ইন করব,onlineServicesInquiry
অনলাইন পোর্টালে কি কি সেবা পাওয়া যায়,onlineServicesInquiry
অনলাইন পোর্টালে কি ধরনের কাজ করা যাবে,onlineServicesInquiry
অনলাইন পোর্টালে নতুন একাউন্ট কিভাবে করতে হবে,onlineServicesInquiry
অনলাইন পোর্টালে রেজিষ্ট্রেশন করবো কিভাবে,onlineServicesInquiry
অনলাইন পোর্টালে রেজিষ্ট্রেশন করার জন্য কী ধরণের তথ্য দিতে হবে,onlineServicesInquiry
অনলাইন পোর্টালে সাইন আপ করার জন্য প্রথমে কী করতে হবে,onlineServicesInquiry
অনলাইন ভোটার রেজিস্ট্রেশনের পর কি কি কাগজপত্র দাখিল করতে হবে,onlineServicesInquiry
অনলাইনে আগে নিবন্ধন করছি এখন লগ-ইন করব কীভাবে,onlineServicesInquiry
অনলাইনে আবেদন করা হয়েছে,onlineServicesInquiry
অনলাইনে আবেদন করা হয়েছে,onlineServicesInquiry
অনলাইনে আবেদন করার পর কিভাবে ফরম জমা দিতে হবে,onlineServicesInquiry
অনলাইনে আবেদন করার পর কী কী কাগজপত্র জমা দেওয়া দরকার,onlineServicesInquiry
অনলাইনে আবেদন করার পর কোন কাগজপত্র জমা দিতে হবে,onlineServicesInquiry
অনলাইনে আবেদন করার পর ফর্ম কোথায় জমা দিব,onlineServicesInquiry
অনলাইনে এনআইডি সেবা কি কি করে,onlineServicesInquiry
অনলাইনে এনআইডি সেবা কি কি করে না,onlineServicesInquiry
অনলাইনে কি কি আবেদন করা যায় না,onlineServicesInquiry
অনলাইনে কি কি ধরণের আবেদন করা যায়,onlineServicesInquiry
অনলাইনে কি কি সেবা পাওয়া যায় এনআইডি ওয়েবপোর্টাল থেকে,onlineServicesInquiry
অনলাইনে কি কি সেবা পাওয়া যায় না এনআইডি ওয়েবপোর্টাল থেকে,onlineServicesInquiry
অনলাইনে কি কি সেবা পাবো এনআইডি সার্ভিস থেকে,onlineServicesInquiry
অনলাইনে কি কি সেবা পাবো না এনআইডি সার্ভিস থেকে,onlineServicesInquiry
অনলাইনে কি ধরণের আবেদন করা যায়,onlineServicesInquiry
অনলাইনে কি ধরণের আবেদন করা যায় না,onlineServicesInquiry
অনলাইনে কী কী সেবা প্রদান করা হয়ে থাকে,onlineServicesInquiry
অনলাইনে কোন আবেদন করা যাবে না,onlineServicesInquiry
অনলাইনে কোন ধরনের পরিষেবা পাওয়া যাবে,onlineServicesInquiry
অনলাইনে নতুন কার্ড আবেদন করার পর জমা দিতে হবে কোন পেপারস গুলি,onlineServicesInquiry
অনলাইনে নতুন ভোটার নিবন্ধনের জন্য কোন ঠিকানায় আবেদন করতে হবে,onlineServicesInquiry
অনলাইনে নতুন ভোটার রেজিস্ট্রেশনের জন্য কোন ঠিকানায় আবেদন করতে হবে,onlineServicesInquiry
অনলাইনে নিবন্ধন আবেদন করেছি,onlineServicesInquiry
অনলাইনে ফরম জমা দেওয়ার স্থান কোথায়,onlineServicesInquiry
অনলাইনে ভোটার আবেদন জমা দেওয়ার পর কাগজপত্র কোথায় জমা দিতে হবে,onlineServicesInquiry
অনলাইনে ভোটার হওয়ার আবেদন ফর্ম কোথায় জমা দেবো,onlineServicesInquiry
অনলাইনে ভোটার হিসেবে নিবন্ধন করতে হলে কোন ঠিকানায় যেতে হবে,onlineServicesInquiry
অনলাইনে যে পোর্টাল আছে তাতে কিভাবে রেজিস্ট্রেশন করা যায়,onlineServicesInquiry
অনলাইনে সংশোধন আবেদন করতে এনআইডি পোর্টালে যাবো কিভাবে,onlineServicesInquiry
অনেক আগে করা এনআইডি অনলাইন পোর্টাল রেজিস্ট্রেশন দিয়ে এখনো কি লগইন করা যাবে,onlineServicesInquiry
আগে কার্ড এর পোর্টাল এ রেজিস্ট্রেশন করা ছিল এখন কিভাবে লগ-ইন করব,onlineServicesInquiry
আমার এনআইডি  এর ভোটার এলাকা অনলাইনে ট্রান্সফার করা যাবে,onlineServicesInquiry
আমার বয়স আঠারো অনলাইনে আবেদন দেওয়ার পর কি কি কাগজপত্র জমা দিতে হবে,onlineServicesInquiry
আমি আগে অনলাইনে রেজিস্ট্রেশন করিনি,onlineServicesInquiry
আমি ইন্টারনেটের মাধ্যমে কি কি আবেদন করতে পারব না তা জানতে চাই। আপনি কি আমাকে সাহায্য করতে পারেন,onlineServicesInquiry
আমি এখন ভোটার হিসেবে অনলাইনে আবেদন করার পর কোন দলিলাদি জমা দিতে হবে,onlineServicesInquiry
আমি কিভাবে কার্ড এর অনলাইন সাইট এ রেজিস্টার করবো,onlineServicesInquiry
আমি কীভাবে অনলাইনে এনআইডি যাচাইকরণের স্ট্যাটাস চেক করতে পারি,onlineServicesInquiry
আমি কীভাবে অনলাইনে জাতীয় পরিচয় পত্র যাচাইকরণের স্ট্যাটাস চেক করতে পারি,onlineServicesInquiry
আমি কীভাবে অনলাইনে ভোটার আইডি যাচাইকরণের স্ট্যাটাস চেক করতে পারি,onlineServicesInquiry
আমি জানতে চাই ইন্টারনেটের মাধ্যমে কি কি আবেদন করা যায় না।,onlineServicesInquiry
আমি নতুন ভোটার হওয়ার জন্য অনলাইনে অ্যাপ্লিকেশন করার পর কি কি পেপারস জমা দিতে হয়,onlineServicesInquiry
আমি বিভিন্ন ধরনের আবেদন ইন্টারনেটের মাধ্যমে করতে চাই। কিন্তু কি কি বিষয়ে ইন্টারনেটে আবেদন করা যাবে না তা জানতে আগ্রহী।,onlineServicesInquiry
ইন্টারনেট এ কি আবেদনগুলা করা যাবে,onlineServicesInquiry
ইন্টারনেট এর পোর্টাল এ রেজিষ্ট্রেশন করার পদ্ধতি টা কী,onlineServicesInquiry
ইন্টারনেট ব্যবহার করে আমি অনেক কাজ করতে পারি যার মধ্যে আবেদন করাও অন্তর্ভুক্ত। তবে কি কি ধরনের আবেদন ইন্টারনেটের মাধ্যমে সম্ভব নয় তা জানতে চাই।,onlineServicesInquiry
ইন্টারনেটে কি কি আবেদন করা যায় না বলো তো,onlineServicesInquiry
ইন্টারনেটে কি কি আবেদন যায় না,onlineServicesInquiry
ইন্টারনেটের মাধ্যমে কি কি আবেদন করা যাবে না,onlineServicesInquiry
ইন্টারনেটের মাধ্যমে কি ধরনের আবেদন আমি করতে পারব না,onlineServicesInquiry
এনআইডি অনলাইন আবেদন করার পদ্ধতি কী,onlineServicesInquiry
এনআইডি অনলাইন পোর্টালে অনেক আগে রেজিষ্ট্রেশন করেছিলাম এখন কি সেই ইউজার আইডি ও পাসওয়ার্ড দিয়ে লগিন করতে পারবো,onlineServicesInquiry
এনআইডি অনলাইন পোর্টালে নতুন ভোটারের জন্য কিভাবে আবেদন করবো,onlineServicesInquiry
এনআইডি অনলাইন পোর্টালে পূর্বে রেজিষ্ট্রেশন করেছিলাম এখন কিভাবে লগ-ইন করবো,onlineServicesInquiry
এনআইডি অনলাইন পোর্টালে রেজিষ্ট্রেশন করবো কিভাবে,onlineServicesInquiry
এনআইডি অনলাইন রেজিষ্ট্রেশন করেছি,onlineServicesInquiry
এনআইডি পোর্টালের এড্রেস জানতে চাই।,onlineServicesInquiry
এনআইডি সার্ভিসের ওয়েবপোর্টালে কি কি সেবা রয়েছে,onlineServicesInquiry
এনআইডির জন্য ওয়েবপোর্টালে কি কি সেবা দেয়া হয়,onlineServicesInquiry
এনআইডির জন্য ওয়েবপোর্টালে কি কি সেবা দেয়া হয় না,onlineServicesInquiry
ওয়েবপোর্টালে কি কি সেবা প্রদান করা হয় এনআইডির জন্য,onlineServicesInquiry
ওয়েবপোর্টালে কি কি সেবা প্রদান করা হয় না এনআইডির জন্য,onlineServicesInquiry
ওয়েব পোর্টাল এ লেখা আসতেছে,onlineServicesInquiry
কার্ড অনলাইন পোর্টালে নিবন্ধন করে কীভাবে,onlineServicesInquiry
কার্ড এ অনলাইন রেজিষ্ট্রেশন করেছি,onlineServicesInquiry
কার্ড এর অনলাইন পোর্টালে পূর্বে রেজিষ্ট্রেশন করেছিলাম,onlineServicesInquiry
কার্ড এর অনলাইন পোর্টালে লগইন করার পদ্ধতি কী,onlineServicesInquiry
কার্ড এর অনলাইন যে সাইট আছে সেটাতে রেজিস্ট্রেশন করে কিভাবে,onlineServicesInquiry
কার্ড এর অনলাইন সাইট এ রেজিস্ট্রেশন করবো কিভাবে,onlineServicesInquiry
কার্ড এর অনলাইন সাইটে লগইন করে কিভাবে,onlineServicesInquiry
কার্ড এর ওয়েব পোর্টালে রেজিষ্ট্রেশন করতে কিভাবে,onlineServicesInquiry
কার্ড এর ওয়েবসাইটে পূর্বের রেজিষ্ট্রেশন থেকে লগ-ইন করা যায় কিভাবে,onlineServicesInquiry
কার্ড পোর্টালে রেজিষ্ট্রেশন করার নিয়ম কী,onlineServicesInquiry
কার্ডের কোন ধরণের আবেদন নেট এ করা যাবে না,onlineServicesInquiry
কি কি সেবা আমি পাবো জাতীয় পরিচয়পত্রের ওয়েবপোর্টাল থেকে,onlineServicesInquiry
কি কি সেবা প্রদান করা হয় অনলাইনে এনআইডির জন্য,onlineServicesInquiry
কি কি সেবা প্রদান করা হয় না অনলাইনে এনআইডির জন্য,onlineServicesInquiry
কি ধরনের আবেদন করা সম্ভব,onlineServicesInquiry
কি ধরনের আবেন অনলাইন পোর্টালে করা নিষেধ,onlineServicesInquiry
কী কী আবেদন অনলাইনে করা যায়,onlineServicesInquiry
কোন কাজগুলা অনলাইনে গ্রহণযোগ্য নয়,onlineServicesInquiry
কোন ধরণের আবেদন অনলাইনে করা যায় না,onlineServicesInquiry
কোন ধরনের কার্ড সম্পর্কিত আবেদনগুলো অনলাইনে করা যায় না,onlineServicesInquiry
জাতীয় পরিচয়পত্রের জন্য অনলাইনে কি কি সেবা পাব,onlineServicesInquiry
জাতীয় পরিচয়পত্রের জন্য অনলাইনে কি কি সেবা পাব না,onlineServicesInquiry
জাতীয় পরিচয়পত্রের জন্য আবেদন কীভাবে করবো,onlineServicesInquiry
জাতীয় পরিচয়পত্রের জন্য ওয়েবপোর্টালে কি কি সেবা পাবো,onlineServicesInquiry
জাতীয় পরিচয়পত্রের জন্য ওয়েবপোর্টালে কি কি সেবা পাবো না,onlineServicesInquiry
নতুন এনআইডি পেতে অনলাইন আবেদন কোথায় করবো,onlineServicesInquiry
নতুন ভোটার আবেদন অনলাইনে কীভাবে করবো,onlineServicesInquiry
নতুন ভোটার এলাকা এর জন্য কিভাবে ওয়েবসাইট দিয়ে এপ্লাই করা যাবে কি,onlineServicesInquiry
নতুন ভোটার নিবন্ধনের জন্য অনলাইন আবেদন কোথায় করবো,onlineServicesInquiry
নতুন ভোটার হওয়ার জন্য অনলাইনে আবেদন করার পর কি কি কাগজ জমা দিতে হয়,onlineServicesInquiry
নতুন ভোটার হওয়ার জন্য অনলাইনে আবেদন করার পর কি কি কাগজপত্র জমা দিতে হয়,onlineServicesInquiry
নতুন ভোটার হওয়ার জন্য অনলাইনে আবেদন করার পর কি কি ডক্স জমা দিতে হয়,onlineServicesInquiry
নতুন ভোটার হওয়ার জন্য অনলাইনে ফর্ম পূরণ করবো কীভাবে,onlineServicesInquiry
নতুন ভোটার হওয়ার জন্য ইন্টারনেটে কোথায় আবেদন করতে হবে,onlineServicesInquiry
নতুন ভোটার হওয়ার জন্য কোন ওয়েবসাইটে আবেদন করতে হয়,onlineServicesInquiry
নতুন ভোটার হিসেবে অনলাইনে কীভাবে আবেদন করবো,onlineServicesInquiry
নতুন ভোটার হিসেবে আবেদন করতে হলে কোন অনলাইন ঠিকানায় যেতে হবে,onlineServicesInquiry
নতুন ভোটার হিসেবে নিজেকে অনলাইনে নিবন্ধন করবো কীভাবে,onlineServicesInquiry
নতুন ভোটারের জন্য অনলাইনে নিবন্ধন করতে কী করতে হবে,onlineServicesInquiry
পূর্বে রেজিষ্ট্রেশন করা ছিল কিভাবে লগইন করব এখন,onlineServicesInquiry
প্রথমবার ভোটার হিসেবে অনলাইনে ফর্ম পূরণ করার পর কোথায় জমা দিতে হবে,onlineServicesInquiry
ফরম নম্বর আছে আগে কার্ড নেই নাই অনলাইন এ রেজিস্ট্রেশন করতে পারতেছি না কি দিয়ে রেজিস্ট্রেশন করতে পারি,onlineServicesInquiry
ফর্ম ডাউনলোড করে জমা দেওয়ার জন্য কোথায় যেতে হবে,onlineServicesInquiry
ভোটার নিবন্ধন ফরম ডাউনলোড করার পর কোথায় জমা দিবো,onlineServicesInquiry
আমার এনআইডি আবেদন দূতাবাসে পেন্ডিং,overseasRegistration
আমার কার্ডের জন্য বিদেশ থেকে আবেদন করা হয়েছে,overseasRegistration
আমার পাসপোর্টের মেয়াদ শেষ হয়ে গেছে। আমি কি দেশে থাকি না বলে কার্ড বা ভোটার নিবন্ধনের আবেদন করতে পারবো,overseasRegistration
আমার পাসপোর্টের মেয়াদ শেষ হয়ে গেছে। আমি কি প্রবাস থেকে এনআইডি বা ভোটার নিবন্ধনের আবেদন করতে পারবো,overseasRegistration
আমার ভাই সৌদি থাকে সে কি অইখান থেকে ভোটার হতে পারবে,overseasRegistration
আমি অস্ট্রেলিয়ায় বসবাস করি। বাংলাদেশের এনআইডি কার্ড পেতে আমার কি করতে হবে,overseasRegistration
আমি আমেরিকায় আছি এখান থেকে কি এনআইডি কার্ড বানানো যায়,overseasRegistration
আমি ইউরোপে আছি। বাংলাদেশের এনআইডি কার্ডের জন্য আবেদন করতে কি করতে হবে,overseasRegistration
আমি ইতালিতে আছি। কি করে আমি বাংলাদেশের এনআইডি কার্ড পেতে পারি,overseasRegistration
আমি এম্বাসী বা দূতাবাসে এনআইডি বা ভোটার নিবন্ধন আবেদন জমা দিয়েছি,overseasRegistration
আমি কানাডায় আছি। কি করে আমি বাংলাদেশের এনআইডি কার্ড পাব,overseasRegistration
আমি কি বিদেশ থেকে বাংলাদেশের ভোটার আইডি কার্ডের জন্য আবেদন করতে পারি,overseasRegistration
আমি কোরিয়াতে আছি। বাংলাদেশের এনআইডি কার্ড পেতে কি করতে হবে,overseasRegistration
আমি জাপানে আছি কি করে আমি বাংলাদেশের এনআইডি কার্ড পাব,overseasRegistration
আমি জার্মানিতে আছি। বাংলাদেশের এনআইডি কার্ড নিবন্ধন কি করা যায়,overseasRegistration
আমি দুবাইতে থাকি। বাংলাদেশের এনআইডি কার্ডের জন্য কি এখান থেকে আবেদন করতে পারি,overseasRegistration
আমি দূতাবাসে আবেদন করেছি,overseasRegistration
আমি দেশে থাকি না বাহিরে থাকি এনআইডি বা ভোটার নিবন্ধনের জন্য আবেদন দিয়েছি দূতাবাসে,overseasRegistration
আমি প্রবাস থেকে এনআইডি কার্ডের জন্য আবেদন করেছি,overseasRegistration
আমি প্রবাসী বিদেশে থাকি অনেক বছর এনআইডি বা ভোটার নিবন্ধনের জন্য দূতাবাসে আবেদন জমা দিয়েছি। বর্তমান অবস্থা কি,overseasRegistration
আমি প্রবাসী হিসেবে এনআইডি নিবন্ধন করেছি,overseasRegistration
আমি প্রবাসে থাকি এবং এনআইডি কার্ডের জন্য আবেদন করেছি; উপজেলা থেকে অনুমোদন পেয়েছি,overseasRegistration
আমি ফরেইনার দূতাবাসে এনআইডি বা ভোটার নিবন্ধন আবেদন করেছি,overseasRegistration
আমি ফ্রান্সে থাকি। বাংলাদেশের এনআইডি কার্ডের জন্য আবেদন কি করা যায়,overseasRegistration
আমি বংলাদেশের বাইরে থাকি তাই জাতীয় পরিচয়পত্র বা ভোটার কার্ড নিবন্ধনের জন্য কি করণীয় আছে,overseasRegistration
আমি বাংলাদেশে আমার এনআইডি করেছিলাম,overseasRegistration
আমি বাংলাদেশে নাগরিক মর্যাদা পেয়েছিলাম,overseasRegistration
আমি বাংলাদেশে ভোটার হয়েছিলাম কিন্তু এখন আমি বিদেশে,overseasRegistration
আমি বাংলাদেশের বাইরে আছি। আমি কি এনআইডি কার্ডের জন্য আবেদন করতে পারি,overseasRegistration
আমি বিদেশ থাহি হলে ভোটার কার্ড পেতে কী করতে হবে,overseasRegistration
আমি বিদেশ থেকে এনআইডি কার্ডের জন্য আবেদন করেছি,overseasRegistration
আমি বিদেশি হিসেবে ভোটার নিবন্ধনের আবেদন করেছি,overseasRegistration
আমি বিদেশে থাকতে এনআইডি কার্ডের জন্য আবেদন করেছি এবং উপজেলা থেকে অনুমোদন পেয়েছি কিন্তু এখনো কোন মেসেজ পাইনি। কী করতে পারি,overseasRegistration
আমি বিদেশে থাকলে কি করে আমার জাতীয় পরিচয়পত্র এবং ভোটার কার্ড করতে পারি,overseasRegistration
আমি বিদেশে থাকি,overseasRegistration
আমি বিদেশে থাকি এনআইডি নিবন্ধন করার পর এনআইডি কার্ড কবে আসবে,overseasRegistration
আমি বিদেশে থাকি বাংলাদেশে ভোটার নিবন্ধন করতে কি করতে হবে,overseasRegistration
আমি বিদেশে থাকি; কার্ডের জন্য আবেদন করেছি,overseasRegistration
আমি বিদেশে থেকে কার্ডের জন্য আবেদন করেছিলাম,overseasRegistration
আমি বিদেশে বসে এনআইডি কার্ডের জন্য আবেদন করেছি,overseasRegistration
আমি যুক্তরাজ্যে থাকি। আমি কি বাংলাদেশের এনআইডি কার্ড পেতে পারি,overseasRegistration
আমি যেহেতু বিদেশে থাকি তাই জাতীয় পরিচয়পত্র কিংবা ভোটার নিবন্ধনের জন্য কী করণীয়,overseasRegistration
আমি সিঙ্গাপুরে থাকি। এখান থেকে এনআইডি কার্ড করা যায় কি,overseasRegistration
আমি সৌদি আরবে আছি। এনআইডি কার্ড কি এখান থেকে করা যায়,overseasRegistration
আমি স্পেনে আছি। বাংলাদেশের এনআইডি কার্ডের জন্য কি করতে হবে,overseasRegistration
এনআইডি কার্ড পেতে আমাকে বাংলাদেশে যেতে হবে কি-না প্রবাসী থাকাকালীন,overseasRegistration
এম্বাসী বা দূতাবাসে আবেদন করে কার্ড কবে পাবো,overseasRegistration
কোন কেন দেশে প্রবাসী ভোটার করা হয়,overseasRegistration
কোন কোন দেশ থেকে এনআইডি বা ভোটার নিবন্ধন করা যায়,overseasRegistration
কোন কোন দেশ থেকে এনআইডি বা ভোটার নিবন্ধন করা যায় না,overseasRegistration
কোন কোন দেশে এনআইডি বা ভোটার নিবন্ধন করা অসম্ভব,overseasRegistration
কোন কোন দেশে এনআইডি বা ভোটার নিবন্ধন করা সম্ভব,overseasRegistration
কোন কোন দেশে এনআইডি বা ভোটার নিবন্ধন করা সম্ভব না,overseasRegistration
কোন দেশগুলোতে প্রবাসীরা এনআইডি বা ভোটার নিবন্ধন করতে পারে,overseasRegistration
কোন দেশে আমি প্রবাসী হিসেবে এনআইডি করতে পারি,overseasRegistration
দূতাবাসে আবেদন দিয়েছি তো,overseasRegistration
দূতাবাসে বা এম্বেসিতে নিবন্ধনের আবেদন দিয়েছি,overseasRegistration
দেশের বাহিরে থেকে ভোটার নিবন্ধন করার জন্য কোন পদক্ষেপ নিতে হবে,overseasRegistration
পাস পোর্টের মেয়াদ শেষ হলেও বিদেশে বসে এনআইডি আবেদন করা যাবে কি,overseasRegistration
পাসপোর্ট মেয়াদ শেষ হলে বিদেশে থাকার সময় এনআইডি করা যায় কি,overseasRegistration
পাসপোর্টের এক্সপেয়ার শেষ হলে কি আমি দেশের বাহিরে বসে কার্ড নিবন্ধন করতে পারব,overseasRegistration
পাসপোর্টের ডেট শেষ হলে কি এনআইডি আবেদন করা যাবে,overseasRegistration
পাসপোর্টের মেয়াদ না থাকলে কি প্রবাসে বসে ভোটার নিবন্ধন সম্ভব,overseasRegistration
পাসপোর্টের মেয়াদ শেষ হয়ে গেলে বিদেশে বা প্রবাসে থাকা অবস্থায় এনআইডি নিবন্ধন করা সম্ভব কি,overseasRegistration
পাসপোর্টের মেয়াদ শেষ হলে প্রবাসী হিসেবে কি ভোটার নিবন্ধন করা যাবে,overseasRegistration
পাসপোর্টের সময় শেষ হওয়ার পরেও কি দেশের বাহির থাকা অবস্থায় ভোটার নিবন্ধন করা যাবে,overseasRegistration
প্রবাসী এনআইডি বা ভোটার নিবন্ধনের জন্য এম্বাসীতে আবেদন জমা দিয়ে এসেছি। এনআইডি কার্ড কবে পাবো,overseasRegistration
প্রবাসী এনআইডি বা ভোটার নিবন্ধনের জন্য এম্বাসীতে আবেদন জমা দিয়ে এসেছি। বর্তমান অবস্থা কি,overseasRegistration
প্রবাসী এনআইডি বা ভোটার নিবন্ধনের জন্য দূতাবাসে আবেদন জমা দিয়ে এসেছি। এনআইডি কার্ড কবে পাবো,overseasRegistration
প্রবাসী এনআইডি বা ভোটার নিবন্ধনের জন্য দূতাবাসে আবেদন জমা দিয়ে এসেছি। বর্তমান অবস্থা কি,overseasRegistration
প্রবাসী বা দেশের বাহিরে থাকলে কার্ড নিবন্ধনের জন্য প্রয়োজনীয় ডকুমেন্টস কি কি,overseasRegistration
প্রবাসী হিসেবে আমি কি করে জাতীয় পরিচয়পত্র বা ভোটার নিবন্ধন করতে পারি,overseasRegistration
প্রবাসী হিসেবে এনআইডি বা ভোটার নিবন্ধন আবেদন জমা দেওয়ার পর এখন কি অবস্থা,overseasRegistration
প্রবাসী হিসেবে কোন দেশ থেকে ভোটার নিবন্ধন সম্ভব,overseasRegistration
প্রবাসী হিসেবে দেশের বাহিরে থাকি কার্ড এর আবেদন জমা দেওয়ার পর কার্ড পাওয়া যাবে কবে,overseasRegistration
প্রবাসীরা কোন দেশে থাকলে কার্ড বা ভোটার নিবন্ধন করতে পারে,overseasRegistration
প্রবাসে থাকলে কি ভোটার নিবন্ধন করা যায়,overseasRegistration
প্রবাসে থাকা অবস্থায় কি আমাকে আবার ভোটার তালিকায় নাম লেখাতে হবে যখন আমি বাংলাদেশে ইতিমধ্যেই ভোটার,overseasRegistration
প্রবাসে থাকার সময় এনআইডি আবেদন কিভাবে করবো,overseasRegistration
প্রবাসে থেকে এনআইডি কার্ডের জন্য আমি আবেদন করেছিলাম,overseasRegistration
প্রবাসে বসবাস করলে অ্যানআইডি নিবন্ধন করার জন্য কি কি করণীয়,overseasRegistration
প্রবাসে বসবাসকারীদের এনআইডি বা ভোটার নিবন্ধনের জন্য কি করতে হবে,overseasRegistration
প্রবাসে বসবাসকারীদের কার্ড বা ভোটার নিবন্ধনের জন্য কি করতে হবে,overseasRegistration
প্রবাসে বা বিদেশে এনআইডি  আবেদন করে কত দিনে কার্ড পাবো,overseasRegistration
বাংলাদেশি জাতীয় পরিচয়পত্র নিয়ে আমি বিদেশে,overseasRegistration
বাংলাদেশি প্রবাসী কি ভাবে তাদের ন্যাশনাল আইডি কার্ড বা ভোটার নিবন্ধন সম্পন্ন করতে পারে,overseasRegistration
বাংলাদেশে আমার এনআইডি আছে,overseasRegistration
বাংলাদেশে আমার জাতীয় পরিচয়পত্র আছে,overseasRegistration
বাংলাদেশে আমার জাতীয় পরিচয়পত্র নিয়ে বিদেশে থাকতে কি আমি ভোটার হওয়ার জন্য আবার আবেদন করতে পারি,overseasRegistration
বাংলাদেশে ভোটার হওয়ার জন্য আমি কি বিদেশ থেকে কিছু করতে পারি,overseasRegistration
বাংলাদেশের এনআইডি কার্ড করার জন্য প্রবাসী হিসেবে কী করতে হবে,overseasRegistration
বাংলাদেশের এনআইডি কার্ড পেতে আমার কি করতে হবে যখন আমি মালয়েশিয়ায় আছি,overseasRegistration
বাংলাদেশের এমবাসি অফিসে প্রবাসে থাকি তাই কার্ড নিবন্ধন আবেদন দিয়েছি,overseasRegistration
বাংলাদেশের জাতীয় পরিচয়পত্র করার জন্য আমাকে বিদেশ থেকে কি করতে হবে,overseasRegistration
বাংলাদেশের বাইরে থেকে এনআইডি কার্ড বা ভোটার তালিকায় নাম যোগ করার পদ্ধতি কি,overseasRegistration
বিদেশ থেকে এনআইডি বা ভোটার নিবন্ধন করতে পাসপোর্টের মেয়াদ কতটা গুরুত্বপূর্ণ,overseasRegistration
বিদেশি স্বামী বা স্ত্রীর এনআইডি নেওয়ার সুযোগ আছে কি,overseasRegistration
বিদেশিদের কার্ড নিবন্ধন করার জন্য কি ডকুমেন্টস লাগে,overseasRegistration
বিদেশে থাকতে আমার এনআইডি কার্ডের জন্য আবেদন করেছিলাম,overseasRegistration
বিদেশে থাকতে আমি এনআইডি কার্ডের জন্য আবেদন করেছি,overseasRegistration
বিদেশে থাকলে ভোটার নিবন্ধন করার নিয়ম কী,overseasRegistration
বিদেশে থাকা অবস্থায় বাংলাদেশি এনআইডি কার্ড কিভাবে করবো,overseasRegistration
বিদেশে থাকি ভোটার কার্ড বা ভোটার নিবন্ধন আবেদন জমা দিলাম,overseasRegistration
বিদেশে বসবাসকারী বাংলাদেশিরা জাতীয় পরিচয়পত্র বা ভোটার নিবন্ধনের জন্য কি করবেন,overseasRegistration
বিয়ে করে বাংলাদেশে থাকলে কি এনআইডি পাওয়া সম্ভব,overseasRegistration
বিয়ে সূত্রে কি বিদেশিরা বাংলাদেশি এনআইডি নিতে পারবেন,overseasRegistration
বৈবাহিক কারণে কি কোনো বিদেশি নাগরিক এনআইডি পেতে পারেন,overseasRegistration
বৈবাহিক কারণে বিদেশি নাগরিকদের এনআইডি করার সুযোগ আছে কি,overseasRegistration
বৈবাহিক ভিত্তিতে কোনো বিদেশিকে কি এনআইডি দেওয়া হয়,overseasRegistration
বৈবাহিক সম্পর্কের মাধ্যমে বিদেশি নাগরিক কি এনআইডি পাবেন,overseasRegistration
বৈবাহিক সূত্রে কোন বিদেশি নাগরিকের এনআইডি পাওয়ার সুযোগ আছে কি,overseasRegistration
বৈবাহিক সূত্রে বিদেশিরা কিভাবে এনআইডি পাবেন,overseasRegistration
ভোটার নিবন্ধন জমা দেওয়ার পর কতদিনে প্রবাসী বা বিদেশে থাকলে কার্ড পাওয়া যায়,overseasRegistration
যারা বিদেশে আছে তাদের জন্য কার্ড বা ভোটার নিবন্ধন করতে কী কী কাগজপত্র প্রয়োজন,overseasRegistration
অনলাইন এ প্রথমে করতে গেলে পাসওয়ার্ড রং দেখাচ্ছে,passwordErrors
অনলাইন রেজিষ্ট্রেশনে রং পাসওয়ার্ড দেখাচ্ছে,passwordErrors
অনলাইনে 'অপ্রত্যাশিত সমস্যার জন্য দুঃখিত' দেখাচ্ছে,passwordErrors
অনলাইনে অপ্রত্যাশিত সমস্যা আসলে কি করা উচিত,passwordErrors
অনলাইনে আবেদন করা পর তথ্য ভুল হলে কীভাবে ঠিক করবো,passwordErrors
অনলাইনে আবেদন করা পর তথ্যের ভুল হলে আমি কি করতে পারি,passwordErrors
অনলাইনে আবেদন করার পর দেখছি তথ্যে ভুল হয়েছে,passwordErrors
অনলাইনে আবেদন করার পর দেখছি তথ্যে ভুল হয়েছে,passwordErrors
অনলাইনে আবেদন করার পরে তথ্য ভুল হওয়ার পর সমাধান কিভাবে পাবো,passwordErrors
অনলাইনে একাউন্ট ঠিক হতে কত সময় লাগে,passwordErrors
অনলাইনে রেজিষ্ট্রেশন করতে গেলে 'ভুল পাসওয়ার্ড' মেসেজ দেখায়,passwordErrors
অনলাইনে লগইন করতে গেলে “ভুল পাসওয়ার্ড” মেসেজ দেখায়,passwordErrors
অনলাইনে “অপ্রত্যাশিত সমস্যার জন্য দুঃখিত” দেখাচ্ছে,passwordErrors
অপ্রত্যাশিত সমস্যা দেখাচ্ছে অনলাইনে,passwordErrors
অপ্রত্যাশিত সমস্যার জন্য দুঃখিত' এরকম বার্তা দেখাচ্ছে,passwordErrors
আগে রেজিস্ট্রেশন করা ইউজার আইডি ও পাসওয়ার্ড দিয়ে কি এখনো এনআইডি পোর্টালে ঢোকা যাবে,passwordErrors
আমি আমার ন্যাশনাল আইডেন্টিটি কার্ডের জন্য অনলাইনে আবেদন করেছি কিন্তু তথ্য সঠিক নয়,passwordErrors
ইন্টারনেট পোর্টালে 'অপ্রত্যাশিত সমস্যার জন্য দুঃখিত' দেখাচ্ছে,passwordErrors
ইন্টারনেটে আবেদনের পর তথ্য ভুল হয়ে গেছে,passwordErrors
একাউন্ট এ তালা মেরে দিছে মেসেজ দেখায় কিভাবে ঠিক করবো,passwordErrors
এনআইডি পোর্টালএ লগইনের চেষ্টা করছি বারবার ভুল পাসওয়ার্ড দেখাচ্ছে,passwordErrors
এনআইডি পোর্টালের পুরনো ইউজার আইডি পাসওয়ার্ড দিয়ে কি আবার লগইন করা যাবে,passwordErrors
এনআইডি যে পোর্টাল আছে সেটাতে একাউন্ট লোক দেখাচ্ছে কি করবো,passwordErrors
কার্ড পোর্টালে 'অপ্রত্যাশিত সমস্যা' বার্তা আসছে,passwordErrors
কেন আমার এনআইডি ম্যাচ ফাউন্ড এনআইডি MATCH FOUND হচ্ছে এবং কিভাবে এই সমস্যা মিটাবো,passwordErrors
জাতীয় পরিচয়পত্র পোর্টালে ঢুকতে গিয়ে আনএক্সপেক্টেড প্রবলেম দেখা যাচ্ছে,passwordErrors
জাতীয় পরিচয়পত্র সেবার পোর্টালে অপ্রত্যাশিত দেখাচ্ছে,passwordErrors
তথ্য সঠিক দেবার পরেও দেখা যাচ্ছে একাউন্ট এ তালা দেখা যাচ্ছে,passwordErrors
নিবন্ধন করতে গেলে পাসওয়ার্ড ঠিক নাই দেখালে কি করতে হবে,passwordErrors
পাসওয়ার্ড ঠিক নাই দেখায় কি করি,passwordErrors
পাসওয়ার্ড ভুল দেখালে কি পদক্ষেপ নিতে হবে,passwordErrors
পুরোনো রেজিস্ট্রেশনের ইউজারনেম পাসওয়ার্ড দিয়ে এখন এনআইডি পোর্টালে ঢোকা যাবে,passwordErrors
মোবাইলে রেজিস্ট্রেশন করতে গেলে কোড ভুল দেখায় কি করি,passwordErrors
রেজিষ্ট্রেশন করতে গেলে ভুল পাসওয়ার্ডের সমস্যার সমাধান কী,passwordErrors
রেজিস্ট্রেশন করছি কিন্তু মোবাইলে ওয়ান টাইম পাসওয়ার্ড আসে নাই কি করবো,passwordErrors
রেজিস্ট্রেশন করতে গেলে ভুল পাসওয়ার্ড দেখায় কি করবো,passwordErrors
রেজিস্ট্রেশনের পর ওয়ান টাইম পাসওয়ার্ড আসে নাই কি করবো,passwordErrors
এডজুডিকেশন পেন্ডিংঅবস্থায় আছি,pendingApplications
এডজুডিকেশন পেন্ডিংঅবস্থায় থাকা আমার এনআইডি আবেদন নিয়ে কি পদক্ষেপ নেবো,pendingApplications
এডজুডিকেশন পেন্ডিংঅবস্থায় থাকা আমার এনআইডি জন্য কি করতে হবে,pendingApplications
এডজুডিকেশন পেন্ডিংঅবস্থায় থাকা এনআইডি আবেদন নিয়ে কি করতে পারি,pendingApplications
এডজুডিকেশন পেন্ডিংঅবস্থায় থাকা এনআইডি আবেদন নিয়ে কি করতে হবে,pendingApplications
এডজুডিকেশন পেন্ডিংঅবস্থায় থাকা এনআইডি আবেদন নিয়ে কি পদক্ষেপ নেবো,pendingApplications
এডজুডিকেশন পেন্ডিংঅবস্থায় থাকা এনআইডি এর জন্য কি করণীয়,pendingApplications
এডজুডিকেশন পেন্ডিংঅবস্থায় থাকা প্রবাসী এনআইডি আবেদন নিয়ে কি করতে হবে,pendingApplications
এডজুডিকেশন পেন্ডিংঅবস্থায় থাকা প্রবাসী এনআইডি আবেদন নিয়ে কি করা যাবে,pendingApplications
অনেক দিন ধরে এনআইডি রিইস্যু আবেদন করেছি কিন্তু এখনো প্রসেস হয়নি,pendingApplications
আবেদন দেওয়ার পর এডজুডিকেশন পেন্ডিংঅবস্থায় থাকার কারণে কি করা উচিত,pendingApplications
আমার আবেদনটা কতদিন যাবত পেন্ডিং আছে,pendingApplications
আমার এনআইডি আবেদন এডজুডিকেশন পেন্ডিং,pendingApplications
আমার প্রবাসী এনআইডি বা ভোটার নিবন্ধন আবেদন এখনও এডজুডিকেশন পেন্ডিংঅবস্থায় আছে,pendingApplications
আমার ভোটার নিবন্ধন এডজুডিকেশন পেন্ডিং,pendingApplications
আমি নতুন এনআইডি বা ভোটারের জন্য আবেদন করেছিলাম কিন্তু এখনো এডজুডিকেশন পেন্ডিংঅবস্থায় আছে। কি করতে হবে,pendingApplications
আমি প্রবাসী এনআইডি বা ভোটার নিবন্ধনের জন্য এম্বাসিতে আবেদন করেছি। এখনো এডজুডিকেশন পেন্ডিংঅবস্থায় আছে। কি করতে হবে,pendingApplications
আমি প্রবাসী এনআইডি বা ভোটার নিবন্ধনের জন্য দূতাবাসে আবেদন করেছি। এখনো এডজুডিকেশন পেন্ডিংঅবস্থায় আছে। কি করতে হবে,pendingApplications
এনআইডি বা ভোটার আবেদন পেন্ডিং অবস্থায় থাকলে কি করণীয়,pendingApplications
এনআইডি বা ভোটার আবেদন পেন্ডিং অবস্থায় থাকলে কি করতে হবে,pendingApplications
এম্বাসিতে এনআইডি আবেদন করে এডজুডিকেশন পেন্ডিংতে আছে,pendingApplications
এম্বাসিতে ভোটার নিবন্ধন আবেদন করার পর এডজুডিকেশন পেন্ডিংঅবস্থায় থাকার কারণে কি করা উচিত,pendingApplications
এম্বাসীতে আবেদন দেওয়ার পর এডজুডিকেশন পেন্ডিংঅবস্থায় থাকার কারণে কী করা উচিত,pendingApplications
এম্বাসীতে প্রবাসী ভোটার নিবন্ধন আবেদন করার পর এডজুডিকেশন পেন্ডিংঅবস্থায় থাকার কারণে কি করা উচিত,pendingApplications
দূতাবাসে আবেদন দেওয়ার পর এডজুডিকেশন পেন্ডিংঅবস্থায় থাকার কারণে কী করা উচিত,pendingApplications
দূতাবাসে প্রবাসী ভোটার নিবন্ধন আবেদন করার পর এডজুডিকেশন পেন্ডিংঅবস্থায় থাকার কারণে কি করা উচিত,pendingApplications
দূতাবাসে ভোটার নিবন্ধন আবেদন করার পর এডজুডিকেশন পেন্ডিংঅবস্থায় থাকার কারণে কি করা উচিত,pendingApplications
নতুন এনআইডি আবেদন করার পরেও এডজুডিকেশন পেন্ডিংকেন,pendingApplications
নতুন এনআইডি আবেদন করার পরেও পেন্ডিং অবস্থায় থাকলে কি ব্যবস্থা নিতে হবে,pendingApplications
নতুন এনআইডি আবেদন করে দিলাম কিন্তু এডজুডিকেশন পেন্ডিংকেনো,pendingApplications
নতুন এনআইডি আবেদন করে দিয়েছি কিন্তু পেন্ডিং অবস্থায়,pendingApplications
নতুন এনআইডি আবেদন করে দিয়েছি কিন্তু এখনো এডজুডিকেশন পেন্ডিং,pendingApplications
নতুন এনআইডি আবেদন করে দিয়েছি কিন্তু এখনো পেন্ডিং,pendingApplications
নতুন এনআইডি আবেদনের পরেও পেন্ডিং অবস্থায় আছি,pendingApplications
নতুন এনআইডি বা ভোটার আবেদন করেছিলাম কিন্তু এখনো এডজুডিকেশন পেন্ডিংঅবস্থায় আছে। কি করণীয়,pendingApplications
নতুন এনআইডি বা ভোটার আবেদন করেছিলাম কিন্তু এখনো এডজুডিকেশন পেন্ডিংঅবস্থায় আছে। কি করনীয়,pendingApplications
নতুন এনআইডি বা ভোটারের আবেদন পেন্ডিং থাকলে কি করণীয়,pendingApplications
নতুন ভোটার আবেদন পেন্ডিং আছে,pendingApplications
নতুন ভোটার আবেদন পেন্ডিং রয়েছে,pendingApplications
নতুন ভোটার আবেদন করার পরেও এডজুডিকেশন পেন্ডিংঅবস্থায় আছি,pendingApplications
নতুন ভোটার আবেদন করে দিয়েছি কিন্তু এখনো এডজুডিকেশন পেন্ডিং,pendingApplications
নতুন ভোটার আবেদন করেছি কিন্তু এখনো পেন্ডিং,pendingApplications
নতুন ভোটার নিবন্ধন করা হলেও পেন্ডিং অবস্থায় আছে,pendingApplications
নতুন ভোটার নিবন্ধন করে দিয়েছি কিন্তু পেন্ডিং অবস্থায় আছে,pendingApplications
নতুন ভোটারের জন্য আবেদন করেছি কিন্তু এখনো পেন্ডিং,pendingApplications
প্রবাসী এনআইডি আবেদন করার পর এডজুডিকেশন পেন্ডিংঅবস্থায় আছে,pendingApplications
প্রবাসী এনআইডি আবেদন কেন এডজুডিকেশন পেন্ডিং,pendingApplications
প্রবাসী এনআইডি বা ভোটার নিবন্ধন আবেদন এখনও এডজুডিকেশন পেন্ডিংঅবস্থায় আছে,pendingApplications
প্রবাসী এনআইডি বা ভোটার নিবন্ধনের জন্য এম্বাসীতে আবেদন করেছি। এখনো এডজুডিকেশন পেন্ডিংঅবস্থায় আছে। কি করণীয়,pendingApplications
প্রবাসী এনআইডি বা ভোটার নিবন্ধনের জন্য দূতাবাসে আবেদন করেছি। এখনো এডজুডিকেশন পেন্ডিংঅবস্থায় আছে। কি করণীয়,pendingApplications
প্রবাসী হওয়ার কারণে আমার এনআইডি আবেদন এডজুডিকেশন পেন্ডিং,pendingApplications
ফিঙ্গারপ্রিন্ট আপডেটের পরও এডজুডিকেশন পেন্ডিংরয়েছে। কি করা উচিত,pendingApplications
আপনাকে অনেক ধন্যবাদ,chatbotCapabilities
আপনাকে ধন্যবাদ ও শুভকামনা।,chatbotCapabilities
আপনার নাম কি,chatbotCapabilities
আপনার সময়ের জন্য ধন্যবাদ,chatbotCapabilities
আপনার সেবা ভালো লেগেছে,chatbotCapabilities
আপনার সেবার জন্য ধন্যবাদ,chatbotCapabilities
আপনি কি একজন বট,chatbotCapabilities
আপনি কি কি ধরনের সেবা দেন,chatbotCapabilities
আপনি কি কি সেবা প্রদান করেন,chatbotCapabilities
আপনি কি মানুষ নাকি AI,chatbotCapabilities
আপনি কি সেবা প্রদান করছেন,personalStatusChanges
এটা কোন সার্ভিস,personalStatusChanges
এটা কোন সিস্টেম,personalStatusChanges
টক টু ইউ লেটার,personalStatusChanges
তুই তো গাধা,personalStatusChanges
তুমি কি ছেলে নাকি মেয়ে,personalStatusChanges
তুমি কি দেখতে কেমন,personalStatusChanges
তুমি কি ফেসবুকে আছো,personalStatusChanges
তুমি কি বিবাহিত,personalStatusChanges
তুমি কি সিঙ্গেল,personalStatusChanges
তুমি কি হাসো,personalStatusChanges
তুমি কেমন মেয়ে,personalStatusChanges
তুমি সুন্দরী না কুৎসিত,personalStatusChanges
তোমাকে পছন্দ হয়েছে,personalStatusChanges
তোমার নামটা সুন্দর,personalStatusChanges
দিনটি সুন্দর কাটুক,personalStatusChanges
না ভাই থেনক্স,personalStatusChanges
ভাল সেবা পেয়েছি,personalStatusChanges
সব কিছুর জন্য ধন্যবাদ,chatbotCapabilities
সহযোগিতার জন্য ধন্যবাদ,chatbotCapabilities
সহযোগিতার জন্য ধন্যবাদ।,chatbotCapabilities
সার্ভিসটি ভালো ছিল,personalStatusChanges
সেবা পেয়ে খুশি হয়েছি,personalStatusChanges
সেবা পেয়ে ভাল লাগলো,personalStatusChanges
স্বামী তালাক দিয়েছে,personalStatusChanges
আমার আইডি কার্ডের ছবি নেওয়া হয়েছিল,photoTakenLongAgo
আমার কার্ড করার জন্য বিদেশে ছবি তুলার পরেও,photoTakenLongAgo
আমার ছবি তোলা হয়ে গেছে,photoTakenLongAgo
আমার ছবি তোলার পর অনেক সময় পেরিয়ে গেছে,photoTakenLongAgo
আমার জাতীয় পরিচয়পত্র তৈরির জন্য ছবি নেওয়া হয়েছিল,photoTakenLongAgo
আমার জাতীয় পরিচয়পত্রের ছবি তোলা হয়েছিল,photoTakenLongAgo
আমার জাতীয় পরিচয়পত্রের জন্য ছবি তোলা হয়েছিল,photoTakenLongAgo
আমার জাতীয় পরিচয়পত্রের জন্য প্রবাসে ফটো নিয়েছিলাম,photoTakenLongAgo
আমার জাতীয় পরিচয়পত্রের জন্য বিদেশে ছবি তুলেছিলাম,photoTakenLongAgo
আমার জাতীয় পরিচয়পত্রের জন্য বিদেশে ফটো নিয়েছিলাম,photoTakenLongAgo
আমার জাতীয় পরিচয়পত্রের জন্যে বিদেশে ছবি নিয়েছিলাম,photoTakenLongAgo
আমার ন্যাশনাল আইডি কার্ডের জন্য ফটো নেওয়া হয়েছিল,photoTakenLongAgo
আমার ন্যাশনাল আইডির ছবি নেওয়া হয়েছিল,photoTakenLongAgo
আমার প্রকাশ্যতার ছবি তোলা হয়েছিল,photoTakenLongAgo
আমার ফটো প্রবাসে তুলেছি,photoTakenLongAgo
আমার বাংলাদেশী আইডি কার্ডের জন্য ফটো নেওয়া হয়েছিল,photoTakenLongAgo
আমার বাংলাদেশী জাতীয় পরিচয়পত্রের জন্য ফটো নেওয়া হয়েছিল,photoTakenLongAgo
আমি ছবি তুলছি বেশ কয়েকদিন হয়েছে,photoTakenLongAgo
আমি ছবি তোলার সময় যে রশিদটি পেয়েছিলাম,photoTakenLongAgo
আমি দেশের বাহিরে থাকি আমার কার্ডের কার্ড করার জন্য ছবি তুলতেছি এম্বাসিতে যোগাযোগ করেছিলাম,photoTakenLongAgo
আমি প্রবাসে গিয়ে ছবি তুলেছি,photoTakenLongAgo
আমি প্রবাসে ছবি তুলেছিলাম,photoTakenLongAgo
আমি বিদেশ থেকে আমার জাতীয় পরিচয়পত্রের ছবি পাঠিয়েছিলাম,photoTakenLongAgo
আমি বিদেশে আমার এনআইডি কার্ডের ছবি তুলেছিলাম,photoTakenLongAgo
আমি বিদেশে আমার কার্ড এর জন্য পিকচার তুলতেছি,photoTakenLongAgo
আমি বিদেশে ছবি তুলেছিলাম,photoTakenLongAgo
আমি বিদেশে ছবি তুলেছিলাম আমার জাতীয় পরিচয়পত্রের জন্য,photoTakenLongAgo
আমি বিদেশে থাকাকালীন আমার জাতীয় পরিচয়পত্রের ছবি তুলেছিলাম,photoTakenLongAgo
আমি বিদেশে থাকি ছবি তুলছি কার্ড এর জন্য,photoTakenLongAgo
আমি বেশ কয়েকদিন ধরে ছবি তুলছি,photoTakenLongAgo
আমি বৈদেশিক ভ্রমণে ছবি তুলেছি,photoTakenLongAgo
কয়েকদিন ধরে আমি ছবি তুলছি,photoTakenLongAgo
ছবি তোলার জন্য যে রশিদ পেয়েছিলাম,photoTakenLongAgo
দীর্ঘ দিন আগে ছবি তুলেছিলাম,photoTakenLongAgo
প্রকাশ্যতা নেওয়ার সময় আমার ছবি তোলা হয়েছিল,photoTakenLongAgo
প্রকাশ্যতা নেওয়ার সময় ফটো তোলা হয়েছিল,photoTakenLongAgo
প্রবাসে গিয়ে আমি আমার ভোটার আইডি কার্ডের ছবি তুলেছিলাম,photoTakenLongAgo
প্রবাসে গিয়ে আমি আমার স্মার্ট কার্ডের জন্য ছবি তুলেছিলাম,photoTakenLongAgo
প্রবাসে ছবি তুলেছিলাম,photoTakenLongAgo
বিদেশ থেকে ফিরে আমার জাতীয় পরিচয়পত্রের ফটো তুলেছি,photoTakenLongAgo
বিদেশে গিয়ে আমি ছবি তুলেছিলাম,photoTakenLongAgo
বিদেশে গিয়ে ছবি তুলেছি আমার এনআইডি-র জন্য,photoTakenLongAgo
বিদেশে গিয়ে ছবি তুলেছিলাম,photoTakenLongAgo
বিদেশে ছবি তুলেছিলাম,photoTakenLongAgo
বিদেশে যখন ছবি তুলেছিলাম,photoTakenLongAgo
বেশ কয়েকদিন ধরে আমি ছবি তুলছি,photoTakenLongAgo
অনেক দিন আগে ছবি তুলেছি কিন্তু এখনও কার্ড পাইনি,photoTakenNoCard
অনেক দিন আগে পিকচার তুলেছি কিন্তু এখনও কার্ড পাইনি,photoTakenNoCard
অনেক বছর আগে ছবি তুললেও এখনও কার্ড পাইনি,photoTakenNoCard
আইডি কার্ডের ছবি তুলতে যাবো,photoTakenNoCard
আমার আইডি কার্ড এর ছবি অস্পষ্ট,photoTakenNoCard
আমার এনআইডির ছবি অস্পষ্ট হয় তাহলে কী করব,photoTakenNoCard
আমার কার্ডে ছবি অস্পষ্ট,photoTakenNoCard
আমার কার্ডে ছবিটা দেখতে ঝাপসা,photoTakenNoCard
আমার কার্ডের জন্য ছবি তোলার মেসেজ এসেছে,photoTakenNoCard
আমার ছবি বদলের জন্য আবেদন করেছি কিন্তু কোনো ইমেইল বা মেসেজ পাইনি,photoTakenNoCard
আমি অনেকদিন আগে ভোটার হওয়ার জন্য ছবি তুলেছি কিন্তু এখনো কোনো এসএমএস পাইনি। এনআইডি নাম্বার কীভাবে পাবো,photoTakenNoCard
আমি এনআইডি-এর জন্য ছবি দিয়েছি কিন্তু আমার কার্ড এখনো পাই নাই,photoTakenNoCard
আমি ক্যামেরায় ছবি তুলেছি কিন্তু মেসেজ আসেনি,photoTakenNoCard
আমি খুলনা থেকে ভোটার হওয়ার জন্য অনেকদিন আগে ছবি তুলেছি কিন্তু এখনো কোনো নোটিশ পাইনি। এনআইডি নাম্বার কীভাবে পাবো,photoTakenNoCard
আমি ছবি তুলেছি কিন্তু এখন ভোটার তালিকায় নাম নেই,photoTakenNoCard
আমি ছবি তুলেছি কিন্তু কোনো খবর বা মেসেজ পাইনি,photoTakenNoCard
আমি ছবি তুলেছি কিন্তু মেসেজ পাইনি,photoTakenNoCard
আমি ছবি তুলেছি তবে কোনো খবর পাইনি,photoTakenNoCard
আমি ছবি তুলেছিলাম কিন্তু এখন খুঁজে পাচ্ছি না কোথায় যাব,photoTakenNoCard
আমি ছবি দিয়েছি তারপরে এসএমএস কতদিনে আসবে,photoTakenNoCard
আমি ফটো দিয়েছি কিন্তু কোনো এসএমএস পাইনি,photoTakenNoCard
আমি বরিশালে থাকি এবং অনেকদিন আগে ভোটার হওয়ার জন্য ছবি তুলেছি কিন্তু এখনো কোনো মেসেজ পাইনি। এনআইডি নাম্বার পাবো কীভাবে,photoTakenNoCard
আমি বহুদিন আগে ভোটার নিবন্ধনের ছবি তুলেছি কিন্তু এখনো কোনো মেসেজ পাইনি। আমি কীভাবে আমার এনআইডি নাম্বার পাবো,photoTakenNoCard
আমি বহুদিন আগে ভোটার হওয়ার জন্য ছবি তুলেছি কিন্তু এখনো কোনো খবর পাইনি। এনআইডি নাম্বার পাবো কীভাবে,photoTakenNoCard
কার্ড এর ছবি আমার কিন্তু সব তথ্য আরেকজন এর কি করতে পারি এইটা নিয়ে,photoTakenNoCard
কার্ড এর জন্য ফটো তুলেছি কিন্তু স্লিপ পাই না,photoTakenNoCard
কার্ডে আরেকজন এর তথ্য আসছে কিন্তু ছবি আমার এখন এইটা কিভবে ঠিক করানো যাবে,photoTakenNoCard
কার্ডের ছবি ঝাপসা,photoTakenNoCard
কার্ডের ছবি বোঝা যাচ্ছে না,photoTakenNoCard
কার্ডের ছবি ভালো আসেনি,photoTakenNoCard
কার্ডের ছবির সমস্যা হলে আমি কোথায় যোগাযোগ করব,photoTakenNoCard
কার্ডের ছবির সমস্যা হলে কি করবো,photoTakenNoCard
ছবি আপলোড করেছি কিন্তু কোনো সংকেত মেসেজ পাইনি,photoTakenNoCard
ছবি কালো আসছে,photoTakenNoCard
ছবি তুলতে যাওয়ার এসএমএস পেয়েছি,photoTakenNoCard
ছবি তুলেছি অনেক বছর আগে এখনো আইডি কার্ড পাইনি,photoTakenNoCard
ছবি তুলেছি অনেক বছর আগে এখনো কার্ড পাইনি,photoTakenNoCard
ছবি তুলেছি কিন্তু কার্ড এখনও হাতে পাইনি,photoTakenNoCard
ছবি তুলেছি কিন্তু প্রাপ্তি রশিদ নেই,photoTakenNoCard
ছবি তুলেছি কিন্তু মোবাইলে কোনো ইনফরমেশন পাইনি,photoTakenNoCard
ছবি তোলার অনেক সময় হয়ে গেছে,photoTakenNoCard
ছবি তোলার জন্য এসএমএস পেয়েছি,photoTakenNoCard
ছবি তোলার জন্য মেসেজ পেয়েছি,photoTakenNoCard
ছবি তোলার জন্য মেসেজ পেয়েছি,photoTakenNoCard
ছবি তোলার জন্য মোবাইলে বার্তা পেলাম,photoTakenNoCard
ছবি তোলার পর এসএমএস পেতে কতদিন সময় লাগে,photoTakenNoCard
ছবি তোলার পর এসএমএস পেতে কতদিন সময় লাগে,photoTakenNoCard
ছবি তোলার পর কত দিন পরে মেসেজ আসবে,photoTakenNoCard
ছবি তোলার পর কতদিন পর এসএমএস পাবো,photoTakenNoCard
ছবি তোলার পর কতদিন পর মোবাইলে বার্তা পাবো,photoTakenNoCard
ছবি তোলার পর ভোটার তালিকায় নাম না থাকলে কার্ড পাওয়া যাবে না,photoTakenNoCard
ছবি তোলার পরে এসেমেস কতদিনে পাবো,photoTakenNoCard
ছবি তোলার পরে এসেমেস কি ভাবে পাবো,photoTakenNoCard
ছবি দিয়ে অনেক মাস পার হয়ে গেছে,photoTakenNoCard
ছবি পরিবর্তনের জন্য আবেদন করেছি কিন্তু কোনো ফিরব্যাক নেই,photoTakenNoCard
ছবি বদলের আবেদন দিয়েছি কিন্তু এখনো কোনো রিপ্লাই নেই,photoTakenNoCard
ছবিটা কালো আসছে এইটা কিভাবে ঠিক করায়,photoTakenNoCard
ছবিটা পরিষ্কার না,photoTakenNoCard
ধাকায় থাকতে গিয়ে আমি অনেক আগে ভোটার হওয়ার জন্য ছবি তুলেছি কিন্তু এখনো কোনো এসএমএস পাইনি। এনআইডি নাম্বার পাবো কীভাবে,photoTakenNoCard
নতুন কার্ড এর জন্য ছবি তুলা হয়েছে কিন্তু,photoTakenNoCard
নতুন কার্ডের ছবি তোলার জন্য এসএমএস এসেছে,photoTakenNoCard
নতুন ছবি দেওয়ার জন্য কি করতে হবে,photoTakenNoCard
নতুন ভোটার হলে ছবি তোলার পর এসএমএস কতদিনে পাবো,photoTakenNoCard
নতুন ভোটার হলে ছবি তোলার পর মোবাইলে বার্তা কতদিনে পাবো,photoTakenNoCard
নিড কার্ডের ছবি তোলার জন্য ম্যাসেজ পেয়েছি,photoTakenNoCard
পরিচয়পত্রের ছবি ঠিক করতে হবে কি করব বলেন,photoTakenNoCard
বিদেশে ছবি তুলে জাতীয় পরিচয়পত্রের কাজে দিতে এম্বাসিতে যোগাযোগ করলে জানা গেছে উপজেলা থেকে কোনো তদন্ত নেই। কি করবো,photoTakenNoCard
স্ন্যাপ নিয়েছি কিন্তু কোনো এসএমএস আসেনি,photoTakenNoCard
অনেক আগে ছবি তুলেছি কিন্তু কাগজটা হারিয়ে ফেলেছি,receiptLostDuplicates
অ্যানআইডি এর ছোট কাগজটা হারিয়ে ফেলেছি,receiptLostDuplicates
আমার এনআইডি সংক্রান্ত সব কাগজপত্র হারিয়ে গেছে,receiptLostDuplicates
আমার ছবি তোলা হয়েছে বহু পূর্বে কিন্তু স্লিপটি হারিয়ে গেছে,receiptLostDuplicates
আমার ছবি তোলার পর দেওয়া রশিদ হারিয়ে গেছে,receiptLostDuplicates
আমার ছবি তোলার সময় প্রাপ্ত রশিদ কোথায় হারিয়ে গেছে,receiptLostDuplicates
আমার জাতীয় পরিচয়পত্র তৈরির জন্য ছবি তোলা হয়েছিল কিন্তু স্লিপটি কোথায় গেছে তা জানতে পারছি না।,receiptLostDuplicates
আমার জাতীয় পরিচয়পত্র নষ্ট হয়ে গেছে,receiptLostDuplicates
আমার ন্যাশনাল আইডির ছবি তোলার স্লিপ হারিয়ে গেছে,receiptLostDuplicates
আমার প্রকাশ্যতা নিয়ে ছবি তুলেছি কিন্তু স্লিপ হারিয়ে ফেলেছি,receiptLostDuplicates
আমার প্রাপ্তি রশিদ হারিয়ে গেছে ছবি তোলার সময়,receiptLostDuplicates
আমার প্রাপ্তি রশিদ হারিয়ে গেছে,receiptLostDuplicates
আমার সংশোধন আবেদন কাগজ হারিয়ে গেছে,receiptLostDuplicates
আমি অনেক আগে ছবি তুলেছিলাম কিন্তু স্লিপ হারিয়ে ফেলেছি,receiptLostDuplicates
আমি অনেকদিন আগে ছবি তুলেছিলাম এবং স্লিপ হারিয়ে গেছে,receiptLostDuplicates
আমি কয়েক মাস আগে ছবি তুলেছিলাম কিন্তু স্লিপটা হারিয়ে ফেলেছি,receiptLostDuplicates
আমি নতুন ভোটার আমার স্লিপ চুরি গেছে,receiptLostDuplicates
আমি প্রাপ্তি রশিদ হারিয়েছি,receiptLostDuplicates
আমি সংশোধন আবেদন স্লিপ হারিয়ে ফেলেছি,receiptLostDuplicates
এনআইডি  হারিয়ে গেছে,receiptLostDuplicates
এনআইডি পাওয়া আগেই হারিয়ে ফেলেছি কাগজ,receiptLostDuplicates
এনআইডি রেজিস্ট্রেশনের স্লিপ হারিয়ে ফেলেছি,receiptLostDuplicates
কারেকশন এর জন্য আবেদন স্লিপ হারানো গেলে,receiptLostDuplicates
কার্ড সংগ্রহের আগেই হারিয়ে ফেলেছি স্লিপ,receiptLostDuplicates
ছবি তুলার পর রশিদ হারানো গেলে এনআইডি কার্ড পেতে কি করতে হবে,receiptLostDuplicates
ছবি তুলেছি অনেক আগে স্লিপ হারিয়ে ফেলেছি,receiptLostDuplicates
ছবি তোলার দিন প্রাপ্ত রশিদটি হারিয়ে ফেলেছি,receiptLostDuplicates
ছবি তোলার পর আমার রশিদ খুঁজে পাচ্ছি না,receiptLostDuplicates
ছবি তোলার পর রশিদ হারিয়ে ফেলছি,receiptLostDuplicates
ছবি তোলার রশিদটি হারিয়ে গেছে,receiptLostDuplicates
ছবি তোলার সময় আমার প্রাপ্তি রশিদ হারিয়ে গেছে,receiptLostDuplicates
ছবি তোলার সময় যে রশিদ আমি পেয়েছিলাম তা হারিয়ে গেছে জাতীয় পরিচয়পত্র পাবো কেমন করে,receiptLostDuplicates
ছবি তোলার সময় যে রশিদটি আমি পেয়েছিলাম তা হারিয়ে গেছে,receiptLostDuplicates
ছবি তোলার সময় প্রদত্ত প্রাপ্তি রশিদ হারিয়েছি,receiptLostDuplicates
ছবি তোলার সময় যে রশিদটি পেয়েছিলাম সেটা হারিয়ে গেছে,receiptLostDuplicates
জাতীয় পরিচয়পত্রের ছবি তোলার স্লিপ লোপ পেয়েছে,receiptLostDuplicates
জাতীয় পরিচয়পত্র নষ্ট হয়ে গেছে,receiptLostDuplicates
ন্যাশনাল আইডির ছবি তোলার প্রমাণপত্র হারিয়ে গেছে,receiptLostDuplicates
প্রাপ্তি রশিদ হারিয়ে গেছে,receiptLostDuplicates
প্রাপ্তি রশিদ হারিয়ে ফেলেছি,receiptLostDuplicates
ভোটার রেজিস্ট্রেশনের স্লিপ হারিয়ে গেছে,receiptLostDuplicates
ভোটার স্লিপ হারিয়েছি,receiptLostDuplicates
ভোটার স্লীপ হারিয়ে গেছে,receiptLostDuplicates
রেজিস্ট্রেশন স্লিপ হারানো গেছে,receiptLostDuplicates
রেজিস্ট্রেশনের কাগজ হারিয়ে গেছে,receiptLostDuplicates
সংশোধন আবেদন স্লিপ হারিয়ে ফেললে কি হবে,receiptLostDuplicates
সংশোধনের আবেদন স্লিপ হারিয়ে ফেলেছি,receiptLostDuplicates
সংশোধনের জন্য স্লিপ হারানো গেলে কি সংশোধন পাওয়া যাবে,receiptLostDuplicates
স্লিপ হারিয়ে গেছে,receiptLostDuplicates
অ্যানআইডি কার্ড হারিয়ে গেলে নতুন কার্ড পেতে কি কোন ফি দিতে হবে,receiptLostSolutions
আগের কার্ড এর অবস্থা বাজে নষ্ট হয়ে গেছে নতুন জাতীয় পরিচয়পত্রের জন্য টাকা লাগবে কি,receiptLostSolutions
আগের কার্ড চুরি হয়ে গেছে নতুন কার্ডের জন্য কত টাকা ফি দিতে হবে,receiptLostSolutions
আগের কার্ড হারায় গেছে নতুন কার্ড পেতে কি ফি দিতে হবে,receiptLostSolutions
আবেদন স্লিপ হারিয়ে ফেললে কার্ড সংশোধন হবে কি না,receiptLostSolutions
আমার এনআইডি  কার্ড হারিয়ে গেছে আর নষ্টও হয়েছে,receiptLostSolutions
আমার এনআইডি কার্ড নষ্ট হয়ে গেছে,receiptLostSolutions
আমার এনআইডি কার্ড হারিয়ে গেছে,receiptLostSolutions
আমার কার্ড চুরি গেছে,receiptLostSolutions
আমার কার্ড হারিয়ে গেছে,receiptLostSolutions
আমার ডিজিটাল যে কার্ড বা স্মার্ট কার্ড হারিয়ে গেছে,receiptLostSolutions
আমার স্মার্ট কার্ড চুরি গেছে,receiptLostSolutions
আমার স্মার্ট কার্ড চুরি হয়ে গেছে,receiptLostSolutions
আমার স্মার্ট কার্ড লস্ট হয়ে গেছে,receiptLostSolutions
আমার স্মার্ট কার্ড হারিয়ে গেছে,receiptLostSolutions
আমার স্মার্টকার্ড নষ্ট হয়েছে,receiptLostSolutions
আমি স্মার্ট কার্ড হারিয়ে ফেলেছি,receiptLostSolutions
এই সেবার মাধ্যমে আমি কীভাবে হারানো এনআইডি কার্ডের জন্য আবেদন করতে পারি,receiptLostSolutions
এখনকার কার্ড পাওয়ার পর আগের যে কার্ড ছিল তা খুজে পেলে কি করা উচিত,receiptLostSolutions
এনআইডি কার্ড খারাপ হয়ে গেছে হলে আবার নতুন কার্ড পাবো কেমন করে,receiptLostSolutions
এনআইডি কার্ড নষ্ট হয়ে গেছে,receiptLostSolutions
এনআইডি কার্ড নষ্ট হয়ে গেছে,receiptLostSolutions
এনআইডি কার্ড হারানো বা নষ্ট হলে কি খরচ হয়,receiptLostSolutions
এনআইডি কার্ড হারায় গেছে,receiptLostSolutions
এনআইডি কার্ড হারিয়ে গেছে,receiptLostSolutions
এনআইডি কার্ড হারিয়ে গেছে,receiptLostSolutions
এনআইডি কার্ড হারিয়ে গেছে এবং নষ্টও হয়েছে,receiptLostSolutions
এনআইডি কার্ড হারিয়ে গেলে নতুন কার্ড প্রাপ্তির জন্য কি অর্থ প্রদান করতে হবে,receiptLostSolutions
এনআইডি কার্ড হারিয়ে গেলে নতুন স্মার্ট কার্ড কিভাবে পাবো,receiptLostSolutions
এনআইডি কার্ড হারিয়ে গেলে স্মার্ট কার্ড কীভাবে পাবো,receiptLostSolutions
এনআইডি হারালে আবার কিভাবে নতুন করে পাবো,receiptLostSolutions
এনআইডি হারিয়ে গেলে নতুন কার্ড তোলার উপায় কী,receiptLostSolutions
এনআইডির স্লিপ আর কার্ড দুইটাই হারিয়ে গেছে,receiptLostSolutions
কার্ড উত্তোলন করতে প্রাপ্তি রশিদ বা রিসিপ্ট বা রিসিট যেটা সেটা হারিয়ে গেলে কি করবো,receiptLostSolutions
কার্ড উত্তোলন করার পরে হারিয়ে ফেলা ওল্ড কার্ড পাওয়া গেলে কি করতে হবে,receiptLostSolutions
কার্ড নষ্ট হয়ে গেছে,receiptLostSolutions
কার্ড নষ্ট হয়ে গেলে কীভাবে আবার নতুন কার্ড পাওয়া যাবে,receiptLostSolutions
কার্ড নষ্ট হয়ে গেলে নতুন স্মার্ট কার্ড কি কার্যালয়ে যেতে হবে,receiptLostSolutions
কার্ড হারানো গেলে নতুন কার্ড পেতে কত খরচ লাগবে,receiptLostSolutions
কার্ড হারানো বা নষ্ট হলে কত খরচ আসবে,receiptLostSolutions
কার্ড হারানোর পর পুনরায় কার্ড পেতে কি খরচ আসবে,receiptLostSolutions
কার্ড হারানোর পরে কোন ইনফো নেই,receiptLostSolutions
কার্ড হারানোর পরে নতুন কার্ড পেতে কি কত টাকা খরচ হবে,receiptLostSolutions
কার্ড হারিয়ে গেছে,receiptLostSolutions
কার্ড হারিয়ে গেছে কিন্তু কোন তথ্য নেই,receiptLostSolutions
কার্ড হারিয়ে গেছে কোন তথ্যই নেই,receiptLostSolutions
কার্ড হারিয়ে গেলে নতুন কার্ড পাবার জন্য কত টাকা লাগে,receiptLostSolutions
কার্ড হারিয়ে গেলে নতুন পাইতে কি কোন টাকা দিতে হবে,receiptLostSolutions
চিপসহ কার্ড হারিয়ে গেলে আবার কি ভাবে নতুন কার্ড পাবো,receiptLostSolutions
ডিজিটাল কার্ড গুম হয়ে গেছে,receiptLostSolutions
নতুন কার্ড নিয়ে ফেলেছি তবে চুরি হওয়া পুরানো কার্ড পেয়ে গেলে কি করা যাবে,receiptLostSolutions
পুরানো এনআইডি কার্ড হারিয়ে গেছে,receiptLostSolutions
পুরানো এনআইডি কার্ড হারালে নতুন স্মার্ট কার্ড কিভাবে পাবো,receiptLostSolutions
পুরানো এনআইডি কার্ড হারালে নতুন স্মার্ট কার্ড কী করে পাবো,receiptLostSolutions
পুরানো এনআইডি কার্ড হারিয়ে গেছে,receiptLostSolutions
পুরানো এনআইডি হারালে নতুন স্মার্ট কার্ডের আবেদন করবো কিভাবে,receiptLostSolutions
পুরানো এনআইডি হারালে নতুন স্মার্ট কার্ডের আবেদন কিভাবে করতে হবে,receiptLostSolutions
পুরানো এনআইডি হারিয়ে গেলে নতুন স্মার্ট কার্ড পাওয়ার উপায় কি,receiptLostSolutions
পুরানো এনআইডি হারিয়ে গেলে নতুন স্মার্ট কার্ড পাবার জন্য কি করতে হবে,receiptLostSolutions
পুরানো এনআইডি হারিয়ে গেলে নতুন স্মার্ট কার্ড পাবো কিভাবে,receiptLostSolutions
পুরানো এনআইডি হারিয়ে গেলে নতুন স্মার্ট কার্ডের জন্য কি করতে হবে,receiptLostSolutions
পুরানো কার্ড খুঁজে পাওয়ার পর নতুন কার্ডটি বাতিল করতে হবে কি,receiptLostSolutions
পুরানো কার্ড হারিয়ে গেলে নতুন স্মার্ট কার্ড পাবার পদ্ধতি কী,receiptLostSolutions
পুরানো কার্ড হারিয়ে নতুন স্মার্ট কার্ড পাওয়ার পদ্ধতি কী,receiptLostSolutions
প্রাপ্তি রশিদ হারিয়ে গেছে কিভাবে কার্ড উত্তোলন করবো,receiptLostSolutions
প্রাপ্তি রশিদ হারিয়ে গেলে কি আর কার্ড পাওয়া যাবে,receiptLostSolutions
প্রাপ্তি রশিদ হারিয়ে গেলে কোনভাবে নতুন কার্ড পাওয়া যাবে,receiptLostSolutions
প্লাস্টিকের কার্ড হারিয়ে গেলে নতুন কার্ড রিইস্যু করা যায় কি,receiptLostSolutions
ভোটার স্লিপ হারালে এবং তালিকায় নাম না পেলে কার্ড তোলার উপায় কী,receiptLostSolutions
সংশোধনের কাগজ হারিয়ে ফেললে কি করতে হবে,receiptLostSolutions
সংশোধনের জন্য আবেদন স্লিপ হারিয়ে গেলে কার্ড পাওয়ার কি প্রক্রিয়া লাগবে,receiptLostSolutions
স্মার্ট কার্ড মানিব্যাগ থেকে হারিয়ে গেছে কি রি-ইস্যু করতে হবে,receiptLostSolutions
স্মার্ট কার্ড হারানো গেলে নতুন কার্ড পেতে কত টাকা খরচ হবে,receiptLostSolutions
স্মার্ট কার্ড হারায় গেলে,receiptLostSolutions
স্মার্ট কার্ড হারিয়ে গিয়েছে,receiptLostSolutions
স্মার্ট কার্ড হারিয়ে গেছে,receiptLostSolutions
স্মার্ট কার্ড হারিয়ে গেলে,receiptLostSolutions
স্মার্ট কার্ড হারিয়ে গেলে কত টাকা দিতে হবে নতুন কার্ড পাবার জন্য,receiptLostSolutions
স্মার্ট কার্ড হারিয়ে গেলে কি রিইস্যু করতে পারি,receiptLostSolutions
হারানো অ্যানইডি কার্ডের জন্য কোন তথ্য না থাকলে কি করতে হবে,receiptLostSolutions
হারানো এনআইডি এর কারণে নতুন স্মার্ট কার্ড কিভাবে পাবো,receiptLostSolutions
হারানো এনআইডি এর জন্য নতুন স্মার্ট কার্ড পাবো কিভাবে,receiptLostSolutions
হারানো এনআইডি কার্ডের জন্য নতুন স্মার্ট কার্ড আবেদন করবো কিভাবে,receiptLostSolutions
হারানো এনআইডি কার্ডের জন্য নতুন স্মার্ট কার্ড আবেদন কিভাবে করবো,receiptLostSolutions
হারানো এনআইডি কার্ডের জন্য নতুন স্মার্ট কার্ড পাবার প্রক্রিয়া কী,receiptLostSolutions
হারানো এনআইডি কার্ডের জন্য নতুন স্মার্ট কার্ডের প্রক্রিয়া কী,receiptLostSolutions
হারানো এনআইডি ফেরত পেতে কোথায় যোগাযোগ করতে হবে,receiptLostSolutions
হারানো কার্ড উত্তোলনের পর পুরানো কার্ডটি খুঁজে পেয়েছি,receiptLostSolutions
হারানো কার্ড উত্তোলনের পর পূর্বের কার্ডটি খুঁজে পেয়েছি করণীয় কি,receiptLostSolutions
হারানো কার্ড রি-ইস্যুর জন্য কি কি কাগজ লাগে,receiptLostSolutions
হারানো কার্ডের জন্য কত টাকা খরচ হবে,receiptLostSolutions
হারানো কার্ডের জন্য কি পরিমান খরচ লাগে,receiptLostSolutions
হারানো কার্ডের তথ্য নেই,receiptLostSolutions
হারানো স্মার্ট কার্ডের জন্য কি নতুন স্মার্ট কার্ড পাবো,receiptLostSolutions
হারানো স্মার্ট কার্ডের জন্য পুনরায় কি নতুন স্মার্ট কার্ড দেওয়া হবে,receiptLostSolutions
আবেদন না করে ফি জমা দিয়েছি,registrationFees
এনআইডি নিবন্ধনের জন্য ফিস প্রদান করতে হয় কি,registrationFees
কার্ড নিবন্ধন করতে কি কোন ফি রয়েছে,registrationFees
চার্জ জমা দিতে কি নম্বর দিতে হবে,registrationFees
টাকা জমা করতে কোন ডিজিট নম্বর ব্যবহার করতে হবে,registrationFees
নতুন কার্ড পেতে কি কোন ফি জমা দিতে হবে,registrationFees
নতুন ভোটার নিবন্ধনের জন্য কত টাকা ফি লাগে,registrationFees
নতুন ভোটার হওয়ার জন্য কত ফি দিতে হবে,registrationFees
নতুন ভোটার হওয়ার জন্য কি ফি জমা দিতে হয়,registrationFees
নতুন ভোটার হওয়ার জন্য কোন ফিস জমা দিতে হয়,registrationFees
নতুন ভোটার হওয়ার ফি কত,registrationFees
নতুন ভোটার হতে বা এনআইডি নিবন্ধনের জন্য কি পরিমাণ ফিস জমা দিতে হয়,registrationFees
নতুন ভোটার হতে বা কার্ড নিবন্ধনের জন্য কি পরিমাণ ফিস জমা দিতে হয়,registrationFees
পয়সা জমা দেওয়ার জন্য কোন নম্বর প্রয়োজন,registrationFees
ফি জমা করতে কত ডিজিটের নম্বর ব্যবহার করি,registrationFees
ফি জমা করতে কোন নম্বর দিতে হবে,registrationFees
ফি জমা করতে কোন নম্বর প্রদান করতে হবে,registrationFees
ফি জমা করতে কোন নম্বর লাগবে,registrationFees
ফি জমা করার জন্য কতো ডিজিটের নম্বর লাগবে,registrationFees
ফি জমা দিতে কি নম্বর ব্যবহার করতে হবে,registrationFees
ফি জমা দিতে কোন নম্বর প্রয়োজন,registrationFees
ফি জমা দিতে কোন নম্বর ব্যবহার করবো,registrationFees
ফি জমা দিতে কোন নম্বর লাগে,registrationFees
ফি জমা দিয়ে আবেদন না করলে টাকা ফেরত পাওয়ার পদ্ধতি কী,registrationFees
ফি জমা দিয়ে আবেদন না করলে টাকা ফেরত পাব কি না,registrationFees
ফি জমা দিয়েও আবেদন না করলে কি টাকা ফেরত পাওয়া যাবে,registrationFees
ফি জমা দেয়ার জন্য কি কোন পদ্ধতি আছে,registrationFees
ফি জমা দেয়ার জন্য কোন নম্বর ব্যবহার করতে হবে,registrationFees
ফি জমা দেয়ার জন্য কোন নম্বর ব্যবহার করি,registrationFees
ফি জমা দেয়ার জন্য কোন পদ্ধতি অনুসরণ করতে হবে,registrationFees
ফিস জমা করার জন্য কতো ডিজিট নম্বর ব্যবহার করতে হবে,registrationFees
ফিস জমা দিতে কোন নম্বর তেরো ডিজিট ব্যবহার করবো,registrationFees
ফিস জমা দিতে কোন নম্বর দশ ডিজিট ব্যবহার করবো,registrationFees
ফিস জমা দিতে কোন নম্বর সতেরো ডিজিট ব্যবহার করবো,registrationFees
ভোটার নিবন্ধন ফি কোন পরিমাণ,registrationFees
ভোটার হওয়ার জন্য কোন ফি আছে কিনা,registrationFees
সংশোন আবেদন করার জন্য ফি জমা দিয়েছি,registrationFees
আর্জেন্ট রিইসযু আবেদন করেছিলাম  কর্মদিবস শেষ হয়ে গেছে অনেক আগেই,reissueStatus
অনলাইনে রিইস্যু করেছি,reissueStatus
অনেকদিন আগে রি-ইস্যু আবেদন করেছিলাম,reissueStatus
অ্যানআইডি রি-ইস্যু করার জন্য কি ডকুমেন্ট দরকার,reissueStatus
আইডি কার্ড ক্ষতিগ্রস্ত হয়েছে,reissueStatus
আইডি কার্ড পুড়ে গেছে,reissueStatus
আইডি কার্ড পুড়ে গেছে বা পোকায় খেয়ে ফেলেছে,reissueStatus
আজেন্ট রি-ইস্যু আবেদন করেছিলাম সাত কর্ম দিবস শেষ হয়ে গেছে,reissueStatus
আমার এনআইডি কার্ড পোকায় খেয়েছে,reissueStatus
আমার এনআইডি কার্ডের কিছু অংশ জলে ভিজে গেছে,reissueStatus
আমার কার্ড খুঁটে খুঁটে নষ্ট হয়ে গেছে,reissueStatus
আমার কার্ড পুড়ে গেছে,reissueStatus
আমার কার্ড পুড়ে বা নষ্ট হয়ে গেছে,reissueStatus
আমার জাতীয় পরিচয়পত্রের অংশবিশেষ পুড়ে গেছে,reissueStatus
আমার জাতীয় পরিচয়পত্রের অংশবিশেষ পোকায় খেয়েছে,reissueStatus
আমার জাতীয় পরিচয়পত্রের কিছু অংশ পুড়ে গেছে বা পোকায় খেয়েছে,reissueStatus
আমি ইমারজেন্সি রি-ইস্যু আবেদন করেছি সাত দিন হয়ে গেছে,reissueStatus
আমি নতুন কার্ডের জন্য অনেকদিন আগে রিইস্যু করেছি,reissueStatus
আমি রি-ইস্যু এপ্লাই করেছি কিন্তু কার্ড কি কারণে পেন্ডিং,reissueStatus
আমি রিইস্যুর জন্য আবেদন করেছি,reissueStatus
আরজেন্ট রি-ইস্যু করার পর সাত দিন পার হয়ে গেছে কার্ড পায়নি কেন,reissueStatus
আরজেন্ট রিইস্যু আবেদন করেছিলাম সাত কর্মদিবস শেষ হয়ে গেছে,reissueStatus
ইমার্জেন্সি রি-ইস্যু আবেদন করেছি,reissueStatus
এনআইডি কার্ড গেছে শেষ হয়ে গেলে কি নতুন কার্ডের জন্য আবেদন করতে হয়,reissueStatus
এনআইডি কার্ড রি-ইস্যুর জন্য কি কি সাপোর্টিং ডকুমেন্ট জমা দিতে হয়,reissueStatus
এনআইডি কার্ড রি-ইস্যুর জন্য কী কী ডকুমেন্ট দরকার,reissueStatus
এনআইডি রি-ইস্যু করতে গেলে কি কাগজ জমা দিতে হবে,reissueStatus
এনআইডি রি-ইস্যু করার জন্য কি কি কাগজপত্র লাগবে,reissueStatus
এনআইডি রি-ইস্যুর জন্য কোন কোন কাগজপত্র লাগবে,reissueStatus
এনআইডি রি-ইস্যুর সময় কি কি লাগবে,reissueStatus
এনআইডি রিইস্যুর সময়সীমা কতদিন,reissueStatus
কার্ড পুনরায় ইস্যু করতে কি কি দস্তাবেজ লাগবে,reissueStatus
কার্ড রি-ইস্যু আবেদন করেছি,reissueStatus
কার্ড রি-ইস্যু করার জন্য অ্যাপ্লাই করেছি কিন্তু দেরী কেন,reissueStatus
কার্ড রি-ইস্যুর জন্য কি কি ডক লাগবে,reissueStatus
কার্ড রি-ইস্যুর জন্য কি কি লাগবে,reissueStatus
কার্ড রি-ইস্যুর জন্য কি কি সাবমিট করতে হবে,reissueStatus
কার্ড রি-ইস্যুর জন্য কোন ডকুমেন্টস লাগবে,reissueStatus
কার্ড রি-ইস্যুর জন্য সাপোর্টিং ডকুমেন্টস কিভাবে জমা দেবো,reissueStatus
কার্ড রিইস্যুর জন্য কোন কাগজ জমা দিতে হয়,reissueStatus
কার্ড হারালে রি-ইস্যুর জন্য কি কাগজপত্র জমা দিতে হবে,reissueStatus
কি পরিমাণ টাকা জমা দিতে হবে রি-ইস্যু করার জন্য,reissueStatus
জরুরি রি-ইস্যু আবেদন করেছি,reissueStatus
জাতীয় পরিচয়পত্রে পোকা ধরেছে,reissueStatus
জাতীয় পরিচয়পত্রের অংশবিশেষ পুড়ে গেছে,reissueStatus
জাতীয় পরিচয়পত্রের কিছু অংশ খুঁটে গেছে,reissueStatus
জাতীয় পরিচয়পত্রের ক্ষতিগ্রস্ত অংশের জন্য কি করতে হবে,reissueStatus
জি-ডি করে কি কার্ড রি-ইস্যুর জন্য ডকুমেন্টস জমা দিতে হবে,reissueStatus
নতুন এনআইডি কার্ড পাবো কি করে,reissueStatus
পুনঃ-ইস্যু করার জন্য কত টাকা দিতে হবে,reissueStatus
পুনরায়-ইস্যু করার জন্য কত টাকা জমা দিতে হবে,reissueStatus
পুনরায়-ইস্যু ফি কত,reissueStatus
বিশেষ জরুরি রি-ইস্যু আবেদন করেছি,reissueStatus
ভোটার মাইগ্রেট শেষে রি-ইস্যুর জন্য কি প্রয়োজন,reissueStatus
ভোটার মাইগ্রেশন এর পরে রি-ইস্যু কিভাবে করবো,reissueStatus
ভোটার স্থানান্তর হয়ে গেলে কি রি-ইস্যুর এপ্লিকেশন করতে হবে,reissueStatus
ভোটার স্থানান্তরের পরে রি-ইস্যুর জন্য কি লাগবে,reissueStatus
রি-ইস্যু আবেদন করছিলাম আর কতদিন লাগে,reissueStatus
রি-ইস্যু আবেদন করতে কত টাকা খরচ হবে,reissueStatus
রি-ইস্যু আবেদন করতে কত টাকা পরিশোধ করতে হবে,reissueStatus
রি-ইস্যু আবেদন করতে কি টাকা লাগে,reissueStatus
রি-ইস্যু আবেদন করতে কি ধরনের ফি জমা দিতে হয়,reissueStatus
রি-ইস্যু আবেদন করতে গিয়ে এতদিন পেরিয়ে গেছে,reissueStatus
রি-ইস্যু আবেদন করার জন্য কত টাকা দরকার,reissueStatus
রি-ইস্যু আবেদন করার জন্য ফি কত,reissueStatus
রি-ইস্যু আবেদন করে কতদিন লাগে কার্ড কবে পাবো,reissueStatus
রি-ইস্যু আবেদন ফি জমা দেওয়ার পরও কেন আমাকে পুনরায় ফি জমা দিতে হচ্ছে,reissueStatus
রি-ইস্যু আবেদনে কত টাকা খরচ,reissueStatus
রি-ইস্যু আবেদনে কত টাকা লাগবে,reissueStatus
রি-ইস্যু আবেদনের পর কতদিনে কার্ড আসে,reissueStatus
রি-ইস্যু আবেদনের ফি আমি জমা দিয়েছি তবে আবেদন সাবমিট করার আগেই টাকা ব্যবহার হয়ে গেছে,reissueStatus
রি-ইস্যু করতে কত কস্ট,reissueStatus
রি-ইস্যু করতে কত খরচ,reissueStatus
রি-ইস্যু করতে কত টাকা জমা দিতে হয়,reissueStatus
রি-ইস্যু করতে কত টাকা লাগতে পারে,reissueStatus
রি-ইস্যু করতে কত মানি জমা দিতে হবে,reissueStatus
রি-ইস্যু করার জন্য কত টাকা জমা দিতে হবে,reissueStatus
রি-ইস্যু করার জন্য কত টাকা দিতে হবে,reissueStatus
রি-ইস্যু করার ফি কত,reissueStatus
রি-ইস্যু ফি কত,reissueStatus
রি-ইস্যুর জন্য কত ক্যাশ লাগবে,reissueStatus
রি-ইস্যুর জন্য কত টাকা লাগবে,reissueStatus
রি-ইস্যুর জন্য কি কি জমা দিতে হবে,reissueStatus
রি-ইস্যুর জন্য কি কি প্রুফ দিতে হবে,reissueStatus
রি-ইস্যুর জন্য কি কি সাপোর্টিং ডকুমেন্ট জমা দিতে হবে,reissueStatus
রি-ইস্যুর জন্য কি কি সাপোর্টিং ডকুমেন্ট জমা দিতে হয়,reissueStatus
রি-ইস্যুর জন্য কোন কোন সাপোর্টিং ডকুমেন্ট লাগবে,reissueStatus
রিইস্যু আবেদন অনেকদিন আগে করেছি,reissueStatus
রিইস্যু আবেদন পেন্ডিং থাকলে কতদিন লাগে প্রসেস হতে,reissueStatus
রিইস্যু এর আবেদন বহুদিন আগে করেছি,reissueStatus
আপনার টিন নম্বর আপডেট বা নতুন করে যোগ করতে কী কাগজপত্র প্রয়োজন,requiredDocuments
আপনার টিন নম্বরে সংশোধন করতে কী কী নথি প্রয়োজন,requiredDocuments
আব্বা আম্মার এনআইডি নেই,requiredDocuments
আব্বুর বা পাপার এনআইডি নম্বর আপডেট এর জন্য কি কি নথি দিতে হবে,requiredDocuments
আমার এনআইডি কার্ডে টিন নম্বর যোগ করতে কি ডকুমেন্টস দিতে হবে,requiredDocuments
আমার জন্ম সনদ নম্বর আপডেট করতে কি কি প্রমাণপত্র লাগবে,requiredDocuments
আমার জন্ম সনদ নম্বর সংশোধন করতে কি কি ডকুমেন্টস লাগে,requiredDocuments
আমার জাতীয় আইডি কার্ডে জন্ম সনদ নম্বর সংযোজন বা সংশোধনের জন্য প্রয়োজনীয় কাগজপত্রগুলি কি,requiredDocuments
আমার জাতীয় পরিচয়পত্রে নতুন ফোন নম্বর যোগ করতে কি কি লাগবে,requiredDocuments
আমার ন্যাশনাল আইডি কার্ডে ফোন নম্বর সংশোধন করতে কি নথি দিতে হবে,requiredDocuments
আমার পাসপোর্ট নম্বর ন্যাশনাল আইডেন্টিটি কার্ডে যোগ করতে কি কি লাগবে,requiredDocuments
আমার পাসপোর্ট নম্বর সংযোজন বা সংশোধন করতে কি কি ডকুমেন্টস লাগবে,requiredDocuments
আমার পাসপোর্ট নম্বর সংশোধন করতে কি কি কাগজপত্র লাগবে,requiredDocuments
আমার মোবাইল নম্বর আপডেট করতে কি ডকুমেন্টস লাগবে,requiredDocuments
আমার শিশুর জন্ম সনদ নম্বর সংশোধন করতে কি লাগবে,requiredDocuments
আমি আমার এনআইডি তে নতুন ফোন নম্বর যোগ করতে চাই,requiredDocuments
আমি আমার বার্থ সার্টিফিকেট নম্বর সংযোজন করতে চাই,requiredDocuments
এনআইডি আপডেটের জন্য সনদ দিতে হবে,requiredDocuments
এনআইডি কার্ডে জন্ম তারিখ সংশোধনের জন্য কি ডকুমেন্টস লাগবে,requiredDocuments
এনআইডি কার্ডে টিন নম্বর আপডেট করার জন্য কি কি ডকুমেন্টস লাগবে,requiredDocuments
এনআইডি পুনঃনিষ্করণের জন্য কি ডকুমেন্ট লাগবে,requiredDocuments
কার্ড এ টেলিফোন নম্বর আপডেট করার জন্য কি কাগজপত্র লাগে,requiredDocuments
কার্ডে ফোন নম্বর আপডেট করার জন্য কি ডকুমেন্টস দরকার,requiredDocuments
কার্ডে মোবাইল নম্বর সংযোজনের জন্য কি লাগবে,requiredDocuments
কার্ডে সাইন টা আপডেট করতে হলে কি কি ডকুমেন্ট লাগবে,requiredDocuments
কি কি কাগজপত্র লাগবে জন্মস্থান সংশোধনের জন্য,requiredDocuments
কি কি কাগজপত্র লাগবে যাতে আমি আমার জাতীয় পরিচয়পত্রে মোবাইল নম্বর আপডেট করতে পারি,requiredDocuments
কি কি ডকুমেন্ট লাগবে আমার পাসপোর্ট নম্বর সংশোধন করতে,requiredDocuments
কি ডকুমেন্টস লাগবে আমার টিন নম্বর সংশোধন করতে,requiredDocuments
কোন কাগজপত্র দরকার বাংলাদেশের ন্যাশনাল আইডি কার্ডে ফোন নম্বর সংযোজনের জন্য,requiredDocuments
জন্ম তারিখ পরিবর্তনের জন্য প্রয়োজনীয় নথিপত্র কী,requiredDocuments
জন্ম নিবন্ধন নম্বর সংশোধনের জন্য কি কি কাগজপত্র লাগে,requiredDocuments
জন্ম সনদ নম্বর আপডেট বা সংশোধন করতে কি কি কাগজপত্র আনতে হবে,requiredDocuments
জন্ম সনদ নম্বর যোগ করতে কি ডকুমেন্টস লাগবে,requiredDocuments
জন্ম সনদ নম্বর সংযোজন বা সংশোধন করতে,requiredDocuments
জন্ম সনদ নম্বর সংযোজন বা সংশোধনের জন্য কী কী সার্টিফিকেট দিতে হবে,requiredDocuments
জন্ম সনদ নম্বর সংযোজন বা সংশোধনের জন্য প্রয়োজনীয় ডকুমেন্টগুলি কি,requiredDocuments
জন্ম সনদের নম্বর ঠিক করার জন্য কি কি কাগজপত্র প্রয়োজন,requiredDocuments
জন্ম সনদের নম্বর সংযোজন বা সংশোধনের জন্য কি কি কাগজপত্র প্রয়োজন,requiredDocuments
জন্ম সার্টিফিকেট নম্বর সংশোধন করতে কি কি কাগজপত্র জমা দিতে হয়,requiredDocuments
জাতীয় পরিচয়পত্র আপডেট করতে জন্ম সনদ নম্বর সংশোধনের জন্য প্রয়োজনীয় ডকুমেন্ট কি,requiredDocuments
জাতীয় পরিচয়পত্রে জন্ম সনদ নম্বর পরিবর্তনের জন্য কোনো কাগজপত্র দিতে হবে,requiredDocuments
জাতীয় পরিচয়পত্রে জন্ম সনদ নম্বর যোগ করতে কি ডকুমেন্টস দিতে হবে,requiredDocuments
জাতীয় পরিচয়পত্রে জন্ম সনদ নম্বর যোগ করা বা সংশোধনের জন্য কী কী ডকুমেন্টস লাগবে,requiredDocuments
জাতীয় পরিচয়পত্রে মোবাইল নম্বর আপডেট করতে কি কাগজপত্র লাগে,requiredDocuments
জাতীয় পরিচয়পত্রে মোবাইল নম্বর পরিবর্তন করতে কি দলিল প্রয়োজন,requiredDocuments
জাতীয় পরিচয়পত্রে মোবাইল নম্বর যোগ করার জন্য কোন ধরনের ডকুমেন্টস দিতে হবে,requiredDocuments
জাতীয় পরিচয়পত্রের জন্য কোন কোন কাগজপত্র লাগবে,requiredDocuments
টিন নম্বর আপডেট করতে কি কি কাগজপত্র লাগে,requiredDocuments
টিন নম্বর আপডেট করা বা নতুন করে যোগ করতে কি কি কাগজ দিতে হবে,requiredDocuments
টিন নম্বর জমা দিতে কি কি ডকুমেন্টস প্রয়োজন,requiredDocuments
টিন নম্বর নতুন করে যোগ করতে কোন কাগজপত্র লাগবে,requiredDocuments
টিন নম্বর নিবন্ধকরণে কি কি ডকুমেন্টস প্রয়োজন,requiredDocuments
টিন নম্বর নিবন্ধনের জন্য কোন কোন কাগজপত্র লাগবে,requiredDocuments
টিন নম্বর প্রক্রিয়ায় কি কি কাগজপত্র লাগবে,requiredDocuments
টিন নম্বর বদলাতে কি ডকুমেন্টস প্রয়োজন,requiredDocuments
টিন নম্বর মডিফাই করতে কি কাগজপত্র লাগবে,requiredDocuments
টিন নম্বর যেটা আমি ভোটার হিসেবে দিয়েছিলাম সেটা কি আপডেট করতে পারি,requiredDocuments
টিন নম্বর যোগ বা পরিবর্তন করতে কি কি কাগজপত্র প্রয়োজন,requiredDocuments
টিন নম্বর যোগ বা পরিবর্তন করতে কি ডকুমেন্টস লাগবে,requiredDocuments
টিন নম্বর সংযোজন বা সংশোধন করতে,requiredDocuments
টিন নম্বর সংযোজন বা সংশোধন করতে কি কি জিনিস লাগবে,requiredDocuments
টিন নম্বর সংযোজন বা সংশোধনের জন্য কোন কোন ডকুমেন্ট লাগবে,requiredDocuments
টিন নম্বর সংযোজনের জন্য কি কি নথি লাগবে,requiredDocuments
টিন নম্বর সংশোধনে কি কাগজপত্র প্রয়োজন,requiredDocuments
টিন নম্বর সংশোধনের জন্য কি কি কাগজপত্র দিতে হবে,requiredDocuments
টিন নম্বরের জন্য কি কি কাগজপত্র জমা দিতে হবে,requiredDocuments
টিন নম্বরের জন্য কোন কাগজপত্র জমা দিতে হবে,requiredDocuments
টিন নম্বরের জন্য কোন কোন ডকুমেন্টস লাগবে,requiredDocuments
টিন নম্বরের সংযোজন বা সংশোধন করার জন্য কী কী নথি প্রয়োজন,requiredDocuments
টিন বা ট্যাক্স আইডেন্টিফিকেশন নম্বর যোগ করার জন্য কি কি ডকুমেন্টস লাগবে,requiredDocuments
নতুন জন্ম সনদ নম্বর সংযোজনের জন্য কি ডকুমেন্টস লাগে,requiredDocuments
নতুন পাসপোর্ট নম্বর সংযোজন বা সংশোধনে কি কি ডকুমেন্ট লাগে,requiredDocuments
নতুন ফোন নম্বর যোগ করতে কি কাগজপত্র দিতে হবে,requiredDocuments
নিড কার্ডে আমার পাসপোর্ট নম্বর যুক্ত বা বদল করতে কি কি দলিল দিতে হবে,requiredDocuments
নিড কার্ডে পাসপোর্ট নম্বর আপডেট করতে কি ডকুমেন্ট লাগে,requiredDocuments
নিড কার্ডে পাসপোর্ট নম্বর সংশোধন করার জন্য দরকারী কাগজপত্র কি কি,requiredDocuments
ন্যাশনাল আইডি কার্ডে আমার পাসপোর্ট নম্বর সংযুক্ত করতে কি দলিলাদি প্রয়োজন,requiredDocuments
ন্যাশনাল আইডি কার্ডে পাসপোর্ট নম্বর যোগ করতে কি কি দলিল লাগবে,requiredDocuments
ন্যাশনাল আইডি কার্ডের জন্য পাসপোর্ট নম্বর সংযোগ বা সংশোধন করতে কি কি লাগবে,requiredDocuments
ন্যাশনাল আইডেন্টিটি কার্ডে পাসপোর্ট নম্বর যোগ বা সংশোধনের জন্য কি কি কাগজপত্র দিতে হবে,requiredDocuments
পাসপোর্ট নম্বর আপডেট বা সংশোধন করতে নিড কার্ডের কি কি ডকুমেন্ট লাগে,requiredDocuments
পাসপোর্ট নম্বর নিড কার্ডে সংযোজন বা পরিবর্তন করতে কি কি কাগজপত্র দিতে হবে,requiredDocuments
পাসপোর্ট নম্বর বদলে দিতে কি কি কাগজপত্র লাগবে,requiredDocuments
পাসপোর্ট নম্বর সংযোজন বা সংশোধন করতে,requiredDocuments
পাসপোর্ট নম্বর সংযোজনে কি কি ডকুমেন্টস চাই,requiredDocuments
পাসপোর্ট নম্বর সংশোধনে কি কি কাগজপত্র প্রয়োজন,requiredDocuments
পাসপোর্টে নতুন নম্বর সংযোজন বা সংশোধন করার জন্য কি কি কাগজপত্র লাগতে পারে,requiredDocuments
পাসপোর্টে নম্বর সংশোধন করতে কি কি ডকুমেন্ট লাগে,requiredDocuments
পাসপোর্টের নম্বর সংশোধন করতে কি কি কাগজপত্র জমা দিতে হবে,requiredDocuments
পিতামাতার এনআইডি নাই,requiredDocuments
ফাদার এর কার্ড নেই,requiredDocuments
ফোন এর নম্বর আপডেট করতে কি লাগে,requiredDocuments
ফোন নম্বর পরিবর্তন করতে কি কি ডকুমেন্টস লাগবে,requiredDocuments
বাংলাদেশের জাতীয় পরিচয়পত্রে ফোন নম্বর আপডেট করতে কি কি কাগজপত্র জমা দিতে হবে,requiredDocuments
বাংলাদেশের জাতীয় পরিচয়পত্রের জন্য মোবাইল নম্বর যোগ করতে কোন কাগজপত্র প্রয়োজন,requiredDocuments
মাতার কার্ড নেই,requiredDocuments
মোবাইল নম্বর বদলাতে জাতীয় পরিচয়পত্রের জন্য কি সনদ লাগবে,requiredDocuments
মোবাইল নম্বর বা ফোন নম্বর সংযোজন বা সংশোধন করতে,requiredDocuments
মোবাইল নম্বর সংশোধন করতে কি কিছু লাগবে,requiredDocuments
স্বাক্ষর আপডেট করতে হলে কি কি লাগে,requiredDocuments
আমার এলাকা থেকে স্মার্ট কার্ড বিতরণ হয়েছে,smartCardConversion
আমার এলাকাতে স্মার্ট কার্ড বিতরণ হলেও,smartCardConversion
আমার এলাকার স্মার্ট কার্ড বিতরণ হয়ে গেছে,smartCardConversion
আমার এলাকায় স্মার্ট কার্ড বিতরণ হয়েছে,smartCardConversion
আমার এলাকায় স্মার্ট কার্ড বিতরণের পরেও কেন আমি কার্ড পাইনি,smartCardConversion
আমার ন্যাশনাল আইডি কার্ড স্মার্ট কার্ড হবে কি,smartCardConversion
আমার পরের ভোটাররা স্মার্ট কার্ড নিয়েছে,smartCardConversion
আমার পরের ভোটাররা স্মার্ট কার্ড পেয়েছে,smartCardConversion
আমার বাংলাদেশের জাতীয় পরিচয়পত্র স্মার্ট কার্ড হবে কি,smartCardConversion
আমার ভাই নতুন ভোটার হিসেবে স্মার্ট কার্ড কিভাবে পেতে পারি,smartCardConversion
আমার স্মার্ট কার্ড আবেদনের স্ট্যাটাসটা জানতে যাচ্ছি।,smartCardConversion
আমার স্মার্ট কার্ড কি অন্য কেউ সংগ্রহ করতে পারবে,smartCardConversion
আমার স্মার্ট কার্ড কিভাবে করতে পারি,smartCardConversion
আমার স্মার্ট কার্ড কোথা থেকে সংগ্রহ করতে পারি,smartCardConversion
আমার স্মার্ট কার্ড কোথায় পাবো,smartCardConversion
আমার স্মার্ট কার্ড গ্রহণের স্ট্যাটাস জানতে হবে।,smartCardConversion
আমার স্মার্ট কার্ড তৈরির অবস্থা জানতে কোন মোবাইল নাম্বারে মেসেজ করতে হবে,smartCardConversion
আমার স্মার্ট কার্ড পেতে কতদিন লাগবে,smartCardConversion
আমার স্মার্ট কার্ড পেতে কতদিন সময় লাগবে,smartCardConversion
আমার স্মার্ট কার্ড পেতে যে আবেদন করেছি,smartCardConversion
আমার স্মার্ট কার্ডের বর্তমান অগ্রগতি জানতে চাই।,smartCardConversion
আমার স্মার্ট কার্ডের বর্তমান অবস্থা কি এটা কবে নাগাদ পাবো,smartCardConversion
আমার স্মার্ট কার্ডের বর্তমান অবস্থা জানতে যাচ্ছি।,smartCardConversion
আমার স্মার্ট কার্ডের বর্তমান অবস্থাটা আমি জানতে চাই।,smartCardConversion
আমার স্মার্ট কার্ডের বর্তমান আইডি জানতে চাই।,smartCardConversion
আমার স্মার্ট কার্ডের বিতরণ অবস্থা জানতে কোন নাম্বারে মেসেজ পাঠাবো,smartCardConversion
আমার স্মার্টকার্ড কি আমি ছাড়া অন্য কেউ আইসা নিতে পারবে আমি অসুস্থ,smartCardConversion
আমি আমার এনআইডি স্মার্ট কার্ডে কনভার্ট করতে চাই।,smartCardConversion
আমি আমার বাংলাদেশের এনআইডি স্মার্ট কার্ডে নিবন্ধন করতে চাই।,smartCardConversion
আমি কবে স্মার্ট কার্ড পাবো,smartCardConversion
আমি কানাডার দূতাবাসে এনআইডি নিবন্ধনের জন্য আবেদন করেছি। স্মার্ট কার্ড পাবো কোথা থেকে,smartCardConversion
আমি কি আমার এনআইডি স্মার্ট কার্ডে রূপান্তর করতে পারি,smartCardConversion
আমি কি আমার জাতীয় পরিচয়পত্র স্মার্ট কার্ডে রূপান্তর করতে পারি,smartCardConversion
আমি কি আমার স্মার্ট কার্ড অন্য কাউকে নিতে দিতে পারি,smartCardConversion
আমি কি জাতীয় পরিচয়পত্রের জন্য স্মার্ট কার্ড করতে পারি,smartCardConversion
আমি কি জাতীয় পরিচয়পত্রের স্মার্ট কার্ড পেতে পারি,smartCardConversion
আমি কি বাংলাদেশের স্মার্ট কার্ড পেতে পারি,smartCardConversion
আমি কি স্মার্ট এনআইডি কার্ডের জন্য আবেদন করতে পারি,smartCardConversion
আমি কি স্মার্ট কার্ড নিয়ে যেতে পারি,smartCardConversion
আমি কি স্মার্ট কার্ডের জন্য আবেদন করতে পারি,smartCardConversion
আমি কীভাবে আমার স্মার্ট কার্ড প্রস্তুতির অবস্থা জানতে পারি - কোন নাম্বারে এসএমএস করতে হবে,smartCardConversion
আমি কীভাবে স্মার্ট কার্ডের জন্য আবেদন করব,smartCardConversion
আমি জাতীয় পরিচয়পত্র স্মার্ট কার্ডে কনভার্ট করতে চাই।,smartCardConversion
আমি জাতীয় পরিচয়পত্রের জন্য স্মার্ট কার্ডে আবেদন করতে চাই।,smartCardConversion
আমি জাতীয় পরিচয়পত্রের স্মার্ট কার্ড নিবন্ধন করতে চাই।,smartCardConversion
আমি জাতীয় পরিচয়পত্রের স্মার্ট কার্ড বানাতে চাই।,smartCardConversion
আমি বাংলাদেশের এনআইডি স্মার্ট কার্ড করতে চাই কি,smartCardConversion
আমি বাংলাদেশের এনআইডি স্মার্ট কার্ড বানাতে চাই।,smartCardConversion
আমি বাংলাদেশের জাতীয় পরিচয়পত্র স্মার্ট কার্ড করতে চাই,smartCardConversion
আমি বাংলাদেশের জাতীয় পরিচয়পত্রের জন্য স্মার্ট কার্ডের ফর্ম পূরণ করতে চাই।,smartCardConversion
আমি ভোটার হয়ে গেছি তবে স্মার্ট কার্ড পাইনি আমার সাথের ও পরের অনেকেই পেয়েছে,smartCardConversion
আমি স্মার্ট কার্ড করতে চাই,smartCardConversion
আমি স্মার্ট কার্ড তুলতে চাই,smartCardConversion
আমি স্মার্ট কার্ড পেতে চাই,smartCardConversion
আমি স্মার্ট কার্ড সংশোধন করতে স্মার্ট কার্ড অপশন সিলেক্ট করলাম,smartCardConversion
আমি স্মার্ট কার্ডের জন্য আবেদন করতে চাই।,smartCardConversion
আমি স্মার্ট কার্ডের জন্য আবেদন করেছিলাম,smartCardConversion
আমি স্মার্ট কার্ডের জন্য ফর্ম পূরণ করতে চাই।,smartCardConversion
এম্বাসিতে আবেদন দেওয়ার পর স্মার্ট কার্ড পাবো কীভাবে,smartCardConversion
এম্বাসিতে প্রবাসী এনআইডি নিবন্ধনের আবেদন করার পর স্মার্ট কার্ড পাবো কি করে,smartCardConversion
এম্বাসীতে আবেদন করার পর স্মার্ট কার্ড সংগ্রহের প্রক্রিয়া কী,smartCardConversion
এম্বাসীতে আবেদন দেওয়ার পর স্মার্ট কার্ড কিভাবে সংগ্রহ করা যাবে,smartCardConversion
এম্বাসীতে প্রবাসী এনআইডি নিবন্ধনের আবেদন করার পর স্মার্ট কার্ড পেতে কি পদক্ষেপ নিতে হবে,smartCardConversion
কার্ড সংশোধনের জন্য “স্মার্ট কার্ড” অপশন সিলেক্ট করেছিলাম,smartCardConversion
কোথায় গিয়ে আমার স্মার্ট কার্ড সংগ্রহ করবো,smartCardConversion
কোথায় গিয়ে স্মার্ট কার্ড সংগ্রহ করতে পারি,smartCardConversion
কোথায় গেলে স্মার্ট কার্ড পাবো,smartCardConversion
কোন নাম্বারে এসএমএস করলে আমি আমার স্মার্ট কার্ডের বর্তমান অবস্থা জানতে পারবো,smartCardConversion
চিপ সহ কার্ড বা স্মার্ট কার্ড টা কোথা থেকে পাবো,smartCardConversion
চিপস স্মার্ট কার্ড যেটা,smartCardConversion
দূতাবাসে আবেদন করার পর স্মার্ট কার্ড সংগ্রহের প্রক্রিয়া কী,smartCardConversion
দূতাবাসে আবেদন দেওয়ার পর স্মার্ট কার্ড কিভাবে সংগ্রহ করা যাবে,smartCardConversion
দূতাবাসে প্রবাসী এনআইডি নিবন্ধনের আবেদন করার পর স্মার্ট কার্ড পেতে কি পদক্ষেপ নিতে হবে,smartCardConversion
নতুন ভোটার হওয়ার পর স্মার্ট কার্ড কিভাবে সংগ্রহ করা যাবে,smartCardConversion
নতুন ভোটার হয়ে স্মার্ট কার্ড পেতে কি করতে হবে,smartCardConversion
নতুন ভোটার হয়ে স্মার্ট কার্ড সংগ্রহ করার প্রক্রিয়া কি,smartCardConversion
প্রবাসী এনআইডি নিবন্ধন করলেও আমি কোথা থেকে স্মার্ট কার্ড পাবো,smartCardConversion
প্রবাসী এনআইডি নিবন্ধন করলেও স্মার্ট কার্ড কোথা থেকে পাবো,smartCardConversion
প্রবাসী এনআইডি নিবন্ধন শেষ করার পর স্মার্ট কার্ড কিভাবে পাবো,smartCardConversion
প্রবাসী এনআইডি নিবন্ধন শেষে স্মার্ট কার্ড কিভাবে পাওয়া যাবে,smartCardConversion
প্রবাসী এনআইডি নিবন্ধনের জন্য দূতাবাসে আবেদন করেছি তো স্মার্ট কার্ড কি পদক্ষেপে পাবো,smartCardConversion
প্রবাসী এনআইডি নিবন্ধনের পর স্মার্ট কার্ড কিভাবে পাবো,smartCardConversion
প্রবাসী এনআইডি বা ভোটার নিবন্ধনের জন্য আমি আমেরিকার এম্বাসিতে আবেদন করেছি। স্মার্ট কার্ড কিভাবে পাবো,smartCardConversion
প্রবাসী এনআইডি বা ভোটার নিবন্ধনের জন্য এম্বাসীতে আবেদন করেছি। স্মার্ট কার্ড কীভাবে পাবো,smartCardConversion
প্রবাসী এনআইডি বা ভোটার নিবন্ধনের জন্য দূতাবাসে আবেদন করেছি। স্মার্ট কার্ড কীভাবে পাবো,smartCardConversion
প্রবাসী হিসেবে এনআইডি নিবন্ধন করেছি তো স্মার্ট কার্ড পাবো কোথায়,smartCardConversion
ভোটার হওয়ার পর আমি চিপস কার্ড স্মার্ট কার্ড পাইনি,smartCardConversion
মোবাইল দিয়ে কোন ধরনের কার্ড এর আবেদনগুলো করতে পারি,smartCardConversion
যখন স্মার্ট কার্ড সংশোধন করলাম,smartCardConversion
যাদের পরে ভোটার হয়েছিল তারা স্মার্ট কার্ড পেয়েছে,smartCardConversion
সবাই পেয়েছে স্মার্ট কার্ড,smartCardConversion
সমারট কার্ড খোয়া গেলে রিইস্যু করে কি আরেকটি স্মার্ট কার্ড পাবো,smartCardConversion
স্প্লাস্টিকের বা স্মার্ট কার্ড আমি পাইনি কিন্তু আমার পরে ভোটার হয়েছে সবাই পেয়েছে,smartCardConversion
স্মার্ট কার্ড উত্তোলন কোথায় করবো,smartCardConversion
স্মার্ট কার্ড কলেক্ট করার জন্য কোথায় যেতে হবে,smartCardConversion
স্মার্ট কার্ড কোথায় নিতে হবে,smartCardConversion
স্মার্ট কার্ড কোথায় পাবো,smartCardConversion
স্মার্ট কার্ড নেওয়ার জন্য কই যাবো,smartCardConversion
স্মার্ট কার্ড পেতে কতদিন সময় লাগবে এটার স্ট্যাটাস কি,smartCardConversion
স্মার্ট কার্ড বিতরণ হলে কি এসএমএস মাধ্যমে জানানো হবে,smartCardConversion
স্মার্ট কার্ড বিতরণ হলেও কেনো আমার কার্ড হাতে আসছে না,smartCardConversion
স্মার্ট কার্ড বিতরণ হয়ে গেলেও আমার কার্ড কোথায়,smartCardConversion
স্মার্ট কার্ড বিতরণ হয়েছে আমার এলাকায়,smartCardConversion
স্মার্ট কার্ড বিতরণের তারিখ পার হয়ে গেছে,smartCardConversion
স্মার্ট কার্ড মিসিং,smartCardConversion
স্মার্ট কার্ড রেডি হয়ে গেলে কি আমি বার্তা পাবো,smartCardConversion
স্মার্ট কার্ড সংগ্রহ করার জন্য কোথায় যেতে হবে,smartCardConversion
স্মার্ট কার্ড সংশোধন করার পর পিডিএফ পেলাম,smartCardConversion
স্মার্ট কার্ড সংশোধন করে পিডিএফ পেয়েছি,smartCardConversion
স্মার্ট কার্ড সংশোধনের জন্য 'স্মার্ট কার্ড' অপশন সিলেক্ট করেছিলাম,smartCardConversion
স্মার্ট কার্ড সংশোধনের পর কেন শুধু পিডিএফ পেয়েছি আসল স্মার্ট বা প্লাস্টিকের কার্ড কবে পাবো,smartCardConversion
স্মার্ট কার্ডের স্ট্যাটাস কি,smartCardConversion
আমার অ্যানআইডি কার্ড প্রিন্ট হয়েছে কিনা দেখতে হবে কিভাবে,smartCardPrintStatus
আমার এনআইডি কার্ড প্রিন্ট হয়েছে কিনা দেখতে হবে কিভাবে,smartCardPrintStatus
আমার চিপসহ কার্ডের প্রিন্টিং অবস্থা কিভাবে জানবো,smartCardPrintStatus
আমার চিপসহ ভোটার কার্ড প্রিন্ট বা বিতরণ সম্পর্কে কি আমাকে এসএমএস করা হবে,smartCardPrintStatus
আমার ডিজিটাল ভোটার কার্ড বা স্মার্ট কার্ড প্রিন্ট হলে এসএমএস হবে কি,smartCardPrintStatus
আমার স্মার্ট আইডি কার্ড প্রিন্ট হয়েছে কিনা তা জানতে কোন নাম্বারে এসএমএস পাঠাবো,smartCardPrintStatus
আমার স্মার্ট কার্ড কি প্রিন্ট হয়েছে তা কিভাবে জানতে পারি,smartCardPrintStatus
আমার স্মার্ট কার্ড কেন প্রিন্ট হচ্ছে না,smartCardPrintStatus
আমার স্মার্ট কার্ড প্রিন্ট হলে কি এসএমএস পাবো,smartCardPrintStatus
আমার স্মার্ট কার্ড প্রিন্ট হয়েছে কিনা কনফার্ম করবো কিভাবে,smartCardPrintStatus
আমার স্মার্ট কার্ড মুদ্রণ হয়েছে কিনা কিভাবে চেক করবো,smartCardPrintStatus
আমার স্মার্ট কার্ডের প্রিন্টিং অবস্থা জানতে কোন নাম্বারে এসএমএস করতে হবে,smartCardPrintStatus
আমি আমার প্লাস্টিকের নতুন স্মার্ট কার্ড মুদ্রণ সম্পর্কে জানার জন্য কীভাবে এসএমএস পাঠাতে পারি কোন নম্বরে,smartCardPrintStatus
কার্ড প্রিন্টিং সম্পর্কে কি কিছু আপডেট পাবো কীভাবে,smartCardPrintStatus
কি কি কারণে স্মার্ট কার্ড প্রিন্ট নাও হতে পারে,smartCardPrintStatus
কিভাবে জানবো আমার স্মার্ট কার্ড প্রিন্ট হয়েছে,smartCardPrintStatus
কিভাবে ডিজিটাল স্মার্ট কার্ড প্রিন্ট সম্পর্কে জানতে মেসেজ পাঠাবো,smartCardPrintStatus
কিভাবে বুঝবো আমার স্মার্ট কার্ড প্রিন্ট হয়েছে,smartCardPrintStatus
কিভাবে স্মার্ট কার্ড মুদ্রণ সম্পর্কে জানতে ম্যাসেজ পাঠাবো,smartCardPrintStatus
কী কারণে স্মার্ট কার্ড প্রিন্ট নাও হতে পারে,smartCardPrintStatus
কোথায় গিয়ে স্মার্ট কার্ডের মুদ্রণ অবস্থা জানব,smartCardPrintStatus
কোন কোন কারণে ডিজিটাল স্মার্ট কার্ড প্রিন্ট হওয়ার সমস্যা হতে পারে,smartCardPrintStatus
কোন নাম্বারে এসএমএস করলে আমি ঢাকায় থাকা আমার স্মার্ট কার্ড প্রিন্টের অবস্থা জানতে পারি,smartCardPrintStatus
ডিজিটাল কার্ড প্রিন্ট হয়েছে কিনা কীভাবে নিশ্চিত হবো,smartCardPrintStatus
নতুন যে এনএইডিগুলা স্মার্ট কার্ড সেগুলা প্রিন্ট হলে কি আমাকে এসএমএস করবে,smartCardPrintStatus
বাংলাদেশে আমার স্মার্ট কার্ডের প্রিন্টিং অবস্থা জানতে কোন নাম্বারে এসএমএস করা যায়,smartCardPrintStatus
যদি আমার স্মার্ট কার্ড প্রিন্ট হয়,smartCardPrintStatus
রাজশাহী থেকে আমার স্মার্ট কার্ডের প্রিন্টিং অবস্থা জানতে কোন নাম্বারে মেসেজ পাঠানো যাবে,smartCardPrintStatus
সিলেটে আমার স্মার্ট কার্ড প্রিন্টিংয়ের অবস্থা জানতে কোন নম্বরে এসএমএস করা দরকার,smartCardPrintStatus
স্মার্ট এনআইডি কার্ড প্রিন্ট হয়েছে কিনা চেক করার উপায়,smartCardPrintStatus
স্মার্ট কার্ড প্রিন্ট হওয়া বা বিতরণ সম্পর্কে কি আমাকে এসএমএস পাঠানো হবে,smartCardPrintStatus
স্মার্ট কার্ড প্রিন্ট হলে কি আমার মোবাইলে মেসেজ আসবে,smartCardPrintStatus
স্মার্ট কার্ড প্রিন্ট হলে কি এসএমএস এর মাধ্যমে জানানো হবে,smartCardPrintStatus
স্মার্ট কার্ড প্রিন্ট হয়েছে কি না কিভাবে জানবো,smartCardPrintStatus
স্মার্ট কার্ড বা প্রিন্টিংয়ের সমস্যা কী হতে পারে,smartCardPrintStatus
স্মার্ট কার্ড বিতরণ হলে কি এসএমএস এর মাধ্যমে জানানো হবে,smartCardPrintStatus
স্মার্ট কার্ড মুদ্রণ সম্পর্কে কোন নম্বরে বার্তা পাঠাবো জানতে হবে,smartCardPrintStatus
স্মার্ট কার্ড মুদ্রণ সম্পর্কে জানতে এসএমএস কিভাবে পাঠাবো,smartCardPrintStatus
স্মার্ট কার্ড মুদ্রণ সম্পর্কে জানার জন্য কিভাবে এসএমএস পাঠাবো,smartCardPrintStatus
স্মার্ট কার্ড মুদ্রণ সম্পর্কে জানার জন্য কিভাবে এসেমেস পাঠাবো,smartCardPrintStatus
স্মার্ট কার্ড মুদ্রণের অবস্থা জানাতে ম্যাসেজ কি ধরনের হবে,smartCardPrintStatus
স্মার্ট কার্ড মুদ্রণের স্ট্যাটাস জানতে এসএমএস কি করে করবো,smartCardPrintStatus
স্মার্ট কার্ডের প্রিন্টিং স্ট্যাটাস কীভাবে দেখবো,smartCardPrintStatus
স্মার্ট কার্ডের বা চিপসহ কার্ড মুদ্রণ তথ্য জানতে আমি কীভাবে এসএমএস পাঠাবো,smartCardPrintStatus
স্মার্ট বা নতুন চিপসহ কার্ড প্রিন্ট না হওয়ার কারণ কী,smartCardPrintStatus
স্মার্ট বা প্লস্টিকের কার্ড মুদ্রণ হয়েছে কিনা তা কিভাবে ভেরিফাই করবো,smartCardPrintStatus
স্মার্ট বা প্লাস্টিকের কার্ড প্রিন্ট হওয়ার পিছনে কী কী সমস্যা হতে পারে,smartCardPrintStatus
স্মার্ট বা প্লাস্টিকের কার্ড প্রিন্ট হলে আমি কি মোবাইলে কল পাবো,smartCardPrintStatus
অনলাইন এ কার্ড রেজিষ্ট্রেশন এ ওটিপি আসতেছে না,unavailableServices
অনেক দিন হয়ে গেল কোন মেসেজ পাচ্ছি না,unavailableServices
অ্যাপে ওয়ালেট এ ফেস ভেরিফিকেশন শেষ হলেও পরবর্তী ধাপ আসতেছে না।,unavailableServices
আমার এন আইডি এফ এন নম্বর দিয়ে রেজিষ্ট্রেশন কেন হচ্ছে না,unavailableServices
আমার এনআইডি লগইন হচ্ছে না,unavailableServices
আমার কর দেয়ার টিন নম্বরটা যে আমি ভোটার হওয়ার সময় দিয়েছি সেটা আর বৈধ নেই,unavailableServices
আমার কাছে ইউটিলিটি বিল নাই,unavailableServices
আমার কাছে ডিজিটাল জন্ম সনদ নাই,unavailableServices
আমার কাছে পুরানো হাতে লেখা জন্ম সনদ আছে কম্পিউটার এর টা অনলাইনে নাই,unavailableServices
আমার জন্ম সনদ অনলাইনে নাই,unavailableServices
আমার ডিভাইসে এনআইডি অ্যাপে ফেস ভেরিফিকেশন স্টেপে সমস্যার সমাধান কী,unavailableServices
আমার নামে ইউটিলিটি বিল নাই,unavailableServices
আমার নাম্বারে ওটিপি আসছে না,unavailableServices
আমার নিবন্ধন এর ছোট কাগজে যে নম্বর আছে সেটা দিয়ে রেজিস্ট্রেশন হচ্ছে না,unavailableServices
আমার পুরানো জন্ম সনদ আছে কিন্তু অনলাইনে নাই,unavailableServices
আমার পুরানো হাতে লেখা জন্ম সনদ অনলাইনে উপলব্ধ নয়,unavailableServices
আমার যে নম্বর দিয়েছে কাগজে সেটা দিয়ে রেজিস্ট্রেশন করা যাচ্ছে না কি করবো,unavailableServices
আমি এই প্রহমবার ভোটার হয়েছি কিন্তু এনআইডি ম্যাচ ফাউন্ড এসেছে বলে যাচাই করতে পারছি না,unavailableServices
আমি ওটিপি পাচ্ছি না,unavailableServices
আমি নতুন দশ ডিজিট আইডি কার্ড পেয়েছি কিন্তু পুরানো পিন দিয়ে কাজ করছে না,unavailableServices
আমি ফি জমা দিয়েছি কিন্তু ওয়ালেট এপ্লিকেশন এ কিছুই এড হয় নাই দেখাচ্ছে,unavailableServices
এন আই ডি ওয়ালেট এ মুখ এর ছবি দিয়ে যে ভেরিফিকেশন সেটায় সমস্যা দেখা দিচ্ছে,unavailableServices
এনআইডি ওয়ালেট অ্যাপের ফেস ভেরিফিকেশন ফিচার কাজ করছে না ফেইল করতেছে,unavailableServices
এনআইডি ওয়ালেট এ ফেস ভেরিফিকেশন করতে পারছি না।,unavailableServices
এনআইডি ওয়ালেট এ ফেস ভেরিফিকেশন করতে পারছি না।,unavailableServices
এনআইডি ওয়ালেট ফেস ভেরিফিকেশন আটকে যাচ্ছে,unavailableServices
এনআইডি ম্যাচ ফাউন্ড বা এনআইডি MATCH FOUND দেখছি কিন্তু ভোটার তথ্য যাচাইয়ে কাজ হচ্ছে না,unavailableServices
এনআইডি সংশোধনের জন্য ফি জমা করেছি এপ এ কিন্তু ব্যালেন্সে শূন্য দেখাচ্ছে,unavailableServices
এনআইডি সার্ভিসের ওয়েবপোর্টালে কি কি সেবা নেই,unavailableServices
এনআইডিএফএন দিয়েছি পোর্টাল এ রেজিষ্ট্রেশন হচ্ছে না,unavailableServices
ওয়ালেট এপ্লিকেশন এ ফেস ভেরিফিকেশন সাকসেস হচ্ছে না,unavailableServices
কার্ড এর অ্যাপে ফেস ভেরিফাই হচ্ছে না,unavailableServices
কার্ড এর জন্য মোবাইলে রেজিস্ট্রেশন করছি এখন কোড আসতেছে না সমাধান কী,unavailableServices
কার্ড এর পোর্টাল রেজিষ্ট্রেশন করার সময় মেসেজ এ কোড না আসলে কি করণীয়,unavailableServices
কি কি সেবা আমি পাবো না জাতীয় পরিচয়পত্রের ওয়েবপোর্টাল থেকে,unavailableServices
কি ধরনের আবেদন করা যাবে না,unavailableServices
জন্ম সনদ জমা দিতে হবে কিন্তু আমার টা নন ডিজিটাল,unavailableServices
টাকা জমা দেওয়ার পর ওয়ালেট এ জমার পরিমাণ শূন্য দেখাচ্ছে,unavailableServices
তালিকায় নাম নেই,unavailableServices
দশ ডিজিট নম্বর দিয়ে পাসপোর্ট যাচাই করা সম্ভব হচ্ছে না,unavailableServices
দশ ডিজিটের এনআইডি নম্বর দিয়ে পাসপোর্ট কেন ভেরিফাই করা যাচ্ছে না,unavailableServices
নতুন ভোটার হয়ে ফরম নম্বর দিয়ে রেজিষ্ট্রেশন করে কার্ড ডাউনলোড করতে পারছি না,unavailableServices
নিবন্ধন সিল্প এ থাকা নম্বর দিয়ে এপ্লিকেশন এ রেজিস্ট্রেশন করতে পারছি না,unavailableServices
পাসপোর্ট ভেরিফিকেশনে দশ ডিজিট এর এন.অ্যাঁই.ডি. নম্বর কাজ করে না কেন,unavailableServices
পাসপোর্ট ভেরিফিকেশনে সতর ডিজিট এর এন.অ্যাঁই.ডি. নম্বর কাজ করে না কেন,unavailableServices
পাসপোর্টে দশ ডিজিট এর অ্যানআইডি নম্বর দিয়ে ভেরিফিকেশন কাজ করছে না,unavailableServices
পাসপোর্টের ক্ষেত্রে দশ ডিজিট এর ভোটার কার্ড নম্বর দিয়ে ভেরিফাই করা যায় না কেন অপরদিকে সতেরো ডিজিট নম্বর ব্যবহার করলে ভেরিফাই করা সম্ভব হয়।,unavailableServices
পাসপোর্টের ক্ষেত্রে দশ ডিজিট নম্বর দিয়ে ভেরিফাই করা যায় না কেন অপরদিকে সতেরো ডিজিট নম্বর ব্যবহার করলে ভেরিফাই করা সম্ভব হয়।,unavailableServices
পাসপোর্টের ক্ষেত্রে দশ ডিজিট নম্বর দিয়ে ভেরিফাই করা যায় না কেন অপরদিকে সতেরো ডিজিট নম্বর ব্যবহার করলে ভেরিফাই করা সম্ভব হয়।,unavailableServices
পুরান জন্ম সনদ অনলাইনে আপলোড করা যায় না,unavailableServices
পুরানো জন্ম সনদ জমা দিতে হবে কিন্তু অনলাইনের ডিজিটাল টা নাই,unavailableServices
পুরানো হাতে লেখা জন্ম সনদ অনলাইনে নেই,unavailableServices
প্রথমবার ভোটার রেজিষ্ট্রেশন করার পর কার্ড ডাউনলোড না হওয়ার কারণ কি,unavailableServices
ফরম নম্বর দিয়ে ভোটার রেজিষ্ট্রেশন করার পর ডাউনলোডে সমস্যা কেন,unavailableServices
ফরম নম্বর দিয়ে রেজিষ্ট্রেশন করার পর কেনো আমি কার্ড ডাউনলোড করতে পারছি না,unavailableServices
ফরম নাম্বার দিয়ে রেজিস্ট্রেশন করার পর কার্ড ডাউনলোড কেন হচ্ছে না,unavailableServices
ফর্ম এন আইডি এফ এন নম্বর দিয়ে রেজিষ্ট্রেশন করতে পারছি না।,unavailableServices
ফর্ম এনআইডি এফ এন নয় এক দুই তিন চার আট এক শূন্য এক নম্বর দিয়ে অনলাইন পোর্টাল এ রেজিস্ট্রেশন করতে পারছি না,unavailableServices
ফর্ম ওয়ান চু থ্রি ফোর ফা সিক্স সেএট নাইন নম্বর দিয়ে দিয়ে রেজিষ্ট্রেশন করতে পারছি না।,unavailableServices
ফর্ম নম্বর দিয়ে দিয়ে রেজিষ্ট্রেশন করতে পারছি না।,unavailableServices
ফর্ম নম্বর দিয়ে রেজিষ্ট্রেশন করতে পারছি না,unavailableServices
ফেস এর ভেরিফাই করার পরও অ্যাপে পরবর্তী অপশন আসছে না,unavailableServices
ফেস এর স্টেপ ক্লিয়ার করছি সম্পন্ন হচ্ছে না,unavailableServices
ফেস ভেরিফাই হয়ে গেছে,unavailableServices
ফেস ভেরিফিকেশন কমপ্লিট করার পরেও নেক্সট ধাপ লোড হচ্ছে না,unavailableServices
ফেস ভেরিফিকেশন হচ্ছে না এপ এ,unavailableServices
ভোটার ঠিকানা চেন্জ করে কার্ড ডাউনলোড করতে পারছি না কেন,unavailableServices
ভোটার ঠিকানা পরিবর্তন হওয়ার পরও অনলাইনে কার্ড ডাউনলোডের অপশন কেন পাওয়া যাচ্ছে না,unavailableServices
ভোটার তথ্য যাচাইয়ে সমস্যা হচ্ছে,unavailableServices
ভোটার তালিকায় নাম নাই,unavailableServices
ভোটার তালিকায় নাম নেই,unavailableServices
ভোটার স্লিপ নাই,unavailableServices
ভোটার স্লিপ নেই,unavailableServices
যদি আগের কালের জন্ম সনদ থাকে কিন্তু অনলাইনে না থাকে,unavailableServices
যদি রেজিস্ট্রেশনের পর ওটিপি না আসে তাহলে কই যাব,unavailableServices
রিইস্যু এনআইডি এখনো দেওয়া হয়নি,unavailableServices
রেজিস্ট্রেশন হচ্ছে না এফ এন আইডি দিয়ে অনলাই পোর্টাল এ কি করব,unavailableServices
সাইন আপডেটের জন্য অনলাইনে আবেদন করেছি কিন্তু কোথাও কিছু দেখছি না,unavailableServices
স্লিপ ও তালিকা দুটোতেই নেই,unavailableServices
আপনার স্থায়ী ঠিকানায় উপজেলা দেয়া না থাকলে কি করতে হবে,upazilaFieldEmpty
আমার আগের ভোটার এলাকার তথ্য কিভাবে জোগাড় করবো,upazilaFieldEmpty
আমার উপজেলার নাম আমার কার্ড এ নাই,upazilaFieldEmpty
আমার এনআইডি-এর ঠিকানায় উপজেলার ঘর ফাঁকা,upazilaFieldEmpty
আমার কার্ড এ উপজেলা দেওয়া নাই কিভাবে রেজিস্ট্রেশন করব,upazilaFieldEmpty
আমার কার্ড এর পিছনে উপজেলা নাই,upazilaFieldEmpty
আমার কার্ড-এর ঠিকানায় উপজেলার ঘর ফাঁকা,upazilaFieldEmpty
আমার গ্রামের বাড়ির আসল যে ঠিকানা কার্ড এর পিছনে আছে সেটায় উপজেলা নেই,upazilaFieldEmpty
আমার জন্ম নিবন্ধন অন্য এলাকায়,upazilaFieldEmpty
আমার নিজের বাড়ি নাই ভোটার এলাকায়,upazilaFieldEmpty
আমার বাড়ি না থাকলে সেই এলাকা থেকে কি ভোটার হতে পারব,upazilaFieldEmpty
আমার বাড়ি নাই যেখানে ভোটার হতে চাচ্ছি সেখানে,upazilaFieldEmpty
আমার ভোটার এলাকা নাম,upazilaFieldEmpty
আমার ভোটার এলাকা পরিবর্তন করে ভোটার হতে কি সমস্যা হবে,upazilaFieldEmpty
আমার ভোটার এলাকা বদলে গেছে,upazilaFieldEmpty
আমার ভোটার এলাকার নাম,upazilaFieldEmpty
আমি আগে ঢাকা থাকতাম এখন বরিশাল থাকি তো,upazilaFieldEmpty
আমি ভোটার এলাকা যেখানে সেখানের আন্ডারে আমার বাড়ি নাই,upazilaFieldEmpty
আমি যেখানে থাকি সেখানে ভোটার নই,upazilaFieldEmpty
উপজেলার ঘর ফাকা কার্ড এ,upazilaFieldEmpty
কার্ড এর পিছনে এড্রেস এ থানার নাম নাই,upazilaFieldEmpty
কার্ডের ঠিকানায় উপজেলার ঘর ফাঁকা থাকলে কি অনলাইনে রেজিষ্ট্রেশন করা যাবে,upazilaFieldEmpty
কার্ডের রেজিষ্ট্রেশনে উপজেলার ঘর ফাঁকা থাকলে কি করা উচিত,upazilaFieldEmpty
কিভাবে আমার ভোটার এলাকা ও নম্বর খুজে পাবো,upazilaFieldEmpty
কিভাবে আমি আমার ভোটার এলাকার নাম,upazilaFieldEmpty
গ্রামের আসল বাড়ির ঠিকানায় উপজেলা বা থানা না থাকার ক্ষেত্রে কি করতে হবে,upazilaFieldEmpty
ঠিকানায় উপজেলার ঘর ফাঁকা থাকার কারণে অনলাইন পোর্টাল এ নিবন্ধন করতে সমস্যা হচ্ছে,upazilaFieldEmpty
ঢাকায় থাকি আমি,upazilaFieldEmpty
তুমি কোথায় থাকো,upazilaFieldEmpty
নিজের বাড়ি না থাকলে আমি কি ভোটার হতে পারি,upazilaFieldEmpty
পার্মানেন্ট এড্রেস এ উপজেলা না থাকলে কি করতে হয়,upazilaFieldEmpty
পার্মানেন্ট ঠিকানায় উপজেলা দেওয়া নাই,upazilaFieldEmpty
ভোটার এলাকা নাম,upazilaFieldEmpty
ভোটার এলাকায় আমার বাড়ি ঘর নাই,upazilaFieldEmpty
ভোটার এলাকার নাম,upazilaFieldEmpty
ভোটার এলাকায় আমি যদি না থাকি,upazilaFieldEmpty
ভোটার এলাকায় নিজের বাড়ি না থাকলে কি ভোটার হওয়া যাবে,upazilaFieldEmpty
স্থায়ী ঠিকানায় উপজেলা দেওয়া নাই,upazilaFieldEmpty
স্থায়ী ঠিকানায় উপজেলা নাই,upazilaFieldEmpty
স্থায়ী ঠিকানায় থানা না থাকলে কি করণীয়,upazilaFieldEmpty
অন্যরা ডিজিটাল কার্ড পেয়েছে,websiteErrors
আইডি কার্ড সংশোধন করার পর নতুন কার্ড কিভাবে পাব,websiteErrors
আইডি কার্ড সংশোধনের পর নতুন কার্ড কিভাবে পাবো,websiteErrors
আইডি কার্ডের সংশোধনের পর নতুন কার্ড কিভাবে আনব,websiteErrors
আজকের মধ্যেই কার্ড পাওয়ার কোন ব্যবস্থা রয়েছে,websiteErrors
আজকের মাঝেই কার্ড পাওয়ার কোন ব্যবস্থা রয়েছে,websiteErrors
আবেদন করা হয়েছে কার্ডের জন্য,websiteErrors
আমার আধুনিক বা নতুন ভোটার কার্ড কি অন্য কারো কাছে পৌঁছাতে পারে,websiteErrors
আমার আব্বুর এবং আম্মুর অ্যানআইডি কার্ড নাই এখন আমি কিভাবে কি করবো,websiteErrors
আমার চিপসহ কার্ড অন্য কেউ কি সংগ্রহ করতে পারবে,websiteErrors
আমার চিপসহ কার্ড কি অন্য কেউ নিতে পারবে,websiteErrors
আমার ডিজিটাল ভোটার কার্ড কি অন্য কোনো ব্যক্তিকে দিয়ে নেয়াইতে পারবে,websiteErrors
আমার নতুন এনআইডি কার্ডের জন্য আবেদন করেছি,websiteErrors
আমার পরিচিত একজন নতুন ভোটার হয়েছে এখন প্লাস্টিকের কার্ড হাতে পাবে কিভাবে,websiteErrors
আমার প্লাস্টিকের কার্ড কি অন্য কেউ সংগ্রহ করতে পারবে,websiteErrors
আমার ভোটার কার্ড নেই,websiteErrors
আমি কার্ড আপডেট করে নতুন কার্ড ডাউনলোড করেছি,websiteErrors
আমি কার্ডে নতুন স্বাক্ষর এড করতে চাই,websiteErrors
আমি কি আমার ডিজিটাল ভোটার কার্ড অন্য কাউকে নিতে দিতে পারি,websiteErrors
আমি পেন্ডিং রিইস্যু কার্ড কবে পাবো,websiteErrors
এখনো রিইস্যু কার্ড পাইনি,websiteErrors
এনঅ্যাঁইডি বা ভোটার নিবন্ধন আবেদনের পর প্রবাসী হিসেবে কবে কার্ড পাবো,websiteErrors
এনআইডি কার্ড পেতে কতদিন সময় লাগে,websiteErrors
এনআইডি কার্ড সংশোধনের পর নতুন কার্ড পাব কোথা থেকে,websiteErrors
কার্ড উত্তোলনের জন্য প্রাপ্তি রশিদ না থাকলে কি করতে হবে,websiteErrors
কার্ড এর উপজেলা দেওয়া নাই কিভাবে রেজিস্ট্রেশন করতে হবে,websiteErrors
কার্ড পাওয়ার জন্য কত সময় অপেক্ষা করতে হবে,websiteErrors
কার্ড পেতে কত সময় লাগবে,websiteErrors
কার্ড রিলেটেড প্রয়োজনীয় সাহায্য না পেলে অভিযোগ করার জন্য কি করতে হবে,websiteErrors
কার্ড সাইট এ লেখা আসতেছে,websiteErrors
কার্ডে নতুন স্বাক্ষর দিতে চাই কি প্রয়োজন,websiteErrors
কিভাবে আমার চিপসহ কার্ড অন্য কেউ পাবে,websiteErrors
কিভাবে আমি আমার কার্ডে নতুন স্বাক্ষর দিতে পারি,websiteErrors
কীভাবে অন্য কেউ আমার চিপসহ কার্ড নিতে পারবে,websiteErrors
ডিজিটাল কার্ড সংশোধনের পর আমি কি পিডিএফ পাবো নাকি কার্ড,websiteErrors
ডিজিটাল ভোটার কার্ড অন্য কেউ কি পেতে পারে,websiteErrors
ডিজিটাল ভোটার কার্ড আমি ছাড়া অন্য কেউ পাবে কি,websiteErrors
তথ্য ঠিক করানোর পর নতুন আইডি কার্ড কিভাবে সংগ্রহ করা যায়,websiteErrors
দ্রুত ভোটার হয়ে কার্ড পাওয়ার কোন ব্যবস্থা রয়েছে,websiteErrors
দ্রুত ভোটার হয়ে কার্ড পাওয়ার কোন ব্যবস্থা রয়েছে,websiteErrors
নতুন আইডি কার্ড আবেদনের পর জমা দিতে হবে কী কী ডকুমেন্ট,websiteErrors
নতুন আইডি কার্ড সংগ্রহ করার জন্য কি করতে হবে সংশোধনের পর,websiteErrors
নতুন এনআইডি কার্ড কিভাবে করতে হবে,websiteErrors
নতুন এনআইডি কার্ড কিভাবে নিতে হবে,websiteErrors
নতুন এনআইডি কার্ড ডাউনলোড করলাম,websiteErrors
নতুন এনআইডি কার্ডের জন্য আবেদন করি কীভাবে,websiteErrors
নতুন কার্ড ইস্যু করতে কি কি পেপার লাগবে,websiteErrors
নতুন কার্ড ডাউনলোড করলাম,websiteErrors
নতুন কার্ড পেতে প্রাপ্তি রশিদ কি জরুরি,websiteErrors
নতুন ঠিকানায় ভোটার কার্ড কিভাবে ডাউনলোড করবো,websiteErrors
নতুন ধরনের কার্ড প্রিন্ট হয়েছে কি না,websiteErrors
নতুন ধরনের শক্ত কার্ড পেতে কোথায় যাব,websiteErrors
নতুন ভোটার আইডি কার্ড পাওয়ার জন্য কত সময় অপেক্ষা করতে হবে,websiteErrors
নতুন ভোটার কার্ড পাওয়ার প্রক্রিয়া কতদিন সময় নিবে,websiteErrors
নতুন ভোটার কার্ড পেতে কত সময় লাগবে,websiteErrors
নতুন ভোটার কার্ড পেতে কতদিন সময় লাগে,websiteErrors
নতুন ভোটার কার্ড প্রসেসটা কতদিন সময় নেবে,websiteErrors
নতুন ভোটার হওয়ার পর কার্ড ডাউনলোডে কি সমস্যা হয়,websiteErrors
নতুন ভোটার হিসাবে আমার এনআইডি কার্ড ডাউনলোড করেছি,websiteErrors
নতুন ভোটার হিসেবে আমার কার্ড কিভাবে হাতে পাবো,websiteErrors
নতুন ভোটার হিসেবে আমি নরমাল অ্যানআইডি কার্ড পেয়েছি কিন্তু ডিজিটাল কার্ড কখন পাবো,websiteErrors
নতুন ভোটার হিসেবে রেজিস্ট্রেশন করছি অনেক দিন হল কার্ড কবে পাব,websiteErrors
নতুন ভোটার হয়ে এনআইডি কার্ড পাবার পদ্ধতি কি,websiteErrors
নতুন ভোটার হয়ে কার্ড পাওয়ার প্রক্রিয়া কি,websiteErrors
নতুন ভোটার হয়ে ফরম নাম্বার দিয়ে কার্ড ডাউনলোডে কি সমস্যা হয়,websiteErrors
নতুন ভোটার হয়ে স্মার্ট বা প্লাস্টিকের কার্ড পেতে কি করতে হবে,websiteErrors
নিউ কার্ড নিয়ে নিয়েছি,websiteErrors
নয় মাস হলো ভোটার হয়েছি কার্ড পাব কবে,websiteErrors
পাসপোর্টের সতেরো ডিজিট এর কার্ড নম্বর দিয়ে ভেরিফাই করা সম্ভব,websiteErrors
প্রবাসী কার্ড করতে কি কি লাগবে,websiteErrors
প্রবাসীদের কার্ড করতে কার্ডের জন্য কোন কাগজপত্র দিতে হবে,websiteErrors
প্রাপ্তি রশিদ না থাকলে কি কার্ড উত্তোলন সম্ভব,websiteErrors
প্রাপ্তি রিসিট না থাকলে কি করে কার্ড পেতে পারি,websiteErrors
প্লাস্টিকের কার্ড উত্তোলন করতে কোথায় যাবো,websiteErrors
ভোটার কার্ড তোলার জন্য স্লিপ না থাকলে কী করবো,websiteErrors
ভোটার কার্ড দ্রুত পাবো কি করে,websiteErrors
ভোটার কার্ড পাওয়ার জন্য কতদিন সময় লাগে,websiteErrors
ভোটার কার্ড পাবার জন্য কতদিন লাগবে,websiteErrors
ভোটার ঠিকানা পরিবর্তন হয়ে যাওয়ার পর অনলাইনে নতুন কার্ড ডাউনলোড করতে পারছিনা,websiteErrors
ভোটার তালিকায় নাম না থাকলে এবং স্লিপ হারালে কার্ড সংগ্রহের পদ্ধতি কী,websiteErrors
ভোটার স্থানান্তরের পর পুনরায় কার্ড কীভাবে পাবো,websiteErrors
ভোটার স্লিপ ছাড়া এবং তালিকায় নাম না থাকলেও কার্ড কি পাওয়া যাবে,websiteErrors
ভোটার হবার পিকচার তুলছি এবং রশিদ হারানোর পর এখন বিপদে আছি এনআইডি কার্ডের জন্য কি করণীয়,websiteErrors
মার কার্ড না থাকলে ভোটার হওয়ার সুযোগ কী,websiteErrors
যখন নতুন কার্ড পেলাম,websiteErrors
সংশোধন হয়ে গেলে নতুন কার্ড কোথা থেকে কালেক্ট করব,websiteErrors
স্লিপ ছাড়া এনআইডি কার্ড তোলা যাবে,websiteErrors
