question,tag
আইড লক হয়েছে কার সাথে যোগাযোগ করতে হবে,account_locked
আইডি লক হওয়ার পর কিভাবে সমাধান করব,account_locked
আমার আইডি অটো লক হয়ে গেছে কিভাবে কি করবো,account_locked
আমার আইডি তে লক দেখাচ্ছে কিভাবে কি করা লাগবে,account_locked
আমার এনআইডি একাউন্ট লক হয়ে গেছে,account_locked
আমার এনআইডি লগইন হচ্ছে না,account_locked
একাউন্ট এ তালা মেরে দিছে মেসেজ দেখায় কিভাবে ঠিক করবো,account_locked
একাউন্ট লক করা হয়েছে দেখাচ্ছে,account_locked
একাউন্ট লক হয়ে গেছে,account_locked
একাউন্ট লক হয়ে গেলে কি করতে হবে,account_locked
এনআইডি অনলাইন পোর্টালে “আপনার একাউন্ট লক করা হয়েছে” মেসেজ দেখায়,account_locked
এনআইডি অনলাইনে একাউন্ট লক হয়েছে,account_locked
এনআইডি একাউন্ট আনলক করার জন্য কি করতে হবে,account_locked
এনআইডি একাউন্ট লক দেখালে কি করতে হবে,account_locked
এনআইডি একাউন্ট লক হয়ে গেছে,account_locked
এনআইডি পোর্টালে একাউন্ট লক দেখাচ্ছে,account_locked
এনআইডি পোর্টালে একাউন্ট লক হয়েছে,account_locked
এনআইডি যে পোর্টাল আছে সেটাতে একাউন্ট লোক দেখাচ্ছে কি করবো,account_locked
ওয়েব পোর্টাল এ লেখা আসতেছে,account_locked
কার্ড এর অনলাইন এর সাইটে আইডি লক দেখাচ্ছে,account_locked
কার্ড এর অনলাইন পোর্টালে 'আপনার একাউন্ট লক করা হয়েছে' মেসেজ দেখায়,account_locked
কার্ড সাইট এ লেখা আসতেছে,account_locked
অনলাইন এর একাউন্ট টা লক হয়ে গেছে,account_locked_retrials
আইডি তে মেসেজ দেখাচ্ছে লক হয়ে গেছে এখন সঠিক তথ্য দেওয়ার পরেও লক-ই দেখাচ্ছে কি করবো,account_locked_retrials
একবার একাউন্ট লক হওয়ার পর ঠিক তথ্য দিলেও খুলছে না,account_locked_retrials
একবার একাউন্ট লক হওয়ার পর পুনরায় সঠিক তথ্য দিলেও একাউন্ট লক ই দেখাচ্ছে,account_locked_retrials
একবার একাউন্ট লক হওয়ার পর পুনরায় সঠিক তথ্য দিলেও একাউন্ট লক দেখাচ্ছে,account_locked_retrials
একবার লক হলে কি আবার তথ্য দিয়ে একাউন্ট খুলবে না,account_locked_retrials
একাউন্ট লক হওয়ার পর সঠিক তথ্য দেওয়ার পরও লক দেখাচ্ছে,account_locked_retrials
একাউন্ট লক হয়ে গেছে কারেক্ট ইনফো দিলেও লক দেখাচ্ছে,account_locked_retrials
এনআইডি একাউন্ট লক অবস্থায় থাকছে,account_locked_retrials
এনআইডি একাউন্ট লক হয়ে গেলে কোথায় যোগাযোগ করবো,account_locked_retrials
ঠিক ইনফো দিলেও একাউন্ট এর লক খুলতেছে না,account_locked_retrials
লক আইডিতে তথ্য ঠিক দেওয়ার পরেও লক দেখাচ্ছে,account_locked_retrials
সঠিক তথ্য দিয়েও এনআইডি একাউন্ট লক থাকছে,account_locked_retrials
অনলাইন আইডি পোর্টাল লক হয়ে গেছে,account_locked_unlock_request
আমার আইডি লক হয়ে গেল আপনি কি এক্ষনি কিছু করতে পারেন,account_locked_unlock_request
আমার একাউন্ট লক হয়ে গেছে এখনি কি আনলক করে দিতে পারবেন,account_locked_unlock_request
আমার এনআইডি অ্যাকাউন্ট খুলতে গিয়ে লক হয়ে গেছে,account_locked_unlock_request
আমার এনআইডি অ্যাকাউন্ট খোলার সময় লক হয়ে গেছে,account_locked_unlock_request
আমার এনআইডি অ্যাকাউন্ট লক হয়ে গেছে,account_locked_unlock_request
আমার এনআইডি খুলতে গিয়ে লক হয়ে গেছে,account_locked_unlock_request
আমার এনআইডি খুলতে লক হয়ে গেছে,account_locked_unlock_request
আমার জাতীয় পরিচয়পত্র লক হয়ে গেছে,account_locked_unlock_request
আমার জাতীয় পরিচয়পত্রের একাউন্ট লক হয়ে গেছে,account_locked_unlock_request
আমার প্রোফাইল লক হয়ে গেলে তাতক্ষনিক আনলক করার নিয়ম কী,account_locked_unlock_request
একাউন্ট লক গেছে এখন আনলক করে দিতে পারবেন,account_locked_unlock_request
একাউন্ট লক হওয়ার পর থেকে আনলক করার জন্য দ্রুত কোন ব্যবস্থা নিতে পারব,account_locked_unlock_request
একাউন্ট লক হওয়ার পরও আনলক করার দ্রুত কোন ওয়ে কী,account_locked_unlock_request
একাউন্ট লক হলে কি সঙ্গে সঙ্গে আনলক করার উপায় আছে,account_locked_unlock_request
একাউন্ট লক হয়ে গেছে এখনি কি আনলক করে দিতে পারবেন,account_locked_unlock_request
এনআইডি লক হয়ে গেছে,account_locked_unlock_request
কি হবে আমার এনআইডি লক হয়ে গেছে,account_locked_unlock_request
আমার নতুন ঠিকানার জন্য পোস্ট অফিস এবং কোড কোথায় পাবো,address_cahgne_but_no_post_office_or_office_code
ঠিকানা আপডেট করতে গিয়ে পোস্ট অফিস কোড জানি না,address_cahgne_but_no_post_office_or_office_code
ঠিকানা পরিবর্তনের সময় আমার নির্ধারিত পোষ্ট অফিস ও পোষ্ট কোড পাচ্ছিনা,address_cahgne_but_no_post_office_or_office_code
ঠিকানা পরিবর্তনের সময় আমার নির্ধারিত পোস্ট অফিস ও পোস্ট কোড পাচ্ছি না,address_cahgne_but_no_post_office_or_office_code
ঠিকানা বদলাতে চাই,address_cahgne_but_no_post_office_or_office_code
বর্তমান ঠিকানা পরিবর্তন করতে চাই,address_cahgne_but_no_post_office_or_office_code
বাসার ঠিকানা পরিবর্তনের সময় আমার ডাকঘর অফিস ও ডাকঘর কোড পাচ্ছি না,address_cahgne_but_no_post_office_or_office_code
স্থায়ী ঠিকানা পরিবর্তন করতে গেলে ডাকঘর অথবা ডকাঘর এর কোড না জানলে কি করতে হবে,address_cahgne_but_no_post_office_or_office_code
আমার ঠিকানা বদলেছে,address_change_card_download_process
আমার ভোটার এলাকা বদলে গেছে,address_change_card_download_process
ঠিকানা পরিবর্তন করলেও,address_change_card_download_process
ঠিকানা পরিবর্তন হয়ে গেলেও,address_change_card_download_process
নতুন ঠিকানায় ভোটার কার্ড কিভাবে ডাউনলোড করবো,address_change_card_download_process
ভোটার এলাকার ঠিকানা পরিবর্তন হলেও,address_change_card_download_process
ভোটার ঠিকানা চেন্জ করে কার্ড ডাউনলোড করতে পারছি না কেন,address_change_card_download_process
ভোটার ঠিকানা পরিবর্তন হওয়ার পরও অনলাইনে কার্ড ডাউনলোডের অপশন কেন পাওয়া যাচ্ছে না,address_change_card_download_process
ভোটার ঠিকানা পরিবর্তন হয়ে যাওয়ার পর অনলাইনে নতুন কার্ড ডাউনলোড করতে পারছিনা,address_change_card_download_process
ভোটার ঠিকানা পরিবর্তন হয়েছে,address_change_card_download_process
কি চেয়ারম্যানের সই লাগবে,address_change_counselor_chairperson_signature
ঠিকানা স্থানান্তর করতে কি চেয়ারম্যানের সই দরকার,address_change_counselor_chairperson_signature
ঠিকানা স্থানান্তরের জন্য কি চেয়ারম্যানের স্বাক্ষর আবশ্যক,address_change_counselor_chairperson_signature
ঠিকানা স্থানান্তরের জন্য কি চেয়ারম্যানের স্বাক্ষর লাগবে,address_change_counselor_chairperson_signature
নিউ এলাকায় ভোটার ঠিকানা স্থানান্তর করতে কি চেয়ারম্যানের সই লাগবে,address_change_counselor_chairperson_signature
ভোটার এলাকা স্থানান্তর করতে চেয়ারম্যানের স্বাক্ষর লাগে কি না কাউন্সিলরের স্বাক্ষরেও হবে,address_change_counselor_chairperson_signature
ভোটার এলাকার ঠিকানা স্থানান্তর করতে কি চেয়ারম্যানের স্বাক্ষর লাগবে নাকি কাউন্সিলরের স্বাক্ষর হলেও হবে,address_change_counselor_chairperson_signature
ভোটার এলাকার স্থানান্তরে কি চেয়ারম্যানের সই লাগবে,address_change_counselor_chairperson_signature
ভোটার এলাকার স্থানান্তরে চেয়ারম্যানের স্বাক্ষর প্রয়োজন,address_change_counselor_chairperson_signature
ভোটার ঠিকানা স্থানান্তরে চেয়ারম্যান বা কাউন্সিলর কার স্বাক্ষর লাগবে,address_change_counselor_chairperson_signature
অনলাইনে কি আমার নতুন ঠিকানা নথিভুক্ত করার জন্য আবেদন করতে পারি,address_change_online_new
অনলাইনে কি আমি আমার ঠিকানা বদলের আবেদন করতে পারি,address_change_online_new
অনলাইনে কি ঠিকানা বদলের আবেদন জমা দেওয়া যায়,address_change_online_new
অনলাইনে ঠিকানা পরিবর্তনের আবেদন কি করা যায়,address_change_online_new
অনলাইনে ঠিকানা পরিবর্তনের জন্য আবেদন করা যায় কিনা,address_change_online_new
আপনি ইন্টারনেটে কি ঠিকানা পরিবর্তনের আবেদন করতে পারেন,address_change_online_new
আপনি কি অনলাইনে ঠিকানা পরিবর্তন করতে পারবেন,address_change_online_new
আপনি কি অনলাইনে ঠিকানা পরিবর্তনের আবেদন করতে পারেন,address_change_online_new
আমার নতুন ঠিকানায় এনআইডি আপডেট করার পদ্ধতি কী,address_change_online_new
আমি কি অনলাইনে আমার ঠিকানা বদলের জন্য আবেদন করতে পারি,address_change_online_new
আমি কি অনলাইনে ঠিকানা পরিবর্তনের আবেদন করতে পারি,address_change_online_new
আমি কি আমার ঠিকানা পরিবর্তনের জন্য অনলাইনে আবেদন করতে পারি,address_change_online_new
আমি কি আমার নতুন ঠিকানা নথিভুক্ত করার জন্য ইন্টারনেটে আবেদন করতে পারি,address_change_online_new
আমি কি ইন্টারনেটে আমার ঠিকানা পরিবর্তনের জন্য আবেদন করতে পারি,address_change_online_new
আমি কি ইন্টারনেটের মাধ্যমে আমার ঠিকানা পরিবর্তনের জন্য আবেদন করতে পারি,address_change_online_new
ইন্টারনেটে আমি কি আমার ঠিকানা বদলের আবেদন করতে পারি,address_change_online_new
ইন্টারনেটে আমি কি আমার ঠিকানা বদলের জন্য আবেদন করতে পারি,address_change_online_new
ইন্টারনেটে কি আমার ঠিকানা বদলের জন্য আবেদন করা যায়,address_change_online_new
এনআইডি এর অ্যাড্রেস চেঞ্জ অনলাইন করা যাবে,address_change_online_new
কি আমার ঠিকানা বদলের জন্য অনলাইনে আবেদন করা যাবে,address_change_online_new
কি আমি ইন্টারনেটে আমার ঠিকানা বদলের জন্য আবেদন করতে পারি,address_change_online_new
ঠিকানা পরিবর্তন করার জন্য কি অনলাইনে আবেদন করতে হবে,address_change_online_new
ঠিকানা পরিবর্তনের আবেদন কি অনলাইনে করা যাবে,address_change_online_new
ঠিকানা পরিবর্তনের আবেদন কি অনলাইনে করা যায়,address_change_online_new
ঠিকানা পরিবর্তনের জন্য অনলাইন আবেদন প্রক্রিয়া কি আছে,address_change_online_new
ঠিকানা পরিবর্তনের জন্য আবেদন কি ওয়েবসাইটের মাধ্যমে করা সম্ভব,address_change_online_new
ঠিকানা বদলের আবেদন অনলাইনে করা যায় কি না,address_change_online_new
ঠিকানা বদলের জন্য কি অনলাইনে আবেদন করা যায়,address_change_online_new
বর্তমান ঠিকানা কি অনলাইনে আবেদন করা যাবে,address_change_online_new
বাসা বদলে গেছি,address_change_online_new
আপনার ঠিকানা পরিবর্তন আবেদন মেসেজ পেয়েছি,address_change_sms_to_mobile_how_many_days_to_get_approved
আমার ঠিকানা বদলে দিতে আবেদন করেছি,address_change_sms_to_mobile_how_many_days_to_get_approved
আমি ঠিকানা চেঞ্জের জন্য আবেদন করেছি,address_change_sms_to_mobile_how_many_days_to_get_approved
এড্রেস চেঞ্জ এর ক্ষেত্রে মোবাইল মেসেজ পেয়ে অনুমোদন হওয়া পর্যন্ত কতদিন লাগবে,address_change_sms_to_mobile_how_many_days_to_get_approved
এড্রেস পরিবর্তন করার জন্য আবেদন করা হয়েছে,address_change_sms_to_mobile_how_many_days_to_get_approved
ঠিকানা আপডেটের জন্য আবেদন করেছি,address_change_sms_to_mobile_how_many_days_to_get_approved
ঠিকানা পরিবর্তন আবেদন সফল হওয়ার পর অনুমোদন পেতে কতদিন সময় লাগে,address_change_sms_to_mobile_how_many_days_to_get_approved
ঠিকানা পরিবর্তনের আবেদন করেছি এবং মাসেজ ও আসছে,address_change_sms_to_mobile_how_many_days_to_get_approved
ঠিকানা পরিবর্তনের জন্য আবেদন করেছি,address_change_sms_to_mobile_how_many_days_to_get_approved
ঠিকানা বদলের আবেদন করেছি মেসেজ পেয়েছি,address_change_sms_to_mobile_how_many_days_to_get_approved
আমার কার্ডে জন্ম তারিখ এর ভুল পরিবর্তনের আবেদন কীভাবে করব,age_and_dob_correction
আমার কার্ডে বয়স ঠিক করতে হবে কীভাবে আবেদন করব,age_and_dob_correction
আমার জন্ম জুলাই মাসে কার্ডে আগস্ট আসছে কিভাবে ঠিক করা যায় এটা,age_and_dob_correction
আমার জন্ম দুইহাজার সালে কিন্তু কার্ডে ভুলে দুইহাজার বিশ আসছে এখন এইটা কিভাবে ঠিক করা যাবে,age_and_dob_correction
আমার জন্মসাল রিলেটে ইনফরমেশন এ প্রব্লেম হইছে কার্ডে কি করতে পারি এখন,age_and_dob_correction
আমার বার্থ ডেইট এ ভুল আছে কার্ডে কি করা যায়,age_and_dob_correction
আমার বয়স দুইরকম কার্ডে আর সনদ এ,age_and_dob_correction
আমার সার্টিফিকেট আর কার্ডের বয়স দুইরকম এইটা কেমন ঠিক করাবো,age_and_dob_correction
এনআইডি কার্ডে জন্ম তারিখ সংশোধনের জন্য কি ডকুমেন্টস লাগবে,age_and_dob_correction
কারো জন্ম তারিখ কার্ডে ভুল আসছে জরুরি ঠিক করানো লাগবে,age_and_dob_correction
কার্ডে উল্লেখিত বয়স ঠিক করতে কি করা লাগবে,age_and_dob_correction
কার্ডে বয়স পরিবর্তনের জন্য কি প্রমাণপত্র লাগবে,age_and_dob_correction
কার্ডে বয়স ভুল আসছে,age_and_dob_correction
কার্ডে বয়সে ভুল থাকলে সেটা কিভাবে ঠিক করে,age_and_dob_correction
কার্ডে ভুল জন্ম তারিখ সংশোধনের জন্য কী করব,age_and_dob_correction
কার্ডে যদি বয়স এর তথ্য ভুল থাকে সেটা কি ঠিক করানো যায়,age_and_dob_correction
কার্ডে সঠিক বয়স দিতে চাচ্ছি কি করতে পারি,age_and_dob_correction
কিভাবে আমার বয়স পরিবর্তন করতে পারি,age_and_dob_correction
জন্ম তারিখ পরিবর্তনের জন্য কী প্রক্রিয়া অনুসরণ করতে হবে,age_and_dob_correction
জন্ম তারিখ পরিবর্তনের জন্য প্রয়োজনীয় নথিপত্র কী,age_and_dob_correction
জন্ম তারিখ সংশোধনের আবেদন কীভাবে করা যায়,age_and_dob_correction
জন্ম তারিখ সঠিক করার জন্য কি ধাপ অনুসরণ করতে হবে,age_and_dob_correction
বয়স এর তথ্য ঠিক করানো লাগবে কার্ডে এইটার জন্য কোথায় যোগাযোগ করতে পারি,age_and_dob_correction
বয়স পরিবর্তনের আবেদন কিভাবে করা হয়,age_and_dob_correction
বয়স বা জন্ম তারিখ পরিবর্তন করার প্রক্রিয়া কি,age_and_dob_correction
বয়স সংশোধনের জন্য আবেদন করতে হলে কী ধরনের তথ্য জমা দিতে হবে,age_and_dob_correction
বয়স সংশোধনের জন্য কি কি কাগজপত্র প্রয়োজন,age_and_dob_correction
যদি কার্ডে বয়সে ভুল থাকে তাহলে সে,age_and_dob_correction
আপনার সুপারভাইজারের সাথে কথা বলতে চাই,agent_calling
আমার একটা জরুরি প্রশ্ন আছে,agent_calling
আমার কেইসটা স্পেশাল,agent_calling
আমার সমস্যাটা জটিল,agent_calling
আমি একজন এজেন্টের সাথে কথা বলবো,agent_calling
আমি একজন কল সেন্টার এজেন্ট এর সাথে কথা বলতে চাই,agent_calling
আমি একজন মানুষের সাথে কথা বলতে চাই,agent_calling
আমি একজন লাইভ এজেন্ট এর সাথে কথা বলতে চাই,agent_calling
আমি কল সেন্টারে কথা বলতে চাই,agent_calling
এআই না এজেন্টের সাথে কথা বলতে চাই,agent_calling
এই বিষয়ে একজন এক্সপার্টের সাথে কথা বলা দরকার,agent_calling
একজন এজেন্ট কে ট্রান্সফার করুন,agent_calling
একজন এজেন্টকে দিন,agent_calling
একজন বাস্তব এজেন্টের সাথে কথা বলতে চাই,agent_calling
এছাড়া অন্য কোন উপায় আছে কি,agent_calling
এজেন্ট এর কাছে দেন,agent_calling
এজেন্ট কে ট্রান্সফার করুন,agent_calling
কমপ্লেইন সেকশনে ট্রান্সফার করুন,agent_calling
কাস্টমার কেয়ার এ কানেক্ট করুন,agent_calling
টেকনিক্যাল টিমের কারো সাথে কথা বলতে চাই,agent_calling
সরাসরি কথা বলতে চাই কারো সাথে,agent_calling
সাপোর্ট টিমের কারো সাথে কথা বলতে চাই,agent_calling
হেল্প ডেস্কে কানেক্ট করুন,agent_calling
হ্যাঁ আমি একজন মানুষের সাথে কথা বলতে চাই,agent_calling
হ্যাঁ আমি বলতে চাই,agent_calling
আমি যে সব ডকুমেন্ট দিয়েছি সেটা ঠিক,all_documents_correct_but_application_rejected_why
আমি সকল পেপার ঠিকমতো দিয়েছি তবুও আমার আবেদন বাতিল করা হলো,all_documents_correct_but_application_rejected_why
ডকুমেন্ট সব সঠিক দেওয়ার পরেও আবেদন বাতিল হলো,all_documents_correct_but_application_rejected_why
পুরো ডকুমেন্ট ঠিকমতো জমা দিয়েছি তবুও আবেদন বাতিল করা হলো,all_documents_correct_but_application_rejected_why
সকল ডকুমেন্ট দিয়েছি তবুও কেন আমার কার্ড আবেদন বাতিল,all_documents_correct_but_application_rejected_why
সকল ডকুমেন্ট সঠিক দিয়েছি তারপরও আবেদন বাতিল করা হয়েছে। কেনো,all_documents_correct_but_application_rejected_why
সকল ডকুমেন্টস সঠিক দিয়েছি তারপরও আবেদন বাতিল করা হয়েছে। কেনো,all_documents_correct_but_application_rejected_why
সব কাগজপত্র ঠিক মানে দিয়ে ফেললাম,all_documents_correct_but_application_rejected_why
সব ডক ঠিক থাকা সত্ত্বেও আমার আবেদন কেন বাতিল করা হলো,all_documents_correct_but_application_rejected_why
সব ডকুমেন্ট সঠিক থাকার পরেও কেন আবেদন বাতিল করা হলো,all_documents_correct_but_application_rejected_why
আপনার কাছ থেকে আর কিছু জানা যাবে,ask_if_any_other_questions
আপনি কি আর কিছু বলতে চান,ask_if_any_other_questions
আপনি কি আরও কিছু জানাতে চান,ask_if_any_other_questions
আপনি কি সাহায্য করতে পারবেন আরও,ask_if_any_other_questions
আমি কি কিছু মিস করেছি,ask_if_any_other_questions
আর কিছু কি জানতে পারি,ask_if_any_other_questions
আর কিছু জানার আছে,ask_if_any_other_questions
আর কিছু দরকার হবে,ask_if_any_other_questions
আর কোনো তথ্য জানার আছে,ask_if_any_other_questions
এই পর্যন্ত ঠিক,ask_if_any_other_questions
এই পর্যন্ত ঠিক আছে,ask_if_any_other_questions
এই প্রশ্নের পরে কিছু আছে,ask_if_any_other_questions
এইটাই কি সব,ask_if_any_other_questions
এইটাই তো জানতে চাচ্ছিলাম,ask_if_any_other_questions
এখন কি করবো,ask_if_any_other_questions
এখন কি পরের ধাপ,ask_if_any_other_questions
তাহলে এটা ঠিক হলো,ask_if_any_other_questions
সব তথ্য হয়ে গেছে,ask_if_any_other_questions
সরাসরি কিছু বলেন না কেন,ask_if_any_other_questions
আমার জন্ম নিবন্ধন ও এসএসসি সনদে কিছু তথ্যগত পার্থক্য আছে,birth_certificate_and_ssc_certificate_different_information
আমার জন্ম সনদের ইনফরমেশনটা এসএসসি সনদের সাথে মেলে না,birth_certificate_and_ssc_certificate_different_information
আমার বার্থ রিলেটেড নিবন্ধন এবং এসএসসি দলিল এর ভিন্ন তথ্য রয়েছে,birth_certificate_and_ssc_certificate_different_information
আমার বার্থ সার্টিফিকেট আর এসএসসি সার্টিফিকেটে তথ্য মেলেনা,birth_certificate_and_ssc_certificate_different_information
আমার বার্থ সার্টিফিকেট আর সার্টিফিকেটে এর তথ্য মেলেনা,birth_certificate_and_ssc_certificate_different_information
আমার বার্থ সার্টিফিকেট এবং এসএসসি সনদে ভিন্ন তথ্য রয়েছে,birth_certificate_and_ssc_certificate_different_information
জন্ম নিবন্ধন এবং এসএসসি সনদে তথ্যের পার্থক্য থাকলে নতুন ভোটারের আবেদন ফরমে কোন তথ্য দেবো,birth_certificate_and_ssc_certificate_different_information
জন্ম নিবন্ধন এবং এসএসসি সনদে পার্থক্য থাকলে নতুন ভোটার নিবন্ধনে কি করতে হবে,birth_certificate_and_ssc_certificate_different_information
জন্ম নিবন্ধন এবং সনদে পার্থক্য থাকলে নতুন ভোটার নিবন্ধনে কি করতে হবে,birth_certificate_and_ssc_certificate_different_information
যদি আমার জন্ম নিবন্ধন এবং এসএসসি সনদে তথ্যগত পার্থক্য থাকে,birth_certificate_and_ssc_certificate_different_information
আমার জন্ম সনদ নম্বর আপডেট করতে কি কি প্রমাণপত্র লাগবে,birth_certificate_number_correct_or_add_document_new
আমার জন্ম সনদ নম্বর সংশোধন করতে কি কি ডকুমেন্টস লাগে,birth_certificate_number_correct_or_add_document_new
আমার জন্ম সনদ নম্বরটা ভোটার হওয়ার জন্য দেওয়া হয়েছে,birth_certificate_number_correct_or_add_document_new
আমার জন্ম সনদের নম্বর ভোটার হওয়ার সময় দেওয়া হয়েছে,birth_certificate_number_correct_or_add_document_new
আমার জন্ম সনদের নম্বরটা ভোটার হওয়ার সময় দিয়েছিলাম,birth_certificate_number_correct_or_add_document_new
আমার জাতীয় আইডি কার্ডে জন্ম সনদ নম্বর সংযোজন বা সংশোধনের জন্য প্রয়োজনীয় কাগজপত্রগুলি কি,birth_certificate_number_correct_or_add_document_new
আমার শিশুর জন্ম সনদ নম্বর সংশোধন করতে কি লাগবে,birth_certificate_number_correct_or_add_document_new
আমি আমার জন্ম সনদে নম্বর পরিবর্তন করতে চাই,birth_certificate_number_correct_or_add_document_new
আমি আমার বার্থ সার্টিফিকেট নম্বর সংযোজন করতে চাই,birth_certificate_number_correct_or_add_document_new
জন্ম নিবন্ধন নম্বর সংশোধনের জন্য কি কি কাগজপত্র লাগে,birth_certificate_number_correct_or_add_document_new
জন্ম সনদ নম্বর আপডেট বা সংশোধন করতে কি কি কাগজপত্র আনতে হবে,birth_certificate_number_correct_or_add_document_new
জন্ম সনদ নম্বর যোগ করতে কি ডকুমেন্টস লাগবে,birth_certificate_number_correct_or_add_document_new
জন্ম সনদ নম্বর সংযোজন বা সংশোধন করতে,birth_certificate_number_correct_or_add_document_new
জন্ম সনদ নম্বর সংযোজন বা সংশোধনের জন্য কী কী সার্টিফিকেট দিতে হবে,birth_certificate_number_correct_or_add_document_new
জন্ম সনদ নম্বর সংযোজন বা সংশোধনের জন্য প্রয়োজনীয় ডকুমেন্টগুলি কি,birth_certificate_number_correct_or_add_document_new
জন্ম সনদের নম্বর ঠিক করার জন্য কি কি কাগজপত্র প্রয়োজন,birth_certificate_number_correct_or_add_document_new
জন্ম সনদের নম্বর সংযোজন বা সংশোধনের জন্য কি কি কাগজপত্র প্রয়োজন,birth_certificate_number_correct_or_add_document_new
জন্ম সার্টিফিকেট নম্বর সংশোধন করতে কি কি কাগজপত্র জমা দিতে হয়,birth_certificate_number_correct_or_add_document_new
জাতীয় পরিচয়পত্র আপডেট করতে জন্ম সনদ নম্বর সংশোধনের জন্য প্রয়োজনীয় ডকুমেন্ট কি,birth_certificate_number_correct_or_add_document_new
জাতীয় পরিচয়পত্রে জন্ম সনদ নম্বর পরিবর্তনের জন্য কোনো কাগজপত্র দিতে হবে,birth_certificate_number_correct_or_add_document_new
জাতীয় পরিচয়পত্রে জন্ম সনদ নম্বর যোগ করতে কি ডকুমেন্টস দিতে হবে,birth_certificate_number_correct_or_add_document_new
জাতীয় পরিচয়পত্রে জন্ম সনদ নম্বর যোগ করা বা সংশোধনের জন্য কী কী ডকুমেন্টস লাগবে,birth_certificate_number_correct_or_add_document_new
নতুন জন্ম সনদ নম্বর সংযোজনের জন্য কি ডকুমেন্টস লাগে,birth_certificate_number_correct_or_add_document_new
বার্থ নিবন্ধন নম্বর পরিবর্তন করার জন্য কি কি লাগবে,birth_certificate_number_correct_or_add_document_new
ভোটার হওয়ার সময় প্রদত্ত জন্ম সনদ নম্বর পরিবর্তন করতে চাই।,birth_certificate_number_correct_or_add_document_new
আমার আইডি কার্ডে জন্মস্থানের ভুল সংশোধন করতে কি কি ডকুমেন্ট লাগবে,birthplace_correction_new
আমার এনআইডি কার্ডে জন্মস্থান ভুল আছে,birthplace_correction_new
আমার জন্ম স্থান ভুল বলে কার্ডে আছে,birthplace_correction_new
আমার জন্মস্থানের তথ্য ভুল,birthplace_correction_new
আমার জাতীয় পরিচয়পত্রে জন্মস্থান ভুল লেখা আছে,birthplace_correction_new
আমার নিডি কার্ডে জন্মস্থান ভুল হয়েছে,birthplace_correction_new
আমার ন্যাশনাল আইডি কার্ডে জন্মস্থান ভুল হয়েছে,birthplace_correction_new
আমার ভোটার আইডিতে জন্মস্থানের ভুল কি কি কাগজপত্র দিয়ে সংশোধন করা যাবে,birthplace_correction_new
এনআইডি কার্ডে জন্মস্থান ভুল হয়েছে,birthplace_correction_new
এনআইডি কার্ডে জন্মস্থানের ভুল সংশোধন করতে কি কি ডকুমেন্ট লাগবে,birthplace_correction_new
এনআইডি কার্ডে বার্থপ্লেস এর ভুল সংশোধনের জন্য কি কি কাগজ লাগবে,birthplace_correction_new
এনআইডি কার্ডের জন্মস্থান সংশোধন করতে কি কি লাগবে,birthplace_correction_new
কি কি কাগজপত্র লাগবে জন্মস্থান সংশোধনের জন্য,birthplace_correction_new
জন্মস্থান ভুল লিখা আছে,birthplace_correction_new
জন্মস্থান ভুল লেখা হয়েছে,birthplace_correction_new
জন্মস্থান ভুল হয়েছে,birthplace_correction_new
জন্মস্থান ভুল হয়েছে এনআইডি কার্ডে,birthplace_correction_new
জন্মস্থান সঠিক নয়,birthplace_correction_new
জন্মস্থানে ভুল আছে,birthplace_correction_new
জন্মস্থানের তথ্য ভুল হয়েছে,birthplace_correction_new
জন্মস্থানের তথ্যে ভুল রয়েছে,birthplace_correction_new
জন্মস্থানের ভুল সংশোধন করতে কি কি কাগজপত্র জমা দিতে হবে,birthplace_correction_new
জাতীয় পরিচয়পত্রে জন্মস্থানে ভুল,birthplace_correction_new
জাতীয় পরিচয়পত্রে জন্মস্থানের ভুল সংশোধন করতে কি কি নথি লাগবে,birthplace_correction_new
নিডি কার্ডে জন্মস্থান ভুল হয়েছে,birthplace_correction_new
কিভাবে বিকাশে টাকা জমা করবো,bkash_mfs_payment_process
বিকাশ অ্যাপে টাকা জমা দেয়ার নিয়ম কি,bkash_mfs_payment_process
বিকাশ একাউন্টে টাকা জমা দেয়ার কিভাবে নিয়ম,bkash_mfs_payment_process
বিকাশ একাউন্টে টাকা জমা দেয়ার নিয়ম কী,bkash_mfs_payment_process
বিকাশে কিভাবে আমার একাউন্টে টাকা জমা করবো,bkash_mfs_payment_process
বিকাশে কিভাবে ক্যাশ ইন করব,bkash_mfs_payment_process
বিকাশে কিভাবে টাকা জমা দিতে হয়,bkash_mfs_payment_process
বিকাশে কিভাবে ব্যালেন্স জমা হবে,bkash_mfs_payment_process
বিকাশে কিভাবে মানি জমা করব,bkash_mfs_payment_process
বিকাশে টাকা জমা করতে কি করতে হবে,bkash_mfs_payment_process
বিকাশে টাকা জমা দিতে কি করতে হবে,bkash_mfs_payment_process
বিকাশে টাকা জমা দিতে কোন পদ্ধতি অনুসরণ করতে হবে,bkash_mfs_payment_process
বিকাশে টাকা জমা দেয়ার কি কি নিয়ম আছে,bkash_mfs_payment_process
বিকাশে টাকা জমা দেয়ার কিভাবে সঠিক নিয়ম,bkash_mfs_payment_process
বিকাশে টাকা জমা দেয়ার জন্য কি নিয়ম,bkash_mfs_payment_process
বিকাশে টাকা জমা দেয়ার নিয়ম কি,bkash_mfs_payment_process
বিকাশে টাকা জমা দেয়ার পদ্ধতি কী,bkash_mfs_payment_process
বিকাশের টাকা জমা দিতে কি প্রসেস,bkash_mfs_payment_process
বিকাশের মাধ্যমে টাকা জমা দেওয়ার পদ্ধতি কী,bkash_mfs_payment_process
আমার ব্লাড গ্রুপ সংশোধনের জন্য প্রয়োজনীয় কী কী ডকুমেন্টস লাগবে,blood_group_correction
আমার রক্ত গ্রুপ ভুল লেখা হয়েছে এনআইডি কার্ডে,blood_group_correction
আমার রক্তের গ্রুপ সংশোধন করতে হলে কি পদক্ষেপ নেব,blood_group_correction
আমি কার্ডে আমার রক্তের গ্রুপ পরিবর্তন করা যাবে কিভাবে,blood_group_correction
এনআইডি কার্ডে বার্থ প্লেস ভুল হয়েছে,blood_group_correction
এনআইডি কার্ডে ব্লাড গ্রুপ ভুল হয়েছে,blood_group_correction
এনআইডি কার্ডে রক্তের গ্রুপে ভুল আছে আমার রক্তের গ্রুপ এ পজিট কিন্তু কার্ড এ আছে বি পজিটিভ,blood_group_correction
কার্ডে ব্লাড রিলেটেড ইনফো ঠিক করতে কি করা লাগবে,blood_group_correction
কার্ডে রক্ত রিলেটেড তথ্য ঠিক করতে কি করা লাগে,blood_group_correction
কার্ডে রক্তের গ্রুপ অন্তর্ভুক্তির প্রক্রিয়া সম্পর্কে জানাবেন,blood_group_correction
কার্ডে রক্তের গ্রুপের তথ্য কিভাবে ঠিক করব,blood_group_correction
কার্ডে রক্তের গ্রুপের সংশোধন এর জন্য কি করা লাগে,blood_group_correction
কিভাবে আমি কার্ডে আমার রক্তের গ্রুপের তথ্য আপডেট করব,blood_group_correction
ব্লাড গ্রুপ আপডেট করার প্রক্রিয়া কী,blood_group_correction
ব্লাড গ্রুপ এ ভুল আছে,blood_group_correction
ব্লাড গ্রুপের তথ্য সংশোধনের জন্য কিভাবে আবেদন করব,blood_group_correction
রক্তের গ্রুপ অন্তর্ভুক্ত বা সংশোধনের জন্য কি করতে হয়,blood_group_correction
রক্তের গ্রুপ অন্তর্ভূক্ত বা সংশোধনের জন্য কি করতে হবে,blood_group_correction
রক্তের গ্রুপ আপডেট করার নিয়ম কী,blood_group_correction
রক্তের গ্রুপ কি আপডেট করা যায়,blood_group_correction
রক্তের গ্রুপ পরিবর্তন করার জন্য আমাকে কোথায় আবেদন করতে হবে,blood_group_correction
রক্তের গ্রুপ পরিবর্তনের জন্য প্রয়োজনীয় তথ্য কী,blood_group_correction
রক্তের গ্রুপ বদলাতে কি ধরনের ডকুমেন্ট লাগে,blood_group_correction
রক্তের গ্রুপ সংশোধনের জন্য কি কাগজপত্র লাগবে,blood_group_correction
রক্তের গ্রুপে ভুল আছে,blood_group_correction
আপনার ঠিকানা পরিবর্তন অনুমোদিত হলে নতুন ঠিকানার কার্ড কোথায় পাবো,card_avail_after_address_change
ঠিকানা পরিবর্তন হয়ে গেছে,card_avail_after_address_change
ঠিকানা পরিবর্তন হয়ে গেলে নতুন কার্ড কীভাবে সংগ্রহ করব,card_avail_after_address_change
ঠিকানা পরিবর্তনের আবেদন সফল হলে কিভাবে নতুন ঠিকানার কার্ড সংগ্রহ করতে পারি,card_avail_after_address_change
ঠিকানা বদলের জন্য ভোটার এলাকা পরিবর্তন ফরমে কি কি কাগজপত্র লাগে,card_avail_after_address_change
নির্বাচনী এলাকা বদল করতে কি কি কাগজপত্র লাগবে,card_avail_after_address_change
আবেদন করতে কত টাকা লাগবে সংশোধনের জন্য,card_correction_fees
আবেদন করার সময় কত টাকা দিতে হবে সংশোধনের জন্য,card_correction_fees
কত টাকা জমা দিতে হবে সংশোধনের জন্য,card_correction_fees
কত টাকা দিয়ে সংশোধন আবেদন করতে পারি,card_correction_fees
কত টাকা লাগবে সংশোধন আবেদন করতে,card_correction_fees
কত টাকা লাগে সংশোধন আবেদন করতে,card_correction_fees
নতুন সংশোধন আবেদন করতে কত টাকা জমা দিতে হবে,card_correction_fees
সংশোধন আবেদন করতে কি টাকা দিতে হয়,card_correction_fees
সংশোধন আবেদন করার জন্য কত টাকা খরচ হবে,card_correction_fees
সংশোধন আবেদন করার জন্য কত টাকা প্রয়োজন,card_correction_fees
সংশোধন আবেদনের জন্য কত টাকা লাগবে,card_correction_fees
সংশোধন করার জন্য কত টাকা দিতে হবে,card_correction_fees
সংশোধনে কত টাকা খরচ হবে,card_correction_fees
সংশোধনের আবেদন করতে কত টাকা চার্জ লাগবে,card_correction_fees
সংশোধনের আবেদন করতে কত টাকা দিতে হবে,card_correction_fees
সংশোধনের আবেদন করতে কী পরিমাণ ফি লাগবে,card_correction_fees
সংশোধনের জন্য কত টাকা জমা করতে হবে,card_correction_fees
সংশোধনের জন্য কত টাকা দিতে হবে,card_correction_fees
সংশোধনের ফি কত,card_correction_fees
সংশোধনের ফিস কত,card_correction_fees
চার্জ জমা দিতে কি নম্বর দিতে হবে,card_correction_fees_payment_reference_nid_number_query
টাকা জমা করতে কোন ডিজিট নম্বর ব্যবহার করতে হবে,card_correction_fees_payment_reference_nid_number_query
পয়সা জমা দেওয়ার জন্য কোন নম্বর প্রয়োজন,card_correction_fees_payment_reference_nid_number_query
ফি জমা করতে কত ডিজিটের নম্বর ব্যবহার করি,card_correction_fees_payment_reference_nid_number_query
ফি জমা করতে কোন নম্বর দিতে হবে,card_correction_fees_payment_reference_nid_number_query
ফি জমা করতে কোন নম্বর প্রদান করতে হবে,card_correction_fees_payment_reference_nid_number_query
ফি জমা করতে কোন নম্বর লাগবে,card_correction_fees_payment_reference_nid_number_query
ফি জমা করার জন্য কতো ডিজিটের নম্বর লাগবে,card_correction_fees_payment_reference_nid_number_query
ফি জমা করার জন্য ১০,card_correction_fees_payment_reference_nid_number_query
ফি জমা দিতে কি নম্বর ব্যবহার করতে হবে,card_correction_fees_payment_reference_nid_number_query
ফি জমা দিতে কোন নম্বর প্রয়োজন,card_correction_fees_payment_reference_nid_number_query
ফি জমা দিতে কোন নম্বর ব্যবহার করবো,card_correction_fees_payment_reference_nid_number_query
ফি জমা দিতে কোন নম্বর লাগে,card_correction_fees_payment_reference_nid_number_query
ফি জমা দেয়ার জন্য কি কোন পদ্ধতি আছে,card_correction_fees_payment_reference_nid_number_query
ফি জমা দেয়ার জন্য কোন নম্বর ব্যবহার করতে হবে,card_correction_fees_payment_reference_nid_number_query
ফি জমা দেয়ার জন্য কোন নম্বর ব্যবহার করি,card_correction_fees_payment_reference_nid_number_query
ফি জমা দেয়ার জন্য কোন পদ্ধতি অনুসরণ করতে হবে,card_correction_fees_payment_reference_nid_number_query
ফিস জমা করার জন্য কতো ডিজিট নম্বর ব্যবহার করতে হবে,card_correction_fees_payment_reference_nid_number_query
ফিস জমা দিতে কোন নম্বর (তেরো ডিজিট) ব্যবহার করবো,card_correction_fees_payment_reference_nid_number_query
ফিস জমা দিতে কোন নম্বর (সতেরো ডিজিট) ব্যবহার করবো,card_correction_fees_payment_reference_nid_number_query
ফিস জমা দিতে কোন নম্বর (১০ ডিজিট) ব্যবহার করবো,card_correction_fees_payment_reference_nid_number_query
আমার কার্ডটা কয়েবার ঠিক করা যাইবো,card_correction_one_information_maximum_limit
আমি আমার কার্ডটা কয়বার আপডেট করাইতে পারব,card_correction_one_information_maximum_limit
আমি কয়বার কার্ডের তথ্য ঠিক করতে পারব,card_correction_one_information_maximum_limit
একই তথ্য কতবার পরিবর্তন করা যায়,card_correction_one_information_maximum_limit
একই তথ্য কতবার সংশোধন করা যায়,card_correction_one_information_maximum_limit
একই তথ্য কতবার সংশোধন বা পরিবর্তন করা যায়,card_correction_one_information_maximum_limit
একটা তথ্য কি শুধুমাত্র একবার ই ঠিক করা যাবে,card_correction_one_information_maximum_limit
একটা ভুল কারেকশন করার জন্য কয়টা সুযোগ পাওয়া যায়,card_correction_one_information_maximum_limit
একটি কার্ড কতবার সংশোধন করা যায়,card_correction_one_information_maximum_limit
একটি কার্ডে তথ্য সংশোধনের জন্য কি নির্দিষ্ট লিমিট আছে,card_correction_one_information_maximum_limit
একটি তথ্য একাধিকবার সংশোধন করা যেতে পারে কি,card_correction_one_information_maximum_limit
এনআইডি কার্ডে একই তথ্য একাধিকবার সংশোধন করা যায় কি,card_correction_one_information_maximum_limit
কার্ড এর তথ্য কয়বার ঠিক করা যায়,card_correction_one_information_maximum_limit
কার্ড কয়বার সংশোধন করা যায়,card_correction_one_information_maximum_limit
কার্ড ঠিক করার মেক্সিমাম লিমিট কতবার,card_correction_one_information_maximum_limit
কার্ড ভুল তথ্য ঠিক করাতে কত সংখ্যক বার আবেদন করা যাবে,card_correction_one_information_maximum_limit
কার্ড সংশোধনের জন্য সর্বাধিক কয়বার সুযোগ পাবো,card_correction_one_information_maximum_limit
কার্ড সংশোধনের সীমা কত,card_correction_one_information_maximum_limit
কার্ডে তথ্য সঠিক করবার জন্য কতবার আবেদন করা যাবে,card_correction_one_information_maximum_limit
জাতীয় পরিচয়পত্র এ একটা তথ্য কয়বার আপডেট করা যায়,card_correction_one_information_maximum_limit
সর্বোচ্চ কয়বার একটা কার্ড আপডেট করা যায়,card_correction_one_information_maximum_limit
আবেদন না করে ফি জমা দিয়েছি,card_correction_request_canceled_by_consumer_regarding_refund_fees
ফি জমা দিয়ে আবেদন না করলে টাকা ফেরত পাওয়ার পদ্ধতি কী,card_correction_request_canceled_by_consumer_regarding_refund_fees
ফি জমা দিয়ে আবেদন না করলে টাকা ফেরত পাব কি না,card_correction_request_canceled_by_consumer_regarding_refund_fees
ফি জমা দিয়ে সংশোধন আবেদন না করার জন্য টাকা ফেরত পাওয়ার নিয়ম কী,card_correction_request_canceled_by_consumer_regarding_refund_fees
ফি জমা দিয়েও আবেদন না করলে কি টাকা ফেরত পাওয়া যাবে,card_correction_request_canceled_by_consumer_regarding_refund_fees
যদি সংশোধন ফি জমা দিয়ে আবেদন না করি,card_correction_request_canceled_by_consumer_regarding_refund_fees
সংশোধন আবেদন বাতিল করার পরে টাকা ফেরত পাওয়ার উপায় কী,card_correction_request_canceled_by_consumer_regarding_refund_fees
সংশোধন ফি জমা করে আবেদন বাতিল করলে টাকা ফেরত পাবো কি,card_correction_request_canceled_by_consumer_regarding_refund_fees
সংশোধন ফি জমা করেছি,card_correction_request_canceled_by_consumer_regarding_refund_fees
সংশোধন ফি জমা দিলাম,card_correction_request_canceled_by_consumer_regarding_refund_fees
সংশোধন ফি জমা দিয়েছি,card_correction_request_canceled_by_consumer_regarding_refund_fees
সংশোধনের জন্য ফি জমা করে আবেদন না করলে টাকা ফেরত কেমনে পাব,card_correction_request_canceled_by_consumer_regarding_refund_fees
সংশোধনের জন্য ফিস জমা দিয়েছি,card_correction_request_canceled_by_consumer_regarding_refund_fees
সংশোধনের ফি জমা দিয়েছি,card_correction_request_canceled_by_consumer_regarding_refund_fees
সংশোধোনের জন্য ফিস জমা দিয়েছি,card_correction_request_canceled_by_consumer_regarding_refund_fees
সংশোন আবেদন করার জন্য ফি জমা দিয়েছি,card_correction_request_canceled_by_consumer_regarding_refund_fees
আবেদন না করে ফি জমা দিয়েছি,card_correction_request_failed_query_regarding_refund_fees
আবেদন বাতিল হলে কি আমি ফি ফেরত পাবো,card_correction_request_failed_query_regarding_refund_fees
আবেদন বাতিল হলে ফি ফেরত হবে কেমনে,card_correction_request_failed_query_regarding_refund_fees
ফি জমা করে সংশোধন আবেদন বাতিল হলে টাকা ফেরত হবে কি,card_correction_request_failed_query_regarding_refund_fees
ফি জমা দিয়ে আবেদন না করলে টাকা ফেরত পাওয়ার পদ্ধতি কী,card_correction_request_failed_query_regarding_refund_fees
ফি জমা দিয়ে আবেদন না করলে টাকা ফেরত পাব কি না,card_correction_request_failed_query_regarding_refund_fees
বাতিল আবেদনের টাকা ফেরত পাবো কি,card_correction_request_failed_query_regarding_refund_fees
বাতিল হওয়া আবেদনের টাকা ফেরত পাবো কেমনে,card_correction_request_failed_query_regarding_refund_fees
যদি সংশোধন আবেদন বাতিল হয়,card_correction_request_failed_query_regarding_refund_fees
যদি সংশোধন ফি জমা দিয়ে আবেদন না করি,card_correction_request_failed_query_regarding_refund_fees
সংশোধন আবেদন করার জন্য ফি জমা দিয়েছি,card_correction_request_failed_query_regarding_refund_fees
সংশোধন আবেদন বাতিল করার পরে টাকা ফেরত পাওয়ার উপায় কী,card_correction_request_failed_query_regarding_refund_fees
সংশোধন আবেদন বাতিল হলে কি ফি ফেরত পাবো,card_correction_request_failed_query_regarding_refund_fees
সংশোধন আবেদন বাতিল হলে ফি ফিরিয়ে দেবে কি,card_correction_request_failed_query_regarding_refund_fees
সংশোধন আবেদন বাতিল হলে ফি ফেরত পাবো কি,card_correction_request_failed_query_regarding_refund_fees
সংশোধন আবেদন বাতিল হয়ে গেলে কি টাকা ফেরত পাবো,card_correction_request_failed_query_regarding_refund_fees
সংশোধন ফি জমা দিয়েছি,card_correction_request_failed_query_regarding_refund_fees
সংশোধনের আবেদন বাতিল হলে কি ফি ফেরত হবে,card_correction_request_failed_query_regarding_refund_fees
সংশোধনের জন্য জমা দেয়া টাকা বাতিল হলে ফিরে পাবো কি,card_correction_request_failed_query_regarding_refund_fees
আমার এনআইডি কার্ড সংশোধন করতে চেয়েছিলাম,card_correction_request_failed_query_regarding_repayment_fees
আমার এনআইডি কার্ড সংশোধনের আবেদন ক্যানসেল হয়ে গেছে,card_correction_request_failed_query_regarding_repayment_fees
আমার এনআইডি কার্ড সংশোধনের জন্য আগে আমি আবেদন করেছিলাম কিন্তু কিছু কারণে সেটি বাতিল হয়ে গেছে। এখন আমি আবার নতুন আবেদন করতে যাচ্ছি। কিন্তু এই নতুন আবেদনের জন্য কত টাকা লাগবে তা জানতে চাই।,card_correction_request_failed_query_regarding_repayment_fees
আমার এনআইডি কার্ডে কিছু তথ্য সংশোধন করতে চেয়েছিলাম,card_correction_request_failed_query_regarding_repayment_fees
আমি আমার এনআইডি কার্ড সংশোধন করতে চেয়েছিলাম,card_correction_request_failed_query_regarding_repayment_fees
আমি আমার জাতীয় পরিচয়পত্র সংশোধনের জন্য আবেদন করেছিলাম,card_correction_request_failed_query_regarding_repayment_fees
একবার বাতিল হওয়া সংশোধন আবেদন আবার করতে কি টাকা জমা দিতে হবে,card_correction_request_failed_query_regarding_repayment_fees
একবার বাতিল হওয়া সংশোধন আবেদন আবার করার জন্য টাকা জমা দেওয়া লাগবে কি,card_correction_request_failed_query_regarding_repayment_fees
একবার সংশোধন আবেদন বাতিল করা হলে পুনরায় আবেদন করতে কি আবার ফি জমা দিতে হবে,card_correction_request_failed_query_regarding_repayment_fees
একবার সংশোধন আবেদন বাতিল করা হয়েছে,card_correction_request_failed_query_regarding_repayment_fees
এনআইডি সংশোধনের আবেদন ক্যানসেল,card_correction_request_failed_query_regarding_repayment_fees
বাতিল হওয়া আবেদন পুনরায় করতে কি টাকা জমা করতে হবে,card_correction_request_failed_query_regarding_repayment_fees
বাতিল হওয়া সংশোধন আবেদনের জন্য পুনরায় টাকা জমা দিতে হবে কি,card_correction_request_failed_query_regarding_repayment_fees
বাতিল হওয়া আবেদন পুনরায় করার জন্য কি টাকা জমা করতে হবে,card_correction_request_failed_query_regarding_repayment_fees
বাতিল হওয়া সংশোধন আবেদনের জন্য পুনরায় টাকা জমা দেবো কি,card_correction_request_failed_query_regarding_repayment_fees
যদি সংশোধন আবেদন বাতিল হয়,card_correction_request_failed_query_regarding_repayment_fees
যদি সংশোধন আবেদন বাতিল হয়,card_correction_request_failed_query_regarding_repayment_fees
সংশোধন আবেদন বাতিল হওয়ার পর পুনরায় আবেদন করতে কি নতুন ফি দিতে হবে,card_correction_request_failed_query_regarding_repayment_fees
সংশোধন আবেদন বাতিল হলে আবার আবেদন করতে কি টাকা জমা দিতে হবে,card_correction_request_failed_query_regarding_repayment_fees
সংশোধন আবেদন বাতিল হলে আবার আবেদন করতে কি টাকা দিতে হবে,card_correction_request_failed_query_regarding_repayment_fees
সংশোধন আবেদন বাতিল হলে আবার আবেদন করতে কি টাকা দিতে হয়,card_correction_request_failed_query_regarding_repayment_fees
সংশোধন আবেদন বাতিল হলে কি আবার টাকা জমা করতে হবে,card_correction_request_failed_query_regarding_repayment_fees
সংশোধন আবেদন বাতিল হলে পুনরায় আবেদন করতে কি নতুন ফি দিতে হবে,card_correction_request_failed_query_regarding_repayment_fees
সংশোধন আবেদন বাতিল হলে পুনরায় আবেদন করতে টাকা আবার দিতে হবে কি,card_correction_request_failed_query_regarding_repayment_fees
সংশোধন আবেদন বাতিল হলে পুনরায় আবেদন করার জন্য টাকা জমা দিতে হবে কি,card_correction_request_failed_query_regarding_repayment_fees
আমার এনআইডি কার্ড নষ্ট হয়ে গেছে,card_damaged_how_to_get_new_card
আমার কার্ড খুঁটে খুঁটে নষ্ট হয়ে গেছে,card_damaged_how_to_get_new_card
আমার জাতীয় পরিচয়পত্র নষ্ট হয়ে গেছে,card_damaged_how_to_get_new_card
আমার স্মার্টকার্ড নষ্ট হয়েছে,card_damaged_how_to_get_new_card
আমি নষ্ট হয়েছে,card_damaged_how_to_get_new_card
এনআইডি কার্ড খারাপ হয়ে গেছে হলে আবার নতুন কার্ড পাবো কেমন করে,card_damaged_how_to_get_new_card
এনআইডি কার্ড গেছে শেষ হয়ে গেলে কি নতুন কার্ডের জন্য আবেদন করতে হয়,card_damaged_how_to_get_new_card
এনআইডি কার্ড নষ্ট হয়ে গেছে,card_damaged_how_to_get_new_card
কার্ড নষ্ট হয়ে গেছে,card_damaged_how_to_get_new_card
কার্ড নষ্ট হয়ে গেলে কীভাবে আবার নতুন কার্ড পাওয়া যাবে,card_damaged_how_to_get_new_card
কার্ড নষ্ট হয়ে গেলে নতুন স্মার্ট কার্ড কি কার্যালয়ে যেতে হবে,card_damaged_how_to_get_new_card
জাতীয় পরিচয়পত্র নষ্ট হয়ে গেছে,card_damaged_how_to_get_new_card
নতুন এনআইডি কার্ড পাবো কি করে,card_damaged_how_to_get_new_card
আমার এনআইডি কার্ড তথ্য ভুল আছে কি করবো,card_information_correction
আমার কার্ডে ভুল তথ্য আছে,card_information_correction
আমার কার্ডে ভুল তথ্য এসেছে,card_information_correction
আমার কার্ডের তথ্য ভুল আছে,card_information_correction
আমার কার্ডের তথ্য ভুল হয়েছে,card_information_correction
আমি এনআইডি কার্ডের ভুল তথ্য সংশোধন করতে চাই,card_information_correction
এনআইডি কার্ডে ভুল তথ্য থাকলে কিভাবে সংশোধন করব,card_information_correction
এনআইডি কার্ডে ভুল তথ্য পেলে কি করতে হবে,card_information_correction
কার্ডে যদি কোনো তথ্য ভুল থাকে তবে সেটা কিভাবে সংশোধন করা যাবে,card_information_correction
কার্ডের তথ্য কিভাবে ঠিক করা যাবে,card_information_correction
কার্ডের তথ্য কিভাবে সংশোধন করা যায়,card_information_correction
কার্ডের তথ্য পরিবর্তন করার জন্য কি প্রক্রিয়া রয়েছে,card_information_correction
কার্ডের তথ্যের ভুল সংশোধন করতে কি কোথায় যেতে হবে,card_information_correction
কার্ডের তথ্যের সংশোধনের জন্য কি অনলাইন আবেদন করা যায়,card_information_correction
কার্ডের ভুল তথ্য পরিবর্তন বা ঠিক করার উপায় কি,card_information_correction
কার্ডের ভুল তথ্য সংশোধন করার জন্য কি প্রক্রিয়া,card_information_correction
কার্ডের ভুল সংশোধন করার জন্য কী করা উচিত,card_information_correction
তথ্য সংশোধন করতে কাগজপত্র কই জমা দিতে হবে,card_information_correction
তথ্য সংশোধনের জন্য অনলাইনে আবেদন করা যাবে কি,card_information_correction
বিভিন্ন তথ্যের রং আসছে সেটা সংশোধনে কি করতে হবে,card_information_correction
আমার কার্ড তালা লেগে গেছে,card_lock
আমার কার্ড লক হয়ে গেছে,card_lock
আমার কার্ডটি এই মুহুর্তে লক হয়ে আছে,card_lock
কার্ড লক হলে কীভাবে ব্যবহার করা যাবে,card_lock
কার্ড লক হয়ে গেলে কিভাবে খুলতে হবে,card_lock
কার্ড লক হয়ে গেলে কিভাবে সেটি খুলে ফেলা যায়,card_lock
কার্ড লক হয়ে গেলে কী পদক্ষেপ নিতে হবে,card_lock
কার্ড লক হয়ে গেলে কীভাবে আনলক করা যাবে,card_lock
অ্যানআইডি কার্ড হারিয়ে গেলে নতুন কার্ড পেতে কি কোন ফি দিতে হবে,card_lost_and_damaged_cost
আগের কার্ড এর অবস্থা বাজে নষ্ট হয়ে গেছে নতুন জাতীয় পরিচয়পত্রের জন্য টাকা লাগবে কি,card_lost_and_damaged_cost
আগের কার্ড হারায় গেছে নতুন কার্ড পেতে কি ফি দিতে হবে,card_lost_and_damaged_cost
আমার এনআইডি  কার্ড হারিয়ে গেছে আর নষ্টও হয়েছে,card_lost_and_damaged_cost
এনআইডি কার্ড নষ্ট হয়ে গেছে,card_lost_and_damaged_cost
এনআইডি কার্ড হারানো বা নষ্ট হলে কি খরচ হয়,card_lost_and_damaged_cost
এনআইডি কার্ড হারিয়ে গেছে,card_lost_and_damaged_cost
এনআইডি কার্ড হারিয়ে গেছে এবং নষ্টও হয়েছে,card_lost_and_damaged_cost
এনআইডি কার্ড হারিয়ে গেলে নতুন কার্ড প্রাপ্তির জন্য কি অর্থ প্রদান করতে হবে,card_lost_and_damaged_cost
কার্ড হারানো গেলে নতুন কার্ড পেতে কত খরচ লাগবে,card_lost_and_damaged_cost
কার্ড হারানো বা নষ্ট হলে কত খরচ আসবে,card_lost_and_damaged_cost
কার্ড হারানোর পর পুনরায় কার্ড পেতে কি খরচ আসবে,card_lost_and_damaged_cost
নতুন কার্ড পেতে কি কোন ফি জমা দিতে হবে,card_lost_and_damaged_cost
আগের কার্ড চুরি হয়ে গেছে নতুন কার্ডের জন্য কত টাকা ফি দিতে হবে,card_lost_new_card_fee
এনআইডি কার্ড নষ্ট হয়ে গেছে,card_lost_new_card_fee
এনআইডি কার্ড হারায় গেছে,card_lost_new_card_fee
এনআইডি কার্ড হারিয়ে গেছে,card_lost_new_card_fee
এনআইডি কার্ড হারিয়ে গেছে,card_lost_new_card_fee
কার্ড হারানোর পরে নতুন কার্ড পেতে কি কত টাকা খরচ হবে,card_lost_new_card_fee
কার্ড হারিয়ে গেলে নতুন কার্ড পাবার জন্য কত টাকা লাগে,card_lost_new_card_fee
কার্ড হারিয়ে গেলে নতুন পাইতে কি কোন টাকা দিতে হবে,card_lost_new_card_fee
নিউ কার্ড পাওয়ার জন্য কত টাকা ফিস দিতে হয়,card_lost_new_card_fee
স্মার্ট কার্ড হারানো গেলে নতুন কার্ড পেতে কত টাকা খরচ হবে,card_lost_new_card_fee
স্মার্ট কার্ড হারিয়ে গেলে কত টাকা দিতে হবে নতুন কার্ড পাবার জন্য,card_lost_new_card_fee
হারানো কার্ডের জন্য কত টাকা খরচ হবে,card_lost_new_card_fee
হারানো কার্ডের জন্য কি পরিমান খরচ লাগে,card_lost_new_card_fee
আমার কার্ড খোয়া গেছে এবং কোন তথ্যও নেই,card_lost_no_info_how_to_get_new
আমার কার্ড চুরি গেছে,card_lost_no_info_how_to_get_new
আমার কার্ড মাইর গেছে,card_lost_no_info_how_to_get_new
আমার কার্ড হারিয়ে গেছে,card_lost_no_info_how_to_get_new
এনআইডি  হারিয়ে গেছে,card_lost_no_info_how_to_get_new
কার্ড হারানোর পরে কোন ইনফো নেই,card_lost_no_info_how_to_get_new
কার্ড হারিয়ে গেছে,card_lost_no_info_how_to_get_new
কার্ড হারিয়ে গেছে কিন্তু কোন তথ্য নেই,card_lost_no_info_how_to_get_new
কার্ড হারিয়ে গেছে কোন তথ্যই নেই,card_lost_no_info_how_to_get_new
হারানো অ্যানইডি কার্ডের জন্য কোন তথ্য না থাকলে কি করতে হবে,card_lost_no_info_how_to_get_new
হারানো কার্ডের তথ্য নেই,card_lost_no_info_how_to_get_new
কি পরিমাণ টাকা জমা দিতে হবে রি-ইস্যু করার জন্য,card_reissue_fees
পুনঃ-ইস্যু করার জন্য কত টাকা দিতে হবে,card_reissue_fees
পুনরায়-ইস্যু করার জন্য কত টাকা জমা দিতে হবে,card_reissue_fees
পুনরায়-ইস্যু ফি কত,card_reissue_fees
রি-ইস্যু আবেদন করতে কত টাকা খরচ হবে,card_reissue_fees
রি-ইস্যু আবেদন করতে কত টাকা পরিশোধ করতে হবে,card_reissue_fees
রি-ইস্যু আবেদন করতে কি টাকা লাগে,card_reissue_fees
রি-ইস্যু আবেদন করতে কি ধরনের ফি জমা দিতে হয়,card_reissue_fees
রি-ইস্যু আবেদন করার জন্য কত টাকা দরকার,card_reissue_fees
রি-ইস্যু আবেদন করার জন্য ফি কত,card_reissue_fees
রি-ইস্যু আবেদনে কত টাকা খরচ,card_reissue_fees
রি-ইস্যু আবেদনে কত টাকা লাগবে,card_reissue_fees
রি-ইস্যু করতে কত কস্ট,card_reissue_fees
রি-ইস্যু করতে কত খরচ,card_reissue_fees
রি-ইস্যু করতে কত টাকা জমা দিতে হয়,card_reissue_fees
রি-ইস্যু করতে কত টাকা লাগতে পারে,card_reissue_fees
রি-ইস্যু করতে কত মানি জমা দিতে হবে,card_reissue_fees
রি-ইস্যু করার জন্য কত টাকা জমা দিতে হবে,card_reissue_fees
রি-ইস্যু করার জন্য কত টাকা দিতে হবে,card_reissue_fees
রি-ইস্যু করার ফি কত,card_reissue_fees
রি-ইস্যু ফি কত,card_reissue_fees
রি-ইস্যুর জন্য কত ক্যাশ লাগবে,card_reissue_fees
রি-ইস্যুর জন্য কত টাকা লাগবে,card_reissue_fees
আমার এনআইডি তে ফোন নম্বর পরিবর্তন করতে কি কি লাগে,cell_phone_number_correct_or_add_document_new
আমার জাতীয় পরিচয়পত্রে নতুন ফোন নম্বর যোগ করতে কি কি লাগবে,cell_phone_number_correct_or_add_document_new
আমার ন্যাশনাল আইডি কার্ডে ফোন নম্বর সংশোধন করতে কি নথি দিতে হবে,cell_phone_number_correct_or_add_document_new
আমার ভোটার কার্ডে ফোন নম্বরটা দেওয়া লেখা হয়েছে,cell_phone_number_correct_or_add_document_new
আমার মোবাইল নম্বর আপডেট করতে কি ডকুমেন্টস লাগবে,cell_phone_number_correct_or_add_document_new
আমি আমার এনআইডি তে নতুন ফোন নম্বর যোগ করতে চাই,cell_phone_number_correct_or_add_document_new
আমি যে মোবাইল নম্বরটা ভোটার হিসেবে দিয়েছি সেটা বন্ধ হয়ে গেছে,cell_phone_number_correct_or_add_document_new
কার্ড এ তে টেলিফোন নম্বর আপডেট করার জন্য কি কাগজপত্র লাগে,cell_phone_number_correct_or_add_document_new
কার্ডে ফোন নম্বর আপডেট করার জন্য কি ডকুমেন্টস দরকার,cell_phone_number_correct_or_add_document_new
কার্ডে মোবাইল নম্বর সংযোজনের জন্য কি লাগবে,cell_phone_number_correct_or_add_document_new
কি কি কাগজপত্র লাগবে যাতে আমি আমার জাতীয় পরিচয়পত্রে মোবাইল নম্বর আপডেট করতে পারি,cell_phone_number_correct_or_add_document_new
কোন কাগজপত্র দরকার বাংলাদেশের ন্যাশনাল আইডি কার্ডে ফোন নম্বর সংযোজনের জন্য,cell_phone_number_correct_or_add_document_new
জাতীয় পরিচয়পত্রে মোবাইল নম্বর আপডেট করতে কি কাগজপত্র লাগে,cell_phone_number_correct_or_add_document_new
জাতীয় পরিচয়পত্রে মোবাইল নম্বর পরিবর্তন করতে কি দলিল প্রয়োজন,cell_phone_number_correct_or_add_document_new
জাতীয় পরিচয়পত্রে মোবাইল নম্বর যোগ করার জন্য কোন ধরনের ডকুমেন্টস দিতে হবে,cell_phone_number_correct_or_add_document_new
নতুন ফোন নম্বর যোগ করতে কি কাগজপত্র দিতে হবে,cell_phone_number_correct_or_add_document_new
ফোন এর নম্বর আপডেট করতে কি লাগে,cell_phone_number_correct_or_add_document_new
ফোন নম্বর পরিবর্তন করতে কি কি ডকুমেন্টস লাগবে,cell_phone_number_correct_or_add_document_new
বাংলাদেশের জাতীয় পরিচয়পত্রে ফোন নম্বর আপডেট করতে কি কি কাগজপত্র জমা দিতে হবে,cell_phone_number_correct_or_add_document_new
বাংলাদেশের জাতীয় পরিচয়পত্রের জন্য মোবাইল নম্বর যোগ করতে কোন কাগজপত্র প্রয়োজন,cell_phone_number_correct_or_add_document_new
ভোটার কার্ডে আমার ফোন নম্বর আপডেট করতে চাই,cell_phone_number_correct_or_add_document_new
ভোটার হওয়ার সময় প্রদত্ত জন্ম সনদ নম্বর পরিবর্তন করতে চাই।,cell_phone_number_correct_or_add_document_new
ভোটার হওয়ার সময় প্রদত্ত টিন নম্বর পরিবর্তন করতে চাই।,cell_phone_number_correct_or_add_document_new
ভোটার হওয়ার সময় প্রদত্ত পাসপোর্ট নম্বর পরিবর্তন করতে চাই।,cell_phone_number_correct_or_add_document_new
ভোটার হওয়ার সময় প্রদত্ত পিতা-মাতা-স্বামী-স্ত্রীর এনআইডি নম্বর পরিবর্তন করতে চাই।,cell_phone_number_correct_or_add_document_new
ভোটার হওয়ার সময় প্রদত্ত ফোন নম্বর পরিবর্তন করতে চাই।,cell_phone_number_correct_or_add_document_new
ভোটার হওয়ার সময় প্রদত্ত মোবাইল নম্বর পরিবর্তন করতে চাই।,cell_phone_number_correct_or_add_document_new
ভোটার হওয়ার সময় দেওয়া মোবাইল নম্বরটা লস্ট হয়েছে,cell_phone_number_correct_or_add_document_new
ভোটার হওয়ার সময় প্রদত্ত ফোন নম্বর পরিবর্তন করতে চাই।,cell_phone_number_correct_or_add_document_new
ভোটার হওয়ার সময় প্রদত্ত মোবাইল নম্বর পরিবর্তন করতে চাই।,cell_phone_number_correct_or_add_document_new
ভোটার হওয়ার সময় মোবাইল নম্বরটা দিয়েছিলাম ওয়ান জিরো ফাইভ জিরো ফাইভ নম্বর কাজ করে না,cell_phone_number_correct_or_add_document_new
মোবাইল নম্বর বদলাতে জাতীয় পরিচয়পত্রের জন্য কি সনদ লাগবে,cell_phone_number_correct_or_add_document_new
মোবাইল নম্বর বা ফোন নম্বর সংযোজন বা সংশোধন করতে,cell_phone_number_correct_or_add_document_new
মোবাইল নম্বর সংশোধন করতে কি কিছু লাগবে,cell_phone_number_correct_or_add_document_new
অনেক তথ্য পেলাম,closing_statement
আপনাকে ধন্যবাদ ও শুভকামনা।,closing_statement
আপনার সাথে কথা বলে ভালো লাগলো।,closing_statement
আবার কথা হবে,closing_statement
প্রয়োজনে আবার যোগাযোগ করুন।,closing_statement
যেকোনো প্রয়োজনে পাশে আছি।,closing_statement
সহযোগিতার জন্য ধন্যবাদ।,closing_statement
আমার এনআইডি সংশোধন আবেদনের স্ট্যাটাস কি,correction_application_current_status
আমার সংশোধন আবেদন এর অবস্থা জানতে চাই,correction_application_current_status
আমার সংশোধন আবেদনের স্ট্যাটাস কি জানাবেন,correction_application_current_status
আমার সংশোধনের কি অবস্থা কিছু বলতে পারেন,correction_application_current_status
আমি আমার অ্যানআইডি কার্ডের জন্য সংশোধন আবেদন করেছি,correction_application_current_status
আমি কার্ড এর জন্য সংশোধন আবেদন করেছি,correction_application_current_status
আমি সংশোধন আবেদন করেছি,correction_application_current_status
সংশোধন আবেদন করেছি,correction_application_current_status
সংশোধন আবেদন করেছি কিন্তু কোনো ইনফো নাই,correction_application_current_status
সংশোধন আবেদনের স্টেটাস জানতে চাই,correction_application_current_status
সংশোধনের আবেদন করেছি,correction_application_current_status
সংশোধনের আবেদন করেছি তো,correction_application_current_status
সংশোধনের জন্য আবেদন করেছি,correction_application_current_status
আগের আবেদন বাতিল হয়েছে নতুন করে সংশোধন আবেদন জমা দিতে কি ফি পুনরায় জমা দিতে হবে,correction_application_rejected_need_new_fee
আবেদন বাতিল হওয়ার পর নতুন আবেদনের জন্য পয়সা জমা করতে হবে,correction_application_rejected_need_new_fee
আবেদন বাতিল হয়ে গেছে,correction_application_rejected_need_new_fee
নতুন করে আবেদন করতে গেলে বাতিল হওয়ার পর ফি দিতে হবে কি,correction_application_rejected_need_new_fee
নতুন করে সংশোধন আবেদন করতে চাই,correction_application_rejected_need_new_fee
পূর্বের আবেদন বাতিল হয়েছে,correction_application_rejected_need_new_fee
বাতিল হওয়া সংশোধন আবেদন পুনরায় করার জন্য কি ফি জমা দিতে হবে,correction_application_rejected_need_new_fee
সংশোধন আবেদন করেছিলাম,correction_application_rejected_need_new_fee
সংশোধন আবেদন বাতিল হয়ে গেছে,correction_application_rejected_need_new_fee
সংশোধেন আবেদন করেছিলাম,correction_application_rejected_need_new_fee
কার্ড ঠিক করতে দিছি অনেক দিন আগে,correction_application_status
সংশোধন আবেদন করার পরে কত দিনে জানতে পারবো কি হয়েছে,correction_application_status
সংশোধন আবেদন জমা দেয়ার পর কত দিন পর অবস্থা জানতে পারবো,correction_application_status
সংশোধনের আবেদন করেছি এক্সএক্স দিন আগে,correction_application_status
সংশোধনের জন্য আবেদন করেছি ত্রিশ দিন আগে,correction_application_status
আমার সংশোধন আবেদনের ক্যাটাগরি এখনো কনফার্ম হচ্ছে না,correction_applied_but_no_category
আমি অনেক দিন আগে সংশোধন আবেদন করেছি,correction_applied_but_no_category
এক মাস হয় বা তেরো দিন হলো সংশোধন আবেদন করেছি,correction_applied_but_no_category
সংশোধনের আবেদন অনেক দিন আগে জমা দিয়েছি,correction_applied_but_no_category
সংশোধনের জন্য অনেক দিন আগে আবেদন করেছি,correction_applied_but_no_category
সংশোধনের জন্য আবেদন দিয়েছি,correction_applied_but_no_category
আবেদন জমা দিয়েছি কিন্তু এখন বুঝতে পারছি আরো কিছু কারেকশন দরকার,correction_applied_more_correction_needed
আবেদন সাবমিট করে ফেলেছি,correction_applied_more_correction_needed
আমার এনআইডি সংশোধনের জন্য আবেদন দিয়েছি,correction_applied_more_correction_needed
আমার নতুন এনআইডি কার্ডের জন্য আবেদন করেছি,correction_applied_more_correction_needed
আমি আবেদন জমা দিয়েছি,correction_applied_more_correction_needed
আমি সংশোধনের জন্য আবেদন করেছি,correction_applied_more_correction_needed
এনআইডি কার্ড এ তথ্য ভুল সংশোধন আবেদন জমা দেয়ার পর যদি আরো কিছু সংশোধন করা প্রয়োজন হয়,correction_applied_more_correction_needed
এপ্লিকেশন জমা দিয়ে দিয়েছি,correction_applied_more_correction_needed
সংশোধন আবেদন সাবমিট করার পর দেখলাম আরো কিছু তথ্য সংশোধন করা প্রয়োজন,correction_applied_more_correction_needed
সংশোধনের আবেদন সাবমিট করার পর দেখতে পাচ্ছি আরও কিছু তথ্য সংশোধন করা প্রয়োজন,correction_applied_more_correction_needed
আইডি কার্ড সংশোধনের টাকা কিভাবে জমা দেবো,correction_fee_payment
এনআইডি কার্ড সংশোধন করার জন্য টাকা জমা দেওয়ার নিয়ম কি,correction_fee_payment
এনআইডি সংশোধনের ফি জমা দেওয়ার নিয়ম কি,correction_fee_payment
সংশোধন আবেদনের জন্য টাকা জমা দেওয়ার পদ্ধতি কি কি,correction_fee_payment
সংশোধন আবেদনের জন্য পেমেন্ট জমা দেওয়ার পদ্ধতি কি কি,correction_fee_payment
সংশোধনের জন্য কিভাবে টাকা জমা দিতে হয়,correction_fee_payment
সংশোধনের জন্য টাকা জমা দেয়ার পদ্ধতি কি,correction_fee_payment
সংশোধনের জন্য ফি জমা করার উপায় কি,correction_fee_payment
আমি ফি জমা দিয়েছি কিন্তু ওয়ালেট এপ্লিকেশন এ কিছুই এড হয় নাই দেখাচ্ছে,correction_fee_submitted_but_balance_zero
এনআইডি কার্ড সংশোধনের জন্য টাকা জমা দিয়েছি,correction_fee_submitted_but_balance_zero
এনআইডি সংশোধনের জন্য ফি জমা করেছি এপ এ কিন্তু ব্যালেন্সে শূন্য দেখাচ্ছে,correction_fee_submitted_but_balance_zero
টাকা জমা দেওয়ার পর ওয়ালেট এ জমার পরিমাণ শূন্য দেখাচ্ছে,correction_fee_submitted_but_balance_zero
সংশোধনের জন্য টাকা জমা দিয়েছি,correction_fee_submitted_but_balance_zero
সংশোধনের জন্য টাকা জমা হলেও ওয়ালেট এ শূন্য দেখছি,correction_fee_submitted_but_balance_zero
আমি মেসেজ পেয়েছি যে তথ্য যে সংশোধন দিয়েছিলাম তা হয়ে গেছে কিন্তু কার্ড আপডেট হচ্ছে না,correction_messages_but_no_update_in_card_no_approve
আমি সংশোধনের মেসেজ পেয়েছি কিন্তু কার্ডে তথ্য আপডেট হয়নি,correction_messages_but_no_update_in_card_no_approve
এসএমএস আসেছে যে তথ্য সংশোধন হয়ে গেছে কিন্তু কার্ডে তথ্য আপডেট হয়নি,correction_messages_but_no_update_in_card_no_approve
সংশোধনের পর নতুন তথ্য কার্ডে আসেনি,correction_messages_but_no_update_in_card_no_approve
সংশোধনের মেসেজ পেয়েছি,correction_messages_but_no_update_in_card_no_approve
সংশোধনের মেসেজ পেয়েছি কিন্তু কার্ড আপডেট না,correction_messages_but_no_update_in_card_no_approve
সংশোধনের মেসেজ পেয়েছি কিন্তু সংশোধিত তথ্য কার্ডে আসে নাই,correction_messages_but_no_update_in_card_no_approve
আবেদন স্লিপ হারিয়ে ফেললে কার্ড সংশোধন হবে কি না,correction_slip_lost_can_get_card
আমার সংশোধন আবেদন কাগজ হারিয়ে গেছে,correction_slip_lost_can_get_card
আমি সংশোধন আবেদন স্লিপ হারিয়ে ফেলেছি,correction_slip_lost_can_get_card
কারেকশন এর জন্য আবেদন স্লিপ হারানো গেলে,correction_slip_lost_can_get_card
কার্ড সংশোধন আবেদন ফর্ম হারানোর পর কি করণীয়,correction_slip_lost_can_get_card
সংশোধন আবেদন স্লিপ হারিয়ে ফেললে কি পুনরায় আবেদন করতে হবে,correction_slip_lost_can_get_card
সংশোধন আবেদন স্লিপ হারিয়ে ফেললে কি হবে,correction_slip_lost_can_get_card
সংশোধনের আবেদন স্লিপ হারিয়ে ফেলেছি,correction_slip_lost_can_get_card
সংশোধনের কাগজ হারিয়ে ফেললে কি করতে হবে,correction_slip_lost_can_get_card
সংশোধনের জন্য আবেদন স্লিপ হারালে কি হবে,correction_slip_lost_can_get_card
সংশোধনের জন্য আবেদন স্লিপ হারিয়ে গেলে কার্ড পাওয়ার কি প্রক্রিয়া লাগবে,correction_slip_lost_can_get_card
সংশোধনের জন্য স্লিপ হারানো গেলে কি সংশোধন পাওয়া যাবে,correction_slip_lost_can_get_card
আমার পিতা বা স্ত্রী বা মাতা মারা গেছে তাহলে সেই ব্যক্তির তথ্য কিভাবে আপডেট করবো,dead_people_id_card_update
আমার বাবা বা পিতা বা মাতা বা মা বা স্ত্রী এইরকম ব্যক্তির আইডি সংশোধনের জন্য কোন পদ্ধতি অনুসরণ করতে হবে,dead_people_id_card_update
এনআইডি কার্ডে মারা ব্যক্তির নাম সংশোধনের জন্য কী কী করতে হবে,dead_people_id_card_update
কিভাবে মৃত ব্যক্তির আইডি কার্ডের তথ্য সংশোধন করব,dead_people_id_card_update
কেউ মারা গেলে তার আইডি সংশোধনের জন্য কোন পদ্ধতি অনুসরণ করতে হবে,dead_people_id_card_update
কেউ মারা গেলে সেই ব্যক্তির এনআইডি কার্ড সংশোধনের জন্য কি কাগজপত্র লাগবে,dead_people_id_card_update
মারা যাওয়া ব্যক্তির এনআইডি কার্ডের তথ্য সংশোধন কিভাবে করা যাবে,dead_people_id_card_update
মৃত ব্যক্তির আইডি কার্ড সংশোধন করতে কি করণীয়,dead_people_id_card_update
মৃত ব্যক্তির আইডিকার্ড সংশোধন করতে কি করণীয়,dead_people_id_card_update
মৃতের আইডি কার্ড সংশোধনের প্রক্রিয়া কি,dead_people_id_card_update
আপনার উত্তর কোথায়,delayed_question_prompt
আপনি কিছু বলবেন না,delayed_question_prompt
আপনি তো কিছু বললেন না,delayed_question_prompt
আমার প্রশ্নটা ঠিক মনে নেই,delayed_question_prompt
আমার মনে পড়ছে না,delayed_question_prompt
আমি নিশ্চিত না,delayed_question_prompt
বলছেন না কেন,delayed_question_prompt
শুধু দেখে নিচ্ছি,delayed_question_prompt
একাধিক বার ভোটার হয়ে যাওয়ার পর কি করতে হবে,double_voter_registration_issue
কোন কারণে দুইবার ভোটার হয়ে গেছে,double_voter_registration_issue
দুইবার ভোটার নিবন্ধন করে ফেললাম,double_voter_registration_issue
দ্বিতীয়বার ভোটার নিবন্ধন হয়ে গেছে,double_voter_registration_issue
দ্বিতীয়বার ভোটার নিবন্ধনের পর কি করার প্রয়োজন,double_voter_registration_issue
দ্বিতীয়বার ভোটার নিবন্ধিত হয়ে গেছে। কীভাবে ঠিক করবো,double_voter_registration_issue
ভুল করে আবার ভোটার হয়ে গেছে,double_voter_registration_issue
ভুল করে দুইবার ভোটার নিবন্ধন হয়ে গেছে,double_voter_registration_issue
ভুল করে ভোটার হওয়া পর কি সমাধান করতে হবে,double_voter_registration_issue
ভুল করে ভোটার হয়েছে,double_voter_registration_issue
ভুল করে ২য় বার ভোটার হয়েছি। জানতে পারলাম ম্যাচ ফাউন্ড. এখন কি করনীয়,double_voter_registration_issue
ভুল নিবন্ধনের কারণে কি ব্যবস্থা নিতে হবে,double_voter_registration_issue
ভোটার নিবন্ধন ভুল হলে এখন কি করণীয়,double_voter_registration_issue
ভোটার নিবন্ধন ভুল হলে কি করতে হবে,double_voter_registration_issue
ম্যাচ ফাউন্ড দেখতে পেয়েছি,double_voter_registration_issue
ম্যাচ ফাউন্ড দেখানোর পর আমি কি করণীয়,double_voter_registration_issue
এনআইডি করতে কোন কোন দেশের জন্য দ্বৈত নাগরিকত্ব লাগবে না,dual_citizenship_certificate_of_which_countires_not_required_for_nid
এনআইডি কার্ড পেতে কোন কোন দেশের জন্য দ্বৈত নাগরিকত্ব সনদের প্রয়োজন হয় না,dual_citizenship_certificate_of_which_countires_not_required_for_nid
এনআইডি কার্ড বানানোর সময় দ্বৈত নাগরিকত্বের প্রয়োজন আছে কি,dual_citizenship_certificate_of_which_countires_not_required_for_nid
এনআইডি কার্ডের জন্য কোন দেশের ক্ষেত্রে দ্বৈত নাগরিকত্ব প্রয়োজন হয় না,dual_citizenship_certificate_of_which_countires_not_required_for_nid
এনআইডি পেতে কোন দেশের নাগরিকদের দ্বৈত নাগরিকত্ব সনদ লাগবে না,dual_citizenship_certificate_of_which_countires_not_required_for_nid
কোন কোন দেশের নাগরিকরা দ্বৈত নাগরিকত্ব ছাড়াই এনআইডি করতে পারবেন,dual_citizenship_certificate_of_which_countires_not_required_for_nid
কোন দেশের নাগরিকরা দ্বৈত নাগরিকত্ব ছাড়া এনআইডি পেতে পারেন,dual_citizenship_certificate_of_which_countires_not_required_for_nid
দ্বৈত নাগরিকত্ব ছাড়াই এনআইডি কার্ড পেতে কাদের সুযোগ আছে,dual_citizenship_certificate_of_which_countires_not_required_for_nid
আমার আসল শিক্ষাগত যোগ্যতা কম,educational_qualification_correction
আমার কার্ডে ভুল করে শিক্ষাগত যোগ্যতা বেশি দেখানো হয়েছে। এটা কিভাবে পরিবর্তন করবো,educational_qualification_correction
আমার শিক্ষাগত যোগ্যতা সঠিক নয়,educational_qualification_correction
আমি আসলে ফেল করেছি,educational_qualification_correction
আমি এসএসসি তে ফেল করছিলাম,educational_qualification_correction
আমি এসএসসি পাশ করিনি,educational_qualification_correction
আমি তো এসএসসি পাশ করিনি,educational_qualification_correction
আমি পাশ না করেও অজ্ঞতাবশতঃ শিক্ষাগত যোগ্যতা এসএসসি বা তদুর্দ্ধ লিখেছিলাম এখন আমার বয়স বা অন্যান্য তথ্যাদি সংশোধনের উপায় কি,educational_qualification_correction
আমি ভুল করে বেশি শিক্ষাগত যোগ্যতা দেখিয়েছি,educational_qualification_correction
আমি ভুল করে শিক্ষাগত যোগ্যতা বেশি দেখিয়েছি,educational_qualification_correction
এসএসসি না পাশ করেই আমি শিক্ষাগত যোগ্যতা হিসেবে এসএসসি দেখিয়েছি,educational_qualification_correction
কার্ডে আমার শিক্ষাগত যোগ্যতা ভুল আছে,educational_qualification_correction
কিভাবে আমার পরিচয়পত্রে শিক্ষাগত যোগ্যতা সংশোধন করতে পারি যেটা ভুলক্রমে বেশি দেখানো হয়েছে,educational_qualification_correction
পাশ না করেই আমি আমার কার্ডে বেশি শিক্ষাগত যোগ্যতা দিয়েছি,educational_qualification_correction
পাশ না করেও আমার কার্ডে এসএসসি বা তদুর্ধ্ব শিক্ষাগত যোগ্যতা দেখানো হয়েছে,educational_qualification_correction
ভুল করে আমার শিক্ষাগত যোগ্যতা বেশি দেখিয়েছি,educational_qualification_correction
ভুলক্রমে কার্ডে আমার শিক্ষাগত যোগ্যতা বেশি দিয়েছি। এটা ঠিক করতে হলে কিভাবে আবেদন করবো,educational_qualification_correction
ভুলবশতঃ আমার শিক্ষাগত যোগ্যতা এসএসসি বা তার বেশি দেখা যাচ্ছে,educational_qualification_correction
শিক্ষাগত যোগ্যতা ভুল দেখানো হয়েছে আমার কার্ডে,educational_qualification_correction
শিক্ষাগত যোগ্যতা সঠিক না থাকার কারণে পরিচয়পত্রে সমস্যা হয়েছে,educational_qualification_correction
অনলাইনে একাউন্ট এখনো লক দেখায়,eight_hours_time_up
অনলাইনে একাউন্ট ঠিক হতে কত সময় লাগে,eight_hours_time_up
অনলাইনে এখনো লক দেখাচ্ছে,eight_hours_time_up
আইডি লক হয়ে গেছে,eight_hours_time_up
আট ঘন্টা পর আবার রেজিষ্ট্রেশন করার চেষ্টা করছি কিন্তু একাউন্ট এখনও লক দেখাচ্ছে,eight_hours_time_up
আট ঘন্টা পর পুনরায় রেজিষ্ট্রেশন করার চেষ্টা করছি কিন্তু একাউন্ট এখনও লক দেখাচ্ছে,eight_hours_time_up
আটঘণ্টা পরেও ওয়েব পোর্টালে আমার আইডি লক ই দেখাচ্ছে,eight_hours_time_up
আমার আইডি লক এর আট ঘন্টা পরে রেজিস্ট্রেশন করতে গেছি কিন্তু এখনও লক দেখাচ্ছে,eight_hours_time_up
একবার একাউন্ট লক হওয়ার পর পুনরায় সঠিক তথ্য দিলেও একাউন্ট লক দেখাচ্ছে,eight_hours_time_up
একবার লক হয়ে একাউন্ট কত ঘন্টা পর খুলে,eight_hours_time_up
একাউন্ট একবার লক হবার আট ঘন্টা পরেও লক ই আসতেছে সমাধান কি,eight_hours_time_up
একাউন্ট বারবার লক দেখাচ্ছে আমার তথ্য ঠিক আছে কিনা চেক করে দিতে পারবেন,eight_hours_time_up
একাউন্ট বারবার লক দেখাচ্ছে তথ্য ঠিক আছে কিনা কিভাবে বুঝবো,eight_hours_time_up
একাউন্ট লক হওয়ার পর আট ঘণ্টা অপেক্ষা করেও সমাধান হচ্ছে না,eight_hours_time_up
একাউন্ট লক হবার পর ঠিক তথ্য দিলেও লগইন হচ্ছে না,eight_hours_time_up
একাউন্ট লক হয়ে গেছে আট ঘণ্টা অপেক্ষা করার পরেও,eight_hours_time_up
একাউন্ট লক হয়েছে আট ঘন্টা হয়ে গেছে,eight_hours_time_up
এখনো একাউন্ট লক হয়ে আছে,eight_hours_time_up
এনআইডি একাউন্ট এখনো লক দেখায়,eight_hours_time_up
কিছু ভুল ইনফো দিয়েছিলাম একাউন্ট লক হয়ে গেছিল এখন আট ঘন্টা পরেও এইটা খুলতেছে না কি করবো,eight_hours_time_up
লক একাউন্ট এর জন্য যে টাইম লিমিট দিছিল তার পরেও একাউন্ট খোলানো যাচ্ছে না,eight_hours_time_up
অ্যাপে ওয়ালেট এ ফেস ভেরিফিকেশন শেষ হলেও পরবর্তী ধাপ আসতেছে না।,face_verification_no_next_option
আমি ফেস এর ভেরিফিকেশন সফলভাবে করেছি,face_verification_no_next_option
আমি মুখ এর ভেরিফিকেশন ওয়ালেট অ্যাপ্লিকেশন এ শেষ করেছি,face_verification_no_next_option
এনআইডি ওয়ালেট এ ফেস ভেরিফিকেশন সম্পন্ন হয়েছে,face_verification_no_next_option
এনআইডি ওয়ালেট এপ এ ফেস ভেরিফিকেশন সম্পন্ন হয়েছে,face_verification_no_next_option
পরবর্তী ধাপে যেতে পারছি না,face_verification_no_next_option
ফেস এর ভেরিফাই করার পরও অ্যাপে পরবর্তী অপশন আসছে না,face_verification_no_next_option
ফেস ভেরিফাই হয়ে গেছে,face_verification_no_next_option
ফেস ভেরিফিকেশন কমপ্লিট করার পরেও নেক্সট ধাপ লোড হচ্ছে না,face_verification_no_next_option
ফেস ভেরিফিকেশন শেষ হবার পর আটায় আছে,face_verification_no_next_option
আজকের মধ্যেই কার্ড পাওয়ার কোন ব্যবস্থা রয়েছে,faster_voter_registration
আজকের মাঝেই কার্ড পাওয়ার কোন ব্যবস্থা রয়েছে,faster_voter_registration
আমি আজকে মাঝেই ভোটার হতে চাচ্ছি কি করব,faster_voter_registration
আমি চব্বিশ ঘন্টার মাঝেই কিভাবে ভোটার হতে পারব,faster_voter_registration
তাড়াতাড়ি ভোটার হওয়ার জন্য কি কোন ব্যবস্থা রয়েছে,faster_voter_registration
তাড়াতাড়ি ভোটার হওয়ার জন্য কি কোন ব্যবস্থা রয়েছে,faster_voter_registration
দ্রুত ভোটার হওয়ার জন্য কোন ব্যবস্থা আছে,faster_voter_registration
দ্রুত ভোটার হওয়ার জন্য কোন ব্যবস্থা আছে,faster_voter_registration
দ্রুত ভোটার হয়ে কার্ড পাওয়ার কোন ব্যবস্থা রয়েছে,faster_voter_registration
দ্রুত ভোটার হয়ে কার্ড পাওয়ার কোন ব্যবস্থা রয়েছে,faster_voter_registration
নতুন ভোটার হওয়ার জন্য কোন কুইক ওয়ে আছে,faster_voter_registration
ভোটার কার্ড দ্রুত পাবো কি করে,faster_voter_registration
ভোটার হওয়ার জন্য কি কোন শর্টকাট আছে,faster_voter_registration
ভোটার হওয়ার জন্য দ্রুততার কোন ব্যবস্থা আছে,faster_voter_registration
ভোটার হওয়ার প্রক্রিয়া দ্রুততর করার কোনো উপায় আছে,faster_voter_registration
ভোটার হওয়ার জন্য দ্রুততার কোন ব্যবস্থা আছে,faster_voter_registration
ভোটার হওয়ার প্রক্রিয়া দ্রুততর করার কোনো উপায় আছে,faster_voter_registration
আমার অ্যাড্রেস ও আব্বুর অ্যাড্রেস আলাদা তো ভোটার হবো কেমন করে,father_and_my_adress_different
আমার অ্যাড্রেস ও আমার বাবার অ্যাড্রেস আলাদা তো ভোটার হবো কেমন করে,father_and_my_adress_different
আমার আব্বার ভোটার রেজিস্ট্রেশন এ ঠিকানা চাঁদপুর আমার ঢাকা দিতে চাচ্ছি,father_and_my_adress_different
আমার আব্বুর ঠিকানা আর আমার ঠিকানা ভিন্ন,father_and_my_adress_different
আমার ঠিকানা আর পিতার ঠিকানা আলাদা হলে ভোটার হবো কি ভাবে,father_and_my_adress_different
আমার ঠিকানা এবং আব্বার ঠিকানা ভিন্ন হলে ভোটার হতে কি কোনো সমস্যা হবে,father_and_my_adress_different
আমার ঠিকানা এবং পিতার ঠিকানা ভিন্ন হলে ভোটার হতে কি কোনো সমস্যা হবে,father_and_my_adress_different
আমার বাড়ির ঠিকানা এবং পিতার বাড়ির ঠিকানা ভিন্ন,father_and_my_adress_different
আমি এবং আমার বাবার ঠিকানা আলাদা,father_and_my_adress_different
পিতার ঠিকানা আমার থেকে আলাদা,father_and_my_adress_different
পিতার ঠিকানা আর আমার ঠিকানা ভিন্ন,father_and_my_adress_different
পিতার ঠিকানা আলাদা,father_and_my_adress_different
বাবার ঠিকানা ও আমার ঠিকানা আলাদা,father_and_my_adress_different
অ্যাডজুডিকেশন পেন্ডিং অবস্থায় আছি,finderprint_adjudication_pending
আজকাল ফিঙ্গারপ্রিন্ট আপডেট করেও পেন্ডিং,finderprint_adjudication_pending
আপডেট করে দিয়েছি ফিঙ্গারপ্রিন্ট কিন্তু এখনো পেন্ডিং,finderprint_adjudication_pending
ফিঙ্গারপ্রিন্ট আপডেট করতে অনেক দিন হয়েছে,finderprint_adjudication_pending
ফিঙ্গারপ্রিন্ট আপডেট করতে দিয়ে ধীর্ঘদিন হলো কিন্তু এখনো হচ্ছে না বা অ্যাডজুডিকেশন পেন্ডিং অবস্থায় আছে। কি করণীয়,finderprint_adjudication_pending
ফিঙ্গারপ্রিন্ট আপডেট করতে দিয়ে ধীর্ঘদিন হলো কিন্তু এখনো হচ্ছে না বা অ্যাডজুডিকেশন পেন্ডিং অবস্থায় আছে। কি করনীয়,finderprint_adjudication_pending
ফিঙ্গারপ্রিন্ট আপডেট করার পরেও অ্যাডজুডিকেশন পেন্ডিং,finderprint_adjudication_pending
ফিঙ্গারপ্রিন্ট আপডেট করে এখনো অ্যাডজুডিকেশন পেন্ডিং,finderprint_adjudication_pending
ফিঙ্গারপ্রিন্ট আপডেট করে কাজ হচ্ছে না,finderprint_adjudication_pending
ফিঙ্গারপ্রিন্ট আপডেট করে কিন্তু কাজ এগোচ্ছে না,finderprint_adjudication_pending
ফিঙ্গারপ্রিন্ট আপডেট করে কিন্তু কোনো আপডেট নেই,finderprint_adjudication_pending
ফিঙ্গারপ্রিন্ট আপডেট করে দিন কতক গেছে,finderprint_adjudication_pending
ফিঙ্গারপ্রিন্ট আপডেট করে বহুদিন হয়ে গেছে,finderprint_adjudication_pending
ফিঙ্গারপ্রিন্ট আপডেট করে বার বার পেন্ডিং দেখাচ্ছে,finderprint_adjudication_pending
ফিঙ্গারপ্রিন্ট আপডেট করেও পেন্ডিং অবস্থায় আছি,finderprint_adjudication_pending
ফিঙ্গারপ্রিন্ট আপডেট হয়ে এখনো পেন্ডিং অবস্থায় আছ,finderprint_adjudication_pending
ফিঙ্গারপ্রিন্ট আপডেটের পরও অ্যাডজুডিকেশন পেন্ডিং রয়েছে। কি করা উচিত,finderprint_adjudication_pending
ফিঙ্গারপ্রিন্ট আপডেটের পরেও অবস্থা অপরিবর্তিত,finderprint_adjudication_pending
ফিঙ্গারপ্রিন্ট আপডেটের পরেও কিছু হচ্ছে না। কি করণীয়,finderprint_adjudication_pending
ফিঙ্গারপ্রিন্ট আপডেটের পরেও কেনো পেন্ডিং,finderprint_adjudication_pending
ফিঙ্গারপ্রিন্ট আপডেটের পরেও কেনো পেন্ডিং আছে,finderprint_adjudication_pending
ফিঙ্গারপ্রিন্ট দিলে আমার মোবাইলের সিমে তথ্য আসেনা,fingerprint_error_info_not_found
ফিঙ্গারপ্রিন্ট দিলে তথ্য আনতে সমস্যা হচ্ছে,fingerprint_error_info_not_found
ফিঙ্গারপ্রিন্ট দিয়ে একাউন্ট ভেরিফাই করতে সমস্যা হচ্ছে,fingerprint_error_info_not_found
ফিঙ্গারপ্রিন্ট দিয়ে তথ্য আসছে না,fingerprint_error_info_not_found
ফিঙ্গারপ্রিন্ট দিয়ে তথ্য খুঁজতে সমস্যা হচ্ছে,fingerprint_error_info_not_found
ফিঙ্গারপ্রিন্ট দিয়ে তথ্য পাওয়া যাচ্ছে না,fingerprint_error_info_not_found
ফিঙ্গারপ্রিন্ট দিয়ে তথ্য যাচাইয়ের সময় সমস্যা হচ্ছে,fingerprint_error_info_not_found
ফিঙ্গারপ্রিন্ট দিয়ে সিম কিনতে সমস্যা হচ্ছে,fingerprint_error_info_not_found
ফিঙ্গারপ্রিন্ট দিয়ে সিম বা অন্যান্য ক্ষেত্রে তথ্য আসছে না। কি করা উচিত,fingerprint_error_info_not_found
ফিঙ্গারপ্রিন্ট দিয়ে সিম বা একাউন্ট ভেরিফাই করতে সমস্যা হলে কি করণীয়,fingerprint_error_info_not_found
ফিঙ্গারপ্রিন্ট দেওয়ার পরও সিমে তথ্য না আসলে কি করতে হবে,fingerprint_error_info_not_found
ফিঙ্গারপ্রিন্ট দেয়া সত্ত্বেও তথ্য না আসলে কি করণীয়,fingerprint_error_info_not_found
ফিঙ্গারপ্রিন্টের সমস্যা হলে কি সমাধান করা যায়,fingerprint_error_info_not_found
মোবাইলের সিম বা অন্যান্য ক্ষেত্রে ফিঙ্গারপ্রিন্ট দিলে আমার তথ্য আসেনা। কি করনীয়,fingerprint_error_info_not_found
অনলাইনে আবেদনের ফর্ম প্রিন্ট করার সময় ফন্টে গন্ডগোল হচ্ছে,font_problem_in_new_voter_registration_form
অনলাইনে ভোটার নিবন্ধনের ফর্ম প্রিন্ট করার পর ফন্টে সমস্যা হচ্ছে,font_problem_in_new_voter_registration_form
আমি অনলাইনে নতুন ভোটারের জন্য আবেদন করেছি,font_problem_in_new_voter_registration_form
আমি নতুন ভোটারের ফর্ম প্রিন্ট করতে গিয়ে ফন্ট ভেঙ্গে যাচ্ছে,font_problem_in_new_voter_registration_form
নতুন ভোটার নিবন্ধন ফর্ম প্রিন্ট করার পর ফন্ট সমস্যা হলে কি করবো,font_problem_in_new_voter_registration_form
নতুন ভোটার নিবন্ধনের জন্য ফর্মটা প্রিন্ট করলে ফন্ট ভাঙছে,font_problem_in_new_voter_registration_form
নতুন ভোটারের জন্য অনলাইনে আবেদন করেছি কিন্তু ফর্মটি প্রিন্ট করলে ফন্ট ভেঙ্গে যাচ্ছে। কি করণীয়,font_problem_in_new_voter_registration_form
নতুন ভোটারের জন্য ফর্ম প্রিন্ট করতে গেলে ফন্ট ভাঙছে,font_problem_in_new_voter_registration_form
নতুন ভোটারের জন্য ফর্ম প্রিন্ট করে ফন্ট ভেঙ্গে যাচ্ছে,font_problem_in_new_voter_registration_form
নতুন ভোটারের ফর্ম প্রিন্ট করতে গিয়ে ফন্ট ভেঙ্গে যাচ্ছে,font_problem_in_new_voter_registration_form
ফর্ম ডাউনলোড করে প্রিন্ট করেছি কিন্তু ফন্টে সমস্যা দেখছি,font_problem_in_new_voter_registration_form
ফর্মটি প্রিন্ট করার সময় ফন্টের সমস্যা হচ্ছে,font_problem_in_new_voter_registration_form
আমার জাতীয় পরিচয়পত্রের জন্য বায়োমেট্রিক দিয়েছি কিন্তু এখন কি করণীয়,foreign_resident_action_after_biometrics_new
আমার বায়োমেট্রিক জমা দেওয়া হয়েছে কানাডার দূতাবাসে,foreign_resident_action_after_biometrics_new
আমি অস্ট্রেলিয়ার হাইকমিশনে বায়োমেট্রিক দিয়েছি,foreign_resident_action_after_biometrics_new
আমি আমার কার্ডের জন্য বায়োমেট্রিক সাবমিট করেছি,foreign_resident_action_after_biometrics_new
আমি আমার জাতীয় পরিচয়পত্রের জন্য বায়োমেট্রিক দিয়েছি,foreign_resident_action_after_biometrics_new
আমি আমার বায়োমেট্রিক তথ্য দূতাবাসে দিয়েছি,foreign_resident_action_after_biometrics_new
আমি আমেরিকার দূতাবাসে বায়োমেট্রিক দিয়েছি,foreign_resident_action_after_biometrics_new
আমি ইতিমধ্যে ফ্রান্সের দূতাবাসে বায়োমেট্রিক তথ্য জমা দিয়েছি,foreign_resident_action_after_biometrics_new
আমি এনআইডি কার্ডের জন্য বায়োমেট্রিক দিয়েছি,foreign_resident_action_after_biometrics_new
আমি কনস্যুলেটে বায়োমেট্রিক জমা দিয়েছি,foreign_resident_action_after_biometrics_new
আমি কার্ডের জন্য বায়োমেট্রিক দিয়েছি,foreign_resident_action_after_biometrics_new
আমি জার্মানির দূতাবাসে বায়োমেট্রিক দিয়েছি,foreign_resident_action_after_biometrics_new
আমি মালয়েশিয়ার কনস্যুলেটে বায়োমেট্রিক দিয়েছি,foreign_resident_action_after_biometrics_new
আমি লন্ডনের হাইকমিশনে বায়োমেট্রিক প্রদান করেছি,foreign_resident_action_after_biometrics_new
আমি সিঙ্গাপুরের হাইকমিশনে বায়োমেট্রিক সাবমিশন করেছি,foreign_resident_action_after_biometrics_new
এম্বাসীতে বায়োমেট্রিক প্রদান করেছি,foreign_resident_action_after_biometrics_new
কার্ডের জন্য বায়োমেট্রিক দিয়েছি কিন্তু এখন কি করতে হবে,foreign_resident_action_after_biometrics_new
দূতাবাসে বায়োমেট্রিক প্রদান করেছি,foreign_resident_action_after_biometrics_new
বাংলাদেশের এনআইডি কার্ডের জন্য বায়োমেট্রিক দিয়েছি এখন কি করবো,foreign_resident_action_after_biometrics_new
আমি এম্বাসিতে আবেদন দিয়েছি,foreign_resident_card_collection
আমি কানাডার দূতাবাসে এনআইডি নিবন্ধনের জন্য আবেদন করেছি। স্মার্ট কার্ড পাবো কোথা থেকে,foreign_resident_card_collection
আমি দূতাবাসে আবেদন করেছি,foreign_resident_card_collection
এম্বাসিতে আবেদন দেওয়ার পর স্মার্ট কার্ড পাবো কীভাবে,foreign_resident_card_collection
এম্বাসিতে প্রবাসী এনআইডি নিবন্ধনের আবেদন করার পর স্মার্ট কার্ড পাবো কি করে,foreign_resident_card_collection
এম্বাসীতে আবেদন করার পর স্মার্ট কার্ড সংগ্রহের প্রক্রিয়া কী,foreign_resident_card_collection
এম্বাসীতে আবেদন দেওয়ার পর স্মার্ট কার্ড কিভাবে সংগ্রহ করা যাবে,foreign_resident_card_collection
এম্বাসীতে প্রবাসী এনআইডি নিবন্ধনের আবেদন করার পর স্মার্ট কার্ড পেতে কি পদক্ষেপ নিতে হবে,foreign_resident_card_collection
দূতাবাসে আবেদন করার পর স্মার্ট কার্ড সংগ্রহের প্রক্রিয়া কী,foreign_resident_card_collection
দূতাবাসে আবেদন দিয়েছি তো,foreign_resident_card_collection
দূতাবাসে আবেদন দেওয়ার পর স্মার্ট কার্ড কিভাবে সংগ্রহ করা যাবে,foreign_resident_card_collection
দূতাবাসে প্রবাসী এনআইডি নিবন্ধনের আবেদন করার পর স্মার্ট কার্ড পেতে কি পদক্ষেপ নিতে হবে,foreign_resident_card_collection
প্রবাসী এনআইডি নিবন্ধন করলেও আমি কোথা থেকে স্মার্ট কার্ড পাবো,foreign_resident_card_collection
প্রবাসী এনআইডি নিবন্ধন করলেও স্মার্ট কার্ড কোথা থেকে পাবো,foreign_resident_card_collection
প্রবাসী এনআইডি নিবন্ধন শেষ করার পর স্মার্ট কার্ড কিভাবে পাবো,foreign_resident_card_collection
প্রবাসী এনআইডি নিবন্ধন শেষে স্মার্ট কার্ড কিভাবে পাওয়া যাবে,foreign_resident_card_collection
প্রবাসী এনআইডি নিবন্ধনের জন্য দূতাবাসে আবেদন করেছি তো স্মার্ট কার্ড কি পদক্ষেপে পাবো,foreign_resident_card_collection
প্রবাসী এনআইডি নিবন্ধনের পর স্মার্ট কার্ড কিভাবে পাবো,foreign_resident_card_collection
প্রবাসী এনআইডি বা ভোটার নিবন্ধনের জন্য আমি আমেরিকার এম্বাসিতে আবেদন করেছি। স্মার্ট কার্ড কিভাবে পাবো,foreign_resident_card_collection
প্রবাসী এনআইডি বা ভোটার নিবন্ধনের জন্য এম্বাসীতে আবেদন করেছি। স্মার্ট কার্ড কীভাবে পাবো,foreign_resident_card_collection
প্রবাসী এনআইডি বা ভোটার নিবন্ধনের জন্য দূতাবাসে আবেদন করেছি। স্মার্ট কার্ড কীভাবে পাবো,foreign_resident_card_collection
প্রবাসী হিসেবে এনআইডি নিবন্ধন করেছি তো স্মার্ট কার্ড পাবো কোথায়,foreign_resident_card_collection
আমার কার্ডের জন্য বিদেশ থেকে আবেদন করা হয়েছে,foreign_resident_card_picture_done__inquery_done_no_msg_new
আমার জাতীয় পরিচয়পত্রের জন্য প্রবাসে ফটো নিয়েছিলাম,foreign_resident_card_picture_done__inquery_done_no_msg_new
আমার জাতীয় পরিচয়পত্রের জন্য বিদেশে ছবি তুলেছিলাম,foreign_resident_card_picture_done__inquery_done_no_msg_new
আমি প্রবাস থেকে এনআইডি কার্ডের জন্য আবেদন করেছি,foreign_resident_card_picture_done__inquery_done_no_msg_new
আমি প্রবাসে ছবি তুলেছিলাম,foreign_resident_card_picture_done__inquery_done_no_msg_new
আমি প্রবাসে থাকি এবং এনআইডি কার্ডের জন্য আবেদন করেছি; উপজেলা থেকে অনুমোদন পেয়েছি,foreign_resident_card_picture_done__inquery_done_no_msg_new
আমি বিদেশ থেকে আমার জাতীয় পরিচয়পত্রের ছবি পাঠিয়েছিলাম,foreign_resident_card_picture_done__inquery_done_no_msg_new
আমি বিদেশ থেকে এনআইডি কার্ডের জন্য আবেদন করেছি,foreign_resident_card_picture_done__inquery_done_no_msg_new
আমি বিদেশে ছবি তুলেছিলাম আমার জাতীয় পরিচয়পত্রের জন্য,foreign_resident_card_picture_done__inquery_done_no_msg_new
আমি বিদেশে থাকতে এনআইডি কার্ডের জন্য আবেদন করেছি এবং উপজেলা থেকে অনুমোদন পেয়েছি কিন্তু এখনো কোন মেসেজ পাইনি। কী করতে পারি,foreign_resident_card_picture_done__inquery_done_no_msg_new
আমি বিদেশে থাকাকালীন আমার জাতীয় পরিচয়পত্রের ছবি তুলেছিলাম,foreign_resident_card_picture_done__inquery_done_no_msg_new
আমি বিদেশে থেকে কার্ডের জন্য আবেদন করেছিলাম,foreign_resident_card_picture_done__inquery_done_no_msg_new
আমি বিদেশে বসে এনআইডি কার্ডের জন্য আবেদন করেছি,foreign_resident_card_picture_done__inquery_done_no_msg_new
প্রবাসে গিয়ে আমি আমার ভোটার আইডি কার্ডের ছবি তুলেছিলাম,foreign_resident_card_picture_done__inquery_done_no_msg_new
প্রবাসে গিয়ে আমি আমার স্মার্ট কার্ডের জন্য ছবি তুলেছিলাম,foreign_resident_card_picture_done__inquery_done_no_msg_new
প্রবাসে ছবি তুলেছিলাম,foreign_resident_card_picture_done__inquery_done_no_msg_new
প্রবাসে থেকে এনআইডি কার্ডের জন্য আমি আবেদন করেছিলাম,foreign_resident_card_picture_done__inquery_done_no_msg_new
বিদেশে গিয়ে আমি ছবি তুলেছিলাম,foreign_resident_card_picture_done__inquery_done_no_msg_new
বিদেশে ছবি তুলেছিলাম,foreign_resident_card_picture_done__inquery_done_no_msg_new
বিদেশে থাকতে আমার এনআইডি কার্ডের জন্য আবেদন করেছিলাম,foreign_resident_card_picture_done__inquery_done_no_msg_new
বিদেশে থাকতে আমি এনআইডি কার্ডের জন্য আবেদন করেছি,foreign_resident_card_picture_done__inquery_done_no_msg_new
বিদেশে যখন ছবি তুলেছিলাম,foreign_resident_card_picture_done__inquery_done_no_msg_new
আমার কার্ড করার জন্য বিদেশে ছবি তুলার পরেও,foreign_resident_card_picture_done_not_inquery_from_upzilla_new
আমার জাতীয় পরিচয়পত্রের জন্য বিদেশে ফটো নিয়েছিলাম,foreign_resident_card_picture_done_not_inquery_from_upzilla_new
আমার জাতীয় পরিচয়পত্রের জন্যে বিদেশে ছবি নিয়েছিলাম,foreign_resident_card_picture_done_not_inquery_from_upzilla_new
আমার ফটো প্রবাসে তুলেছি,foreign_resident_card_picture_done_not_inquery_from_upzilla_new
আমি দেশের বাহিরে থাকি আমার কার্ডের কার্ড করার জন্য ছবি তুলতেছি এম্বাসিতে যোগাযোগ করেছিলাম,foreign_resident_card_picture_done_not_inquery_from_upzilla_new
আমি প্রবাসে গিয়ে ছবি তুলেছি,foreign_resident_card_picture_done_not_inquery_from_upzilla_new
আমি বিদেশে আমার এনআইডি কার্ডের ছবি তুলেছিলাম,foreign_resident_card_picture_done_not_inquery_from_upzilla_new
আমি বিদেশে আমার কার্ড এর জন্য পিকচার তুলতেছি,foreign_resident_card_picture_done_not_inquery_from_upzilla_new
আমি বিদেশে ছবি তুলেছিলাম,foreign_resident_card_picture_done_not_inquery_from_upzilla_new
আমি বিদেশে থাকি ছবি তুলছি কার্ড এর জন্য,foreign_resident_card_picture_done_not_inquery_from_upzilla_new
আমি বৈদেশিক ভ্রমণে ছবি তুলেছি,foreign_resident_card_picture_done_not_inquery_from_upzilla_new
প্রবাসে ছবি তুলেছিলাম,foreign_resident_card_picture_done_not_inquery_from_upzilla_new
বিদেশ থেকে ফিরে আমার জাতীয় পরিচয়পত্রের ফটো তুলেছি,foreign_resident_card_picture_done_not_inquery_from_upzilla_new
বিদেশে গিয়ে ছবি তুলেছি আমার এনআইডি-র জন্য,foreign_resident_card_picture_done_not_inquery_from_upzilla_new
বিদেশে গিয়ে ছবি তুলেছিলাম,foreign_resident_card_picture_done_not_inquery_from_upzilla_new
বিদেশে ছবি তুলে জাতীয় পরিচয়পত্রের কাজে দিতে এম্বাসিতে যোগাযোগ করলে জানা গেছে উপজেলা থেকে কোনো তদন্ত নেই। কি করবো,foreign_resident_card_picture_done_not_inquery_from_upzilla_new
আমার আব্বা জার্মানি থাকে কিভাবে,foreign_resident_card_registration_process
আমি কি বিদেশ থেকে বাংলাদেশের ভোটার আইডি কার্ডের জন্য আবেদন করতে পারি,foreign_resident_card_registration_process
আমি দেশ এ নাই অবস্থায় ভোটার নিবন্ধনের প্রক্রিয়া কি,foreign_resident_card_registration_process
আমি বংলাদেশের বাইরে থাকি তাই জাতীয় পরিচয়পত্র বা ভোটার কার্ড নিবন্ধনের জন্য কি করণীয় আছে,foreign_resident_card_registration_process
আমি বাংলাদেশে নেই,foreign_resident_card_registration_process
আমি বিদেশ থাহি হলে ভোটার কার্ড পেতে কী করতে হবে,foreign_resident_card_registration_process
আমি বিদেশে থাকলে কি করে আমার জাতীয় পরিচয়পত্র এবং ভোটার কার্ড করতে পারি,foreign_resident_card_registration_process
আমি বিদেশে থাকি বাংলাদেশে ভোটার নিবন্ধন করতে কি করতে হবে,foreign_resident_card_registration_process
আমি যেহেতু বিদেশে থাকি তাই জাতীয় পরিচয়পত্র কিংবা ভোটার নিবন্ধনের জন্য কী করণীয়,foreign_resident_card_registration_process
এনআইডি কার্ড পেতে আমাকে বাংলাদেশে যেতে হবে কি-না প্রবাসী থাকাকালীন,foreign_resident_card_registration_process
এনআইডি বা ভোটার নিবন্ধনের জন্য একজন প্রবাসীর করণীয় কী,foreign_resident_card_registration_process
দেশের বাহিরে থেকে ভোটার নিবন্ধন করার জন্য কোন পদক্ষেপ নিতে হবে,foreign_resident_card_registration_process
প্রবাসী বাংলাদেশীদের জন্য জাতীয় পরিচয়পত্র বা ভোটার হওয়ার কী প্রক্রিয়া,foreign_resident_card_registration_process
প্রবাসী ভাই-বোনেরা জাতীয় পরিচয়পত্র বা ভোটার হওয়ার জন্য কি কি কাজ করতে হবে,foreign_resident_card_registration_process
প্রবাসী হয়ে ভোটার নিবন্ধন করতে কি প্রক্রিয়াটি অনুসরণ করতে হবে,foreign_resident_card_registration_process
প্রবাসী হিসেবে আমি কি করে জাতীয় পরিচয়পত্র বা ভোটার নিবন্ধন করতে পারি,foreign_resident_card_registration_process
প্রবাসী হিসেবে এনআইডি বা ভোটার আইডি করার প্রক্রিয়া কি,foreign_resident_card_registration_process
প্রবাসী হিসেবে ভোটার নিবন্ধন করতে কি করা উচিত,foreign_resident_card_registration_process
প্রবাসীদের জন্য ভোটার আইডি কার্ড বা ন্যাশনাল আইডি কার্ড করার জন্য কি কি করতে হবে,foreign_resident_card_registration_process
প্রবাসীদের জন্য ভোটার নিবন্ধন করতে কি কী পদ্ধতি অনুসরণ করতে হবে,foreign_resident_card_registration_process
প্রবাসে থাকলে কি ভোটার নিবন্ধন করা যায়,foreign_resident_card_registration_process
প্রবাসে থাকার সময় এনআইডি আবেদন কিভাবে করবো,foreign_resident_card_registration_process
প্রবাসে বসবাস করলে অ্যানআইডি নিবন্ধন করার জন্য কি কি করণীয়,foreign_resident_card_registration_process
প্রবাসে বসবাসকারীদের এনআইডি বা ভোটার নিবন্ধনের জন্য কি করতে হবে,foreign_resident_card_registration_process
প্রবাসে বসবাসকারীদের কার্ড বা ভোটার নিবন্ধনের জন্য কি করতে হবে,foreign_resident_card_registration_process
ফরেইন এ থাকি জন্য এনআইডি বা ভোটার নিবন্ধন করার প্রক্রিয়া কী,foreign_resident_card_registration_process
বাংলাদেশি প্রবাসী কি ভাবে তাদের ন্যাশনাল আইডি কার্ড বা ভোটার নিবন্ধন সম্পন্ন করতে পারে,foreign_resident_card_registration_process
বাংলাদেশে ভোটার হওয়ার জন্য আমি কি বিদেশ থেকে কিছু করতে পারি,foreign_resident_card_registration_process
বাংলাদেশের এনআইডি কার্ড করার জন্য প্রবাসী হিসেবে কী করতে হবে,foreign_resident_card_registration_process
বাংলাদেশের জাতীয় পরিচয়পত্র করার জন্য আমাকে বিদেশ থেকে কি করতে হবে,foreign_resident_card_registration_process
বাংলাদেশের বাইরে থেকে এনআইডি কার্ড বা ভোটার তালিকায় নাম যোগ করার পদ্ধতি কি,foreign_resident_card_registration_process
বিদেশে থাকলে ভোটার নিবন্ধন করার নিয়ম কী,foreign_resident_card_registration_process
বিদেশে থাকা অবস্থায় বাংলাদেশি এনআইডি কার্ড কিভাবে করবো,foreign_resident_card_registration_process
বিদেশে বসবাসকারী বাংলাদেশিরা জাতীয় পরিচয়পত্র বা ভোটার নিবন্ধনের জন্য কি করবেন,foreign_resident_card_registration_process
আমার ভাই সৌদি থাকে সে কি অইখান থেকে ভোটার হতে পারবে,foreign_resident_card_registration_query_country_limitation
আমি অস্ট্রেলিয়ায় বসবাস করি। বাংলাদেশের এনআইডি কার্ড পেতে আমার কি করতে হবে,foreign_resident_card_registration_query_country_limitation
আমি আমেরিকায় আছি। এখান থেকে কি এনআইডি কার্ড বানানো যায়,foreign_resident_card_registration_query_country_limitation
আমি ইউরোপে আছি। বাংলাদেশের এনআইডি কার্ডের জন্য আবেদন করতে কি করতে হবে,foreign_resident_card_registration_query_country_limitation
আমি ইতালিতে আছি। কি করে আমি বাংলাদেশের এনআইডি কার্ড পেতে পারি,foreign_resident_card_registration_query_country_limitation
আমি এক্সএক্সএক্সএক্সএক্সএক্সএক্স দেশে আছি,foreign_resident_card_registration_query_country_limitation
আমি কানাডায় আছি। কি করে আমি বাংলাদেশের এনআইডি কার্ড পাব,foreign_resident_card_registration_query_country_limitation
আমি কোরিয়াতে আছি। বাংলাদেশের এনআইডি কার্ড পেতে কি করতে হবে,foreign_resident_card_registration_query_country_limitation
আমি জাপানে আছি। কি করে আমি বাংলাদেশের এনআইডি কার্ড পাব,foreign_resident_card_registration_query_country_limitation
আমি জার্মানিতে আছি। বাংলাদেশের এনআইডি কার্ড নিবন্ধন কি করা যায়,foreign_resident_card_registration_query_country_limitation
আমি দুবাইতে থাকি। বাংলাদেশের এনআইডি কার্ডের জন্য কি এখান থেকে আবেদন করতে পারি,foreign_resident_card_registration_query_country_limitation
আমি ফ্রান্সে থাকি। বাংলাদেশের এনআইডি কার্ডের জন্য আবেদন কি করা যায়,foreign_resident_card_registration_query_country_limitation
আমি বাংলাদেশের বাইরে আছি। আমি কি এনআইডি কার্ডের জন্য আবেদন করতে পারি,foreign_resident_card_registration_query_country_limitation
আমি যুক্তরাজ্যে থাকি। আমি কি বাংলাদেশের এনআইডি কার্ড পেতে পারি,foreign_resident_card_registration_query_country_limitation
আমি সিঙ্গাপুরে থাকি। এখান থেকে এনআইডি কার্ড করা যায় কি,foreign_resident_card_registration_query_country_limitation
আমি সৌদি আরবে আছি। এনআইডি কার্ড কি এখান থেকে করা যায়,foreign_resident_card_registration_query_country_limitation
আমি স্পেনে আছি। বাংলাদেশের এনআইডি কার্ডের জন্য কি করতে হবে,foreign_resident_card_registration_query_country_limitation
এ পর্যন্ত কোন কোন দেশে ভোটার নিবন্ধিনের অনুমতি দেওয়া হয়েছে।,foreign_resident_card_registration_query_country_limitation
কোন কেন দেশে প্রবাসী ভোটার করা হয়,foreign_resident_card_registration_query_country_limitation
কোন কোন দেশ থেকে এনআইডি বা ভোটার নিবন্ধন করা যায়,foreign_resident_card_registration_query_country_limitation
কোন কোন দেশ থেকে এনআইডি বা ভোটার নিবন্ধন করা যায় না,foreign_resident_card_registration_query_country_limitation
কোন কোন দেশে এনআইডি বা ভোটার নিবন্ধন করা অসম্ভব,foreign_resident_card_registration_query_country_limitation
কোন কোন দেশে এনআইডি বা ভোটার নিবন্ধন করা সম্ভব,foreign_resident_card_registration_query_country_limitation
কোন কোন দেশে এনআইডি বা ভোটার নিবন্ধন করা সম্ভব না,foreign_resident_card_registration_query_country_limitation
কোন দেশগুলোতে প্রবাসীরা এনআইডি বা ভোটার নিবন্ধন করতে পারে,foreign_resident_card_registration_query_country_limitation
কোন দেশে আমি প্রবাসী হিসেবে এনআইডি করতে পারি,foreign_resident_card_registration_query_country_limitation
প্রবাসী হিসেবে কোন দেশ থেকে ভোটার নিবন্ধন সম্ভব,foreign_resident_card_registration_query_country_limitation
প্রবাসীরা কোন দেশে থাকলে কার্ড বা ভোটার নিবন্ধন করতে পারে,foreign_resident_card_registration_query_country_limitation
বাংলাদেশের এনআইডি কার্ড পেতে আমার কি করতে হবে যখন আমি মালয়েশিয়ায় আছি,foreign_resident_card_registration_query_country_limitation
আমার এনআইডি আবেদন দূতাবাসে জমা দেওয়ার পর কেনো রিজেক্ট হয়ে গেল,foreign_resident_card_registration_rejected
আমার প্রবাসী এনআইডি বা ভোটার নিবন্ধনের জন্য এম্বাসীতে আবেদন রিজেক্ট করে দিয়েছে। কেনো,foreign_resident_card_registration_rejected
আমার প্রবাসী এনআইডি বা ভোটার নিবন্ধনের জন্য দূতাবাসে আবেদন রিজেক্ট করে দিয়েছে। কেনো,foreign_resident_card_registration_rejected
আমার প্রবাসী ভোটার নিবন্ধনের আবেদন এম্বাসীতে রিজেক্ট হয়েছে কেন,foreign_resident_card_registration_rejected
আমার প্রবাসী ভোটার নিবন্ধনের আবেদন দূতাবাসে রিজেক্ট হয়েছে কেন,foreign_resident_card_registration_rejected
এম্বাসীতে আবেদন জমা দেওয়ার পর কেনো আমার আবেদন প্রত্যাখ্যাত হয়েছে,foreign_resident_card_registration_rejected
এম্বাসীতে আবেদন দেওয়ার পর আমার আবেদন কেনো রিজেক্ট হয়ে গেল,foreign_resident_card_registration_rejected
এম্বাসীতে প্রবাসী ভোটার নিবন্ধন আবেদন করার পর কেনো রিজেক্ট হল,foreign_resident_card_registration_rejected
দূতাবাসে আবেদন জমা দেওয়ার পর কেনো আমার আবেদন প্রত্যাখ্যাত হয়েছে,foreign_resident_card_registration_rejected
দূতাবাসে আবেদন দেওয়ার পর আমার আবেদন কেনো রিজেক্ট হয়ে গেল,foreign_resident_card_registration_rejected
দূতাবাসে প্রবাসী ভোটার নিবন্ধন আবেদন করার পর কেনো রিজেক্ট হল,foreign_resident_card_registration_rejected
প্রবাসী এনআইডি আবেদন রিজেক্ট হওয়ার কারণ কী হতে পারে,foreign_resident_card_registration_rejected
প্রবাসী এনআইডি নিবন্ধন আবেদন রিজেক্ট হওয়ার কারণ কি,foreign_resident_card_registration_rejected
প্রবাসী এনআইডি নিবন্ধনের জন্য আমার আবেদন কেনো রিজেক্ট করা হয়েছে,foreign_resident_card_registration_rejected
প্রবাসী এনআইডি বা ভোটার নিবন্ধনের জন্য এম্বাসীতে আবেদন করেছি। আবেদন রিজেক্ট করে দিয়েছে। কেনো,foreign_resident_card_registration_rejected
প্রবাসী এনআইডি বা ভোটার নিবন্ধনের জন্য দূতাবাসে আবেদন করেছি। আবেদন রিজেক্ট করে দিয়েছে। কেনো,foreign_resident_card_registration_rejected
প্রবাসী ভোটার নিবন্ধন আবেদন রিজেক্ট হওয়ার কারণ কী,foreign_resident_card_registration_rejected
প্রবাসী হিসেবে আমার এনআইডি আবেদন কেনো প্রত্যাখ্যাত হয়েছে,foreign_resident_card_registration_rejected
আমি বিদেশে থাকি,foreign_resident_card_registration_required_documents
দূতাবাসে ভোটার নিবন্ধন করতে হলে কি কি কাগজপত্র লাগে,foreign_resident_card_registration_required_documents
প্রবাসী এনআইডি বা ভোটার নিবন্ধনের ক্ষেত্রে কি কি ডকুমেন্টস প্রয়োজন,foreign_resident_card_registration_required_documents
প্রবাসী কার্ড করতে কি কি লাগবে,foreign_resident_card_registration_required_documents
প্রবাসী বা দেশের বাহিরে থাকলে কার্ড নিবন্ধনের জন্য প্রয়োজনীয় ডকুমেন্টস কি কি,foreign_resident_card_registration_required_documents
প্রবাসী ভোটার হতে হলে কি কি কাগজপত্র লাগে,foreign_resident_card_registration_required_documents
প্রবাসী হিসবে ভোটার কার্ড করতে কি কি লাগে,foreign_resident_card_registration_required_documents
প্রবাসী হিসেবে কার্ড বা ভোটার নিবন্ধন করতে কী ডকস লাগবে,foreign_resident_card_registration_required_documents
প্রবাসীদের কার্ড করতে কার্ডের জন্য কোন কাগজপত্র দিতে হবে,foreign_resident_card_registration_required_documents
বিদেশিদের কার্ড নিবন্ধন করার জন্য কি ডকুমেন্টস লাগে,foreign_resident_card_registration_required_documents
যারা বিদেশে আছে তাদের জন্য কার্ড বা ভোটার নিবন্ধন করতে কী কী কাগজপত্র প্রয়োজন,foreign_resident_card_registration_required_documents
আমি আগে বাংলাদেশে ভোটার আইডি করেছিলাম,foreign_resident_multiple_registration_new
আমি আগে বাংলাদেশে ভোটার হয়েছিলাম,foreign_resident_multiple_registration_new
আমি বাংলাদেশে আমার এনআইডি করেছিলাম,foreign_resident_multiple_registration_new
আমি বাংলাদেশে নাগরিক মর্যাদা পেয়েছিলাম,foreign_resident_multiple_registration_new
আমি বাংলাদেশে ভোটার,foreign_resident_multiple_registration_new
আমি বাংলাদেশে ভোটার আইডি করেছিলাম,foreign_resident_multiple_registration_new
আমি বাংলাদেশে ভোটার আইডি কার্ডে নাম লেখিয়েছিলাম,foreign_resident_multiple_registration_new
আমি বাংলাদেশে ভোটার আইডি নিয়েছিলাম,foreign_resident_multiple_registration_new
আমি বাংলাদেশে ভোটার হয়েছিলাম,foreign_resident_multiple_registration_new
আমি বাংলাদেশে ভোটার হয়েছিলাম কিন্তু এখন আমি বিদেশে,foreign_resident_multiple_registration_new
আমি বাংলাদেশে ভোটার হয়েছিলাম,foreign_resident_multiple_registration_new
প্রবাসে থাকা অবস্থায় কি আমাকে আবার ভোটার তালিকায় নাম লেখাতে হবে যখন আমি বাংলাদেশে ইতিমধ্যেই ভোটার,foreign_resident_multiple_registration_new
বাংলাদেশি জাতীয় পরিচয়পত্র নিয়ে আমি বিদেশে,foreign_resident_multiple_registration_new
বাংলাদেশে আমার এনআইডি আছে,foreign_resident_multiple_registration_new
বাংলাদেশে আমার জাতীয় পরিচয়পত্র আছে,foreign_resident_multiple_registration_new
বাংলাদেশে আমার জাতীয় পরিচয়পত্র নিয়ে বিদেশে থাকতে কি আমি ভোটার হওয়ার জন্য আবার আবেদন করতে পারি,foreign_resident_multiple_registration_new
বাংলাদেশে আমার ভোটার আইডি আছে,foreign_resident_multiple_registration_new
বাংলাদেশে আমি ভোটার তালিকায় আছি,foreign_resident_multiple_registration_new
অ্যাডজুডিকেশন পেন্ডিং অবস্থায় থাকা আমার এনআইডি আবেদন নিয়ে কি পদক্ষেপ নেবো,foreign_resident_nid_adjudication_pending
অ্যাডজুডিকেশন পেন্ডিং অবস্থায় থাকা এনআইডি আবেদন নিয়ে কি পদক্ষেপ নেবো,foreign_resident_nid_adjudication_pending
অ্যাডজুডিকেশন পেন্ডিং অবস্থায় থাকা প্রবাসী এনআইডি আবেদন নিয়ে কি করতে হবে,foreign_resident_nid_adjudication_pending
অ্যাডজুডিকেশন পেন্ডিং অবস্থায় থাকা প্রবাসী এনআইডি আবেদন নিয়ে কি করা যাবে,foreign_resident_nid_adjudication_pending
আবেদন দেওয়ার পর অ্যাডজুডিকেশন পেন্ডিং অবস্থায় থাকার কারণে কি করা উচিত,foreign_resident_nid_adjudication_pending
আমার এনআইডি আবেদন দূতাবাসে পেন্ডিং,foreign_resident_nid_adjudication_pending
আমার প্রবাসী এনআইডি বা ভোটার নিবন্ধন আবেদন এখনও অ্যাডজুডিকেশন পেন্ডিং অবস্থায় আছে,foreign_resident_nid_adjudication_pending
আমার ভোটার নিবন্ধন অ্যাডজুডিকেশন পেন্ডিং,foreign_resident_nid_adjudication_pending
আমি প্রবাসী এনআইডি বা ভোটার নিবন্ধনের জন্য এম্বাসিতে আবেদন করেছি। এখনো অ্যাডজুডিকেশন পেন্ডিং অবস্থায় আছে। কি করতে হবে,foreign_resident_nid_adjudication_pending
আমি প্রবাসী এনআইডি বা ভোটার নিবন্ধনের জন্য দূতাবাসে আবেদন করেছি। এখনো অ্যাডজুডিকেশন পেন্ডিং অবস্থায় আছে। কি করতে হবে,foreign_resident_nid_adjudication_pending
এম্বাসিতে এনআইডি আবেদন করে অ্যাডজুডিকেশন পেন্ডিং তে আছে,foreign_resident_nid_adjudication_pending
এম্বাসিতে ভোটার নিবন্ধন আবেদন করার পর অ্যাডজুডিকেশন পেন্ডিং অবস্থায় থাকার কারণে কি করা উচিত,foreign_resident_nid_adjudication_pending
এম্বাসীতে আবেদন দেওয়ার পর অ্যাডজুডিকেশন পেন্ডিং অবস্থায় থাকার কারণে কী করা উচিত,foreign_resident_nid_adjudication_pending
এম্বাসীতে প্রবাসী ভোটার নিবন্ধন আবেদন করার পর অ্যাডজুডিকেশন পেন্ডিং অবস্থায় থাকার কারণে কি করা উচিত,foreign_resident_nid_adjudication_pending
দূতাবাসে আবেদন দেওয়ার পর অ্যাডজুডিকেশন পেন্ডিং অবস্থায় থাকার কারণে কী করা উচিত,foreign_resident_nid_adjudication_pending
দূতাবাসে প্রবাসী ভোটার নিবন্ধন আবেদন করার পর অ্যাডজুডিকেশন পেন্ডিং অবস্থায় থাকার কারণে কি করা উচিত,foreign_resident_nid_adjudication_pending
দূতাবাসে ভোটার নিবন্ধন আবেদন করার পর অ্যাডজুডিকেশন পেন্ডিং অবস্থায় থাকার কারণে কি করা উচিত,foreign_resident_nid_adjudication_pending
প্রবাসী এনআইডি আবেদন করার পর অ্যাডজুডিকেশন পেন্ডিং অবস্থায় আছে,foreign_resident_nid_adjudication_pending
প্রবাসী এনআইডি আবেদন কেন অ্যাডজুডিকেশন পেন্ডিং,foreign_resident_nid_adjudication_pending
প্রবাসী এনআইডি বা ভোটার নিবন্ধন আবেদন এখনও অ্যাডজুডিকেশন পেন্ডিং অবস্থায় আছে,foreign_resident_nid_adjudication_pending
প্রবাসী এনআইডি বা ভোটার নিবন্ধনের জন্য এম্বাসীতে আবেদন করেছি। এখনো অ্যাডজুডিকেশন পেন্ডিং অবস্থায় আছে। কি করণীয়,foreign_resident_nid_adjudication_pending
প্রবাসী এনআইডি বা ভোটার নিবন্ধনের জন্য দূতাবাসে আবেদন করেছি। এখনো অ্যাডজুডিকেশন পেন্ডিং অবস্থায় আছে। কি করণীয়,foreign_resident_nid_adjudication_pending
প্রবাসী হওয়ার কারণে আমার এনআইডি আবেদন অ্যাডজুডিকেশন পেন্ডিং,foreign_resident_nid_adjudication_pending
আমার পাসপোর্টের মেয়াদ শেষ হয়ে গেছে। আমি কি দেশে থাকি না বলে কার্ড বা ভোটার নিবন্ধনের আবেদন করতে পারবো,foreign_resident_passport_expaired_card_registration_process
আমার পাসপোর্টের মেয়াদ শেষ হয়ে গেছে। আমি কি প্রবাস থেকে এনআইডি বা ভোটার নিবন্ধনের আবেদন করতে পারবো,foreign_resident_passport_expaired_card_registration_process
পাস পোর্টের মেয়াদ শেষ হলেও বিদেশে বসে এনআইডি আবেদন করা যাবে কি,foreign_resident_passport_expaired_card_registration_process
পাসপোর্ট মেয়াদ শেষ হলে বিদেশে থাকার সময় এনআইডি করা যায় কি,foreign_resident_passport_expaired_card_registration_process
পাসপোর্টের এক্সপেয়ার শেষ হলে কি আমি দেশের বাহিরে বসে কার্ড নিবন্ধন করতে পারব,foreign_resident_passport_expaired_card_registration_process
পাসপোর্টের ডেট ওভার হয়ে গেছে,foreign_resident_passport_expaired_card_registration_process
পাসপোর্টের ডেট শেষ হলে কি এনআইডি আবেদন করা যাবে,foreign_resident_passport_expaired_card_registration_process
পাসপোর্টের মেয়াদ শেষ,foreign_resident_passport_expaired_card_registration_process
পাসপোর্টের মেয়াদ না থাকলে কি প্রবাসে বসে ভোটার নিবন্ধন সম্ভব,foreign_resident_passport_expaired_card_registration_process
পাসপোর্টের মেয়াদ শেষ হয়ে গেলে বিদেশে বা প্রবাসে থাকা অবস্থায় এনআইডি নিবন্ধন করা সম্ভব কি,foreign_resident_passport_expaired_card_registration_process
পাসপোর্টের মেয়াদ শেষ হলে প্রবাসী হিসেবে কি এনআইডি  বা ভোটার নিবন্ধন করা যাবে,foreign_resident_passport_expaired_card_registration_process
পাসপোর্টের সময় শেষ হওয়ার পরেও কি দেশের বাহির থাকা অবস্থায় ভোটার নিবন্ধন করা যাবে,foreign_resident_passport_expaired_card_registration_process
বিদেশ থেকে এনআইডি বা ভোটার নিবন্ধন করতে পাসপোর্টের মেয়াদ কতটা গুরুত্বপূর্ণ,foreign_resident_passport_expaired_card_registration_process
আমার এন আইডি এফ এন নম্বর দিয়ে রেজিষ্ট্রেশন কেন হচ্ছে না,form_number_not_working
আমার নিবন্ধন এর ছোট কাগজে যে নম্বর আছে সেটা দিয়ে রেজিস্ট্রেশন হচ্ছে না,form_number_not_working
আমার যে নম্বর দিয়েছে কাগজে সেটা দিয়ে রেজিস্ট্রেশন করা যাচ্ছে না কি করবো,form_number_not_working
এনআইডিএফএন দিয়েছি পোর্টাল এ রেজিষ্ট্রেশন হচ্ছে না,form_number_not_working
নিবন্ধন সিল্প এ থাকা নম্বর দিয়ে এপ্লিকেশন এ রেজিস্ট্রেশন করতে পারছি না,form_number_not_working
ফর্ম (এনআইডিএফএনএক্সএক্সএক্সএক্সএক্সএক্সএক্সএক্সএক্স) নম্বর দিয়ে দিয়ে রেজিষ্ট্রেশন করতে পারছি না।,form_number_not_working
ফর্ম এন আইডি এফ এন নম্বর দিয়ে রেজিষ্ট্রেশন করতে পারছি না।,form_number_not_working
ফর্ম এনআইডি এফ এন নয় এক দুই তিন চার আট এক শূন্য এক নম্বর দিয়ে অনলাইন পোর্টাল এ রেজিস্ট্রেশন করতে পারছি না,form_number_not_working
ফর্ম নম্বর দিয়ে দিয়ে রেজিষ্ট্রেশন করতে পারছি না।,form_number_not_working
ফর্ম নম্বর দিয়ে রেজিষ্ট্রেশন করতে পারছি না,form_number_not_working
রেজিস্ট্রেশন হচ্ছে না এফ এন আইডি দিয়ে অনলাই পোর্টাল এ কি করব,form_number_not_working
আচ্ছা আজকের মতো বিদায় নিচ্ছি,goodbye
আচ্ছা থাক আজ বিদায় দিলাম,goodbye
আচ্ছা বিদায় আবার কথা হবে,goodbye
আচ্ছা যাই তাহলে,goodbye
আজকের মতো এইটুকু,goodbye
আন্তিল নেক্সট টাইম,goodbye
আপনার দিনটা শুভ হোক,goodbye
আপনার সময়ের জন্য ধন্যবাদ,goodbye
আপনার সময়ের জন্য ধন্যবাদ বিদায়,goodbye
আপনার সেবার জন্য ধন্যবাদ,goodbye
আবার কথা হবে,goodbye
আবার দেখা হবে,goodbye
আমার আর কোন কিছু জিজ্ঞাস করার নাই ধন্যবাদ,goodbye
আর কিছু লাগবে না,goodbye
এই পর্যন্তই বিদায়,goodbye
এখন উঠি তাহলে,goodbye
এখন কেটে দিচ্ছি বিদায়,goodbye
এখন বিদায় নিই ঠিক আছে,goodbye
কথা হবে পরে,goodbye
কলটা এখানেই শেষ করি বিদায়,goodbye
কলটা কেটে দেন,goodbye
কলটা শেষ করি,goodbye
কিপ ইন টাচ,goodbye
ক্যাচ ইউ লেটার,goodbye
জি আমার আর কিছু জিজ্ঞাস করার নাই,goodbye
টক টু ইউ লেটার,goodbye
তাহলে এখন উঠি,goodbye
দিনটি সুন্দর কাটুক,goodbye
ধন্যবাদ বিদায়,goodbye
না ভাই থেনক্স,goodbye
পরে আবার কথা হবে ইনশাআল্লাহ,goodbye
বিদায় এবং ভালো থাকুন,goodbye
বিদায় দিন প্লিজ,goodbye
ভাইয়া বিদায় বলছি,goodbye
ম্যাডাম আর দরকার নেই বিদায়,goodbye
যাওয়ার আগে বিদায় জানাই,goodbye
সদা ভালো থেকো,goodbye
সব কিছুর জন্য ধন্যবাদ,goodbye
সব ঠিক থাকলে বিদায় নিচ্ছি,goodbye
সমস্যা মিটে গেছে বিদায়,goodbye
সহযোগিতার জন্য ধন্যবাদ,goodbye
সি ইউ লেটার,goodbye
সি ইউ সুন,goodbye
হ্যাভ আ গুড ডে,goodbye
আপনার নাম কি,greeting_and_request_for_question
আপনি কি একজন বট,greeting_and_request_for_question
আপনি কি এনআইডি সংক্রান্ত তথ্য দিতে পারেন,greeting_and_request_for_question
আপনি কি মানুষ নাকি এআই,greeting_and_request_for_question
আপনি কি সরকারী প্রতিনিধি,greeting_and_request_for_question
আপনি কীভাবে সাহায্য করতে পারেন,greeting_and_request_for_question
আমি এখানে কী করতে পারি,greeting_and_request_for_question
আমি কী জানতে পারি,greeting_and_request_for_question
আমি কীভাবে সাহায্য পেতে পারি,greeting_and_request_for_question
আমি কোন ধরনের তথ্য জানতে পারবো,greeting_and_request_for_question
এই চ্যাটবট কী করে,greeting_and_request_for_question
এখানে আমি কীভাবে সাহায্য পাব,greeting_and_request_for_question
এখানে কী ধরনের সেবা পাওয়া যায়,greeting_and_request_for_question
এটা কি এনআইডি সংক্রান্ত সেবা,greeting_and_request_for_question
এটা কি জাতীয় পরিচয়পত্র সার্ভিস,greeting_and_request_for_question
এটা কোন সার্ভিস,greeting_and_request_for_question
এটা কোন সিস্টেম,greeting_and_request_for_question
কেউ আছেন এখানে,greeting_and_request_for_question
কোন তথ্য দিতে পারবেন,greeting_and_request_for_question
জাতীয় পরিচয়পত্র সংক্রান্ত কোন কোন বিষয়ে আপনি জানেন,greeting_and_request_for_question
বৈবাহিক কারণে বিদেশি নাগরিকদের এনআইডি করার সুযোগ আছে কি,greeting_and_request_for_question
আপনার দিন কেমন,greetings
আশা করি ভালো আছেন,greetings
সব ঠিক আছে,greetings
আইডি কার্ডে একাধিক স্ত্রী নাম লেখা যায় কি,how_many_wife_name_can_be_added_in_nid_card
আমার আইডি কার্ডে দুইজন বউয়ের নাম যোগ করা যাবে কি,how_many_wife_name_can_be_added_in_nid_card
আমার এনআইডি কার্ডে একাধিক বউয়ের নাম যোগ করতে পারি কি,how_many_wife_name_can_be_added_in_nid_card
আমার জাতীয় পরিচয়পত্রে কয়জন বউয়ের নাম রাখতে পারি,how_many_wife_name_can_be_added_in_nid_card
একটি এনআইডি কার্ডে কয়জন বউয়ের নাম রাখতে পারি,how_many_wife_name_can_be_added_in_nid_card
একটি কার্ড এ কয়জন স্ত্রীর নাম যুক্ত করা যায়,how_many_wife_name_can_be_added_in_nid_card
একটি কার্ডে কয়জ স্ত্রীর নাম থাকা যায়,how_many_wife_name_can_be_added_in_nid_card
এনআইডি কার্ডে একাধিক স্ত্রীর নাম সংযোজন করা যাবে কি,how_many_wife_name_can_be_added_in_nid_card
এনআইডি কার্ডে কতো স্ত্রীর নাম দেয়া যাবে,how_many_wife_name_can_be_added_in_nid_card
এনআইডি কার্ডে কতোজন স্ত্রীর নাম সংযোজন করা যাবে,how_many_wife_name_can_be_added_in_nid_card
কার্ডে চারজন স্ত্রীর নাম লেখা যায়,how_many_wife_name_can_be_added_in_nid_card
অনলাইন পোর্টালে কার্ডের সংশোধন আবেদন কিভাবে করবো,how_to_apply_for_correction_in_online_portal
অনলাইন সাইটে সংশোধনের জন্য কার্ড আবেদন করার নিয়ম কী,how_to_apply_for_correction_in_online_portal
অনলাইনে আমার এনআইডি কার্ড সংশোধনের জন্য কি করতে হবে,how_to_apply_for_correction_in_online_portal
অনলাইনে এনআইডি পোর্টালে কার্ড এর ভুল তথ্য ঠিক করার আবেদন কিভাবে জমা দিব,how_to_apply_for_correction_in_online_portal
অনলাইনে কার্ড এ নাম সংশোধন করার আবেদন পদ্ধতি কী,how_to_apply_for_correction_in_online_portal
অনলাইনে কার্ড এর বয়স সংশোধনের আবেদন জমা দেওয়ার উপায় কী,how_to_apply_for_correction_in_online_portal
অনলাইনে কার্ড সংশোধন করতে হলে কি করতে হবে,how_to_apply_for_correction_in_online_portal
অনলাইনে কিভাবে কার্ড এ ঠিকানা সংশোধনের জন্য আবেদন করা যায়,how_to_apply_for_correction_in_online_portal
অনলাইনে সংশোধন আবেদন করতে এনআইডি পোর্টালে যাবো কিভাবে,how_to_apply_for_correction_in_online_portal
আমার এনআইডি কার্ডের জন্য অনলাইনে সংশোধন আবেদন কিভাবে করি,how_to_apply_for_correction_in_online_portal
আমি কি করতে পারি আমার এনআইডি কার্ড সংশোধনের জন্য অনলাইনে,how_to_apply_for_correction_in_online_portal
আমি কীভাবে অনলাইনে এনআইডি কার্ড সংশোধন করতে পারি,how_to_apply_for_correction_in_online_portal
ইন্টারনেট এর কার্ড সংশোধনের ওয়ে সম্পর্কে জানতে চাই,how_to_apply_for_correction_in_online_portal
এনআইডি সংশোধন অনলাইনে কিভাবে করব,how_to_apply_for_correction_in_online_portal
এনআইডির সংশোধন করার জন্য অনলাইনে কি করতে হবে,how_to_apply_for_correction_in_online_portal
কার্ড সংশোধন মোবাইল দিয়ে এপ্লাই করতে হলে প্রক্রিয়াটি কী,how_to_apply_for_correction_in_online_portal
কিভাবে আমি আমার নতুন এনআইডি পোর্টালে সংশোধন করতে পারি,how_to_apply_for_correction_in_online_portal
কীভাবে অনলাইন এনআইডি পোর্টালে সংশোধন আবেদন করতে হয়,how_to_apply_for_correction_in_online_portal
কীভাবে অনলাইনে কার্ড পোর্টালে সংশোধন আবেদন করতে হয়,how_to_apply_for_correction_in_online_portal
কীভাবে এনআইডি পোর্টালে সংশোধন আবেদন করতে হয়,how_to_apply_for_correction_in_online_portal
কীভাবে কার্ড সংশোধনের কাজ অনলাইনে করা সম্ভব,how_to_apply_for_correction_in_online_portal
কোন উপায়ে অনলাইনে কার্ড সংশোধনের আবেদন করা যাবে,how_to_apply_for_correction_in_online_portal
অফিসে সাহায্য না পেয়ে,how_to_complain_not_getting_help_from_election_office
ইলেকশন অফিসে যখন সাহায্য পাই না,how_to_complain_not_getting_help_from_election_office
কার্ড রিলেটেড প্রয়োজনীয় সাহায্য না পেলে অভিযোগ করার জন্য কি করতে হবে,how_to_complain_not_getting_help_from_election_office
নির্বাচন অফিসে কোন সাহায্য পাচ্ছি না,how_to_complain_not_getting_help_from_election_office
নির্বাচন অফিসে গিয়ে যদি কোন সাহায্য না পাই,how_to_complain_not_getting_help_from_election_office
নির্বাচন অফিসে গিয়ে সাহায্য পাচ্ছি না,how_to_complain_not_getting_help_from_election_office
নির্বাচন অফিসে সাহায্য না পাওয়ার পর অভিযোগ দেওয়ার নিয়ম কি,how_to_complain_not_getting_help_from_election_office
নির্বাচন কমিশনে গিয়ে প্রয়োজনীয় সহায়তা পাচ্ছি না,how_to_complain_not_getting_help_from_election_office
ভোটার রিলেটেড অফিস বা উপজেলাগুলোতে গেলে সাহায্য পাচ্ছি না,how_to_complain_not_getting_help_from_election_office
যদি নির্বাচন অফিসে গিয়ে সাহায্য না পাওয়া যায়,how_to_complain_not_getting_help_from_election_office
আগের আইডি কার্ডে স্বামীর নাম ছিলো,husband_name_previous_card
আগের বা এনআইডি কার্ডের পুরনো সংস্করণে স্বামীর নাম ছিল,husband_name_previous_card
আমার আগের কার্ডে হাজবেন্ড এর নাম ছিল,husband_name_previous_card
কাগজের আইডি কার্ডে হাজবেন্ড এর নাম ছিলো,husband_name_previous_card
নতুন স্মার্ট এনআইডি কার্ডে স্বামীর নাম নেই,husband_name_previous_card
পুরনো কার্ডে স্বামীর নাম ছিল,husband_name_previous_card
স্মার্ট বা নতুন আইডি কার্ডে স্বামীর নাম না থাকার কারণ কি,husband_name_previous_card
আমার তালাক হয়ে গেছে,husband_talak_name_remove
আমি মুসলিম আমার বিয়ে ভেঙ্গে গেছে এখন স্বামীর নাম কার্ড থেকে কীভাবে বাদ দেওয়া যাবে,husband_talak_name_remove
ডিভোর্সের পর কীভাবে আমার স্বামীর নাম বাদ দিতে পারি,husband_talak_name_remove
তালাক হইছে এখন কার্ডে স্বামীর নাম রিমুভ করে দেওয়ার উপায় কি,husband_talak_name_remove
তালাক হয়ে গেছে,husband_talak_name_remove
তালাক হয়ে গেলে জাতীয় কার্ড থেকে জামাইর নাম বাদ দেওয়া যাবে কিভাবে,husband_talak_name_remove
তালাকের পর আমার কার্ড এর তে স্বামীর নাম বাদ দেওয়ার প্রসেস কী,husband_talak_name_remove
তালাকের পর এনআইডি কার্ড থেকে স্বামীর নাম বাদ দিতে কি করতে হবে,husband_talak_name_remove
তালাকের পর স্বামীর নাম এনআইডি থেকে কিভাবে বাদ দেবো,husband_talak_name_remove
স্বামী তালাক দিয়েছে,husband_talak_name_remove
স্বামী তালাক দেওয়ার পর নামটি কার্ড থেকে বাদ দেওয়ার পদ্ধতি কি,husband_talak_name_remove
স্বামীর নাম কার্ড থেকে বাদ দিতে চাই,husband_talak_name_remove
স্বামীর সাথে তালাক হয়েছে,husband_talak_name_remove
একাউন্ট লক হওয়ার কারণ কি হতে পারে,information_correct_but_account_locked
ঠিক ইনফো দিয়েছি তারপরেও একাউন্ট লক দেখাচ্ছে কি করা যায়,information_correct_but_account_locked
তথ্য ঠিক থাকলে একাউন্ট লক কেন হচ্ছে,information_correct_but_account_locked
তথ্য সঠিক দিয়েছি,information_correct_but_account_locked
তথ্য সঠিক দেওয়ার পরেও একাউন্ট লক হয়ে গেল,information_correct_but_account_locked
তথ্য সঠিক দেবার পরেও দেখা যাচ্ছে একাউন্ট এ তালা দেখা যাচ্ছে,information_correct_but_account_locked
এনআইডি কার্ড কুইকলি সংশোধন করতে কি বাড়তি খরচ লাগে,instant_card_correction_fee
এনআইডি কার্ড সংশোধন দ্রুত করতে কি বাড়তি ফি দিতে হয়,instant_card_correction_fee
এনআইডি কার্ড সংশোধন দ্রুত করতে কি বাড়তি ফি দিতে হয়,instant_card_correction_fee
এনআইডি কার্ড সংশোধন দ্রুত করার কোন ফিস আছে কি,instant_card_correction_fee
এনআইডি কার্ড সংশোধনের জন্য কি এক্সট্রা পেমেন্ট করা লাগে,instant_card_correction_fee
এনআইডি কার্ড সংশোধনের জন্য দ্রুত সেবা পেতে কি ফি দিতে হবে,instant_card_correction_fee
কার্ড সংশোধন আজকের মাঝেই করার জন্য অতিরিক্ত খরচ কি,instant_card_correction_fee
কার্ড সংশোধন দ্রুত করতে কি কোনো অতিরিক্ত ফি দিতে হয়,instant_card_correction_fee
কার্ড সংশোধন দ্রুত করতে কি কোনো ফি আছে,instant_card_correction_fee
কার্ড সংশোধন দ্রুত করার জন্য অতিরিক্ত খরচ কি,instant_card_correction_fee
কার্ড সংশোধন দ্রুত করার জন্য কি কোনো ফি আছে,instant_card_correction_fee
কার্ড সংশোধনের জন্য কি কোনো ইমারজেন্সি ফি আছে,instant_card_correction_fee
কার্ড সংশোধনের জন্য কি কোনো স্পেশাল ফি আছে,instant_card_correction_fee
নিড কার্ড ফাস্টে সংশোধন করতে কি এক্সট্রা ফি দিতে হয়,instant_card_correction_fee
নিড কার্ডের জন্য ফাস্ট সেবা নিতে কি কিছু টাকা দিতে হবে,instant_card_correction_fee
সংশোধন প্রক্রিয়া রেপিড বা ইমারজেন্সি করতে কি অতিরিক্ত টাকা দিতে হয়,instant_card_correction_fee
সংশোধন প্রক্রিয়া দ্রুত করতে কি অতিরিক্ত টাকা দিতে হয়,instant_card_correction_fee
অনেক আগে করা এনআইডি অনলাইন পোর্টাল রেজিস্ট্রেশন দিয়ে এখনো কি লগইন করা যাবে,login_using_old_id_password
আগে একাউন্ট খুলেছিলাম,login_using_old_id_password
আগে রেজিস্ট্রেশন করা ইউজার আইডি ও পাসওয়ার্ড দিয়ে কি এখনো এনআইডি পোর্টালে ঢোকা যাবে,login_using_old_id_password
এনআইডি অনলাইন পোর্টালে অনেক আগে রেজিষ্ট্রেশন করেছিলাম এখন কি সেই ইউজার আইডি ও পাসওয়ার্ড দিয়ে লগিন করতে পারবো,login_using_old_id_password
এনআইডি পোর্টালের পুরনো ইউজার আইডি পাসওয়ার্ড দিয়ে কি আবার লগইন করা যাবে,login_using_old_id_password
পুরোনো রেজিস্ট্রেশনের ইউজারনেম পাসওয়ার্ড দিয়ে এখন এনআইডি পোর্টালে ঢোকা যাবে,login_using_old_id_password
কোন মন্ত্রণালয় দ্বৈত নাগরিকত্ব সনদ প্রদান করে,ministry_provide_dual_citizenship_certificate
দ্বৈত নাগরিকত্ব সনদ কে ইস্যু করে,ministry_provide_dual_citizenship_certificate
দ্বৈত নাগরিকত্ব সনদ কোন অফিস থেকে ইস্যু হয়,ministry_provide_dual_citizenship_certificate
দ্বৈত নাগরিকত্ব সনদ কোন মন্ত্রণালয় দিয়ে থাকে,ministry_provide_dual_citizenship_certificate
দ্বৈত নাগরিকত্ব সার্টিফিকেট ইস্যুর দায়িত্বে কে থাকে,ministry_provide_dual_citizenship_certificate
দ্বৈত নাগরিকত্ব সার্টিফিকেট কোথা থেকে পাওয়া যাবে,ministry_provide_dual_citizenship_certificate
দ্বৈত নাগরিকত্বের জন্য কোন মন্ত্রণালয়ে যেতে হবে,ministry_provide_dual_citizenship_certificate
দ্বৈত নাগরিকত্বের সনদ কারা দেয়,ministry_provide_dual_citizenship_certificate
ভোটার এলাকার সংশোধন করতে কোন কোন কাগজ লাগবে,ministry_provide_dual_citizenship_certificate
আমার নিজের নামের বানান ভুল আছে,name_correction_in_nid_card
এনআইডি কার্ডে নিজ নাম সংশোধনের জন্য কি ডকুমেন্টস লাগবে,name_correction_in_nid_card
জাতীয় পরিচয় পত্রে নিজের নাম সংশোধনের জন্য কি কি কাগজপত্র জমা দিতে হয়,name_correction_in_nid_card
নামের বানান ঠিক করতে চাই,name_correction_in_nid_card
নামের বানান সংশোধন করতে চাই,name_correction_in_nid_card
নিজের নামের বানান ঠিক করতে হলে কি কি ডকুমেন্টস জমা দিতে হবে,name_correction_in_nid_card
এলাকা পরিবর্তন করতে হলে কোন কোন ডকুমেন্ট জমা দিতে হবে,necessary_documents_to_modify_voter_area
ভোটার এলাকা পরিবর্তন করতে কি কি প্রয়োজন,necessary_documents_to_modify_voter_area
ভোটার এলাকা পরিবর্তনের জন্য কি কি কাগজপত্র লাগে,necessary_documents_to_modify_voter_area
ভোটার এলাকা বদলাতে কি কি ডকুমেন্ট দরকার,necessary_documents_to_modify_voter_area
ভোটার এলাকা স্থানান্তরের জন্য কি কাগজ লাগে,necessary_documents_to_modify_voter_area
ভোটার এলাকার ঠিকানা বদলের জন্য কোন কাগজপত্র প্রয়োজন,necessary_documents_to_modify_voter_area
ভোটার ঠিকানা বদলানোর জন্য কী কী কাগজপত্র লাগবে,necessary_documents_to_modify_voter_area
ভোটার থানা পরিবর্তনের জন্য কী কী লাগবে,necessary_documents_to_modify_voter_area
স্থায়ী ঠিকানা সংশোধন করতে কোন ওয়েবসাইটে যেতে হবে,necessary_documents_to_modify_voter_area
এখনকার কার্ড পাওয়ার পর আগের যে কার্ড ছিল তা খুজে পেলে কি করা উচিত,new_card_got_old_card_found_what_to_do
কার্ড উত্তোলন করার পরে হারিয়ে ফেলা ওল্ড কার্ড পাওয়া গেলে কি করতে হবে,new_card_got_old_card_found_what_to_do
নতুন কার্ড নিয়ে ফেলেছি তবে চুরি হওয়া পুরানো কার্ড পেয়ে গেলে কি করা যাবে,new_card_got_old_card_found_what_to_do
নিউ কার্ড নিয়ে নিয়েছি,new_card_got_old_card_found_what_to_do
পুরানো কার্ড খুঁজে পাওয়ার পর নতুন কার্ডটি বাতিল করতে হবে কি,new_card_got_old_card_found_what_to_do
পুরানো কার্ডটি খুঁজে পেয়েছি,new_card_got_old_card_found_what_to_do
যখন নতুন কার্ড পেলাম,new_card_got_old_card_found_what_to_do
হারানো কার্ড উত্তোলনের পর পুরানো কার্ডটি খুঁজে পেয়েছি,new_card_got_old_card_found_what_to_do
হারানো কার্ড উত্তোলনের পর পূর্বের কার্ডটি খুঁজে পেয়েছি করণীয় কি,new_card_got_old_card_found_what_to_do
আন্ডারএজ হিসেবে এনআইডি কার্ডধারী ব্যক্তি কখন ভোটার হয়ে থাকেন,new_nid_card_age
আমি কি এনআইডি নিবন্ধন করতে পারব যদি আমার বয়স আঠারো এর কম হয়,new_nid_card_age
নতুন এনআইডি নিবন্ধনের জন্য বয়স কত হওয়া লাগে,new_nid_card_age
নতুন এনআইডি নিবন্ধনের জন্য বয়স কত হতে হয়,new_nid_card_age
নতুন কার্ড নিবন্ধনের জন্য বয়স কত হওয়া লাগে,new_nid_card_age
নতুন কার্ড পাওয়ার জন্য বয়স কত হতে হবে,new_nid_card_age
নতুন ভোটার নিবন্ধনের জন্য বয়সের কনসিডারেশন কি,new_nid_card_age
নতুন ভোটার নিবন্ধনের জন্য বয়সের সীমা কত,new_nid_card_age
নতুন ভোটার হতে হলে বয়স কত হওয়া উচিত,new_nid_card_age
নতুন ভোটারের জন্য কি বয়সসীমা রয়েছে,new_nid_card_age
ভোটার তালিকায় নিবন্ধনের জন্য বয়স হতে হয়,new_nid_card_age
ভোটার হওয়ার জন্য কোন বয়স প্রয়োজন,new_nid_card_age
আমার আবেদন বাতিল হয়েছে,new_voter_application_cancelled
আমার নতুন ভোটার আবেদন বাতিল হয়ে গেছে,new_voter_application_cancelled
আমার ভোটার হওয়ার আবেদন বাতিল হয়ে গেছে,new_voter_application_cancelled
আমি একবারই ভোটার হয়েছি কিন্তু আমার নতুন ভোটার এর এপ্লাই বাতিল করা হয়েছে,new_voter_application_cancelled
আমি একবারই ভোটার হয়েছি কিন্তু আমার নতুন ভোটার আবেদন বাতিল করা হয়েছে,new_voter_application_cancelled
আমি প্রথম ভোটার হয়েছি কিন্তু আমার নতুন ভোটার আবেদন বাতিল হয়ে গেছে,new_voter_application_cancelled
আমি প্রথমবার ভোটার হয়েছি কিন্তু আবার বাতিল হয়ে গেল,new_voter_application_cancelled
আমি ফাস্টবার ভোটার হয়েছি কিন্তু আমার নতুন ভোটার আবেদন বাতিল হয়ে গেছে,new_voter_application_cancelled
নতুন ভোটার অ্যাপ্লিকেশন বাতিল হওয়ায় আমি কি করতে পারি,new_voter_application_cancelled
নতুন ভোটার আবেদন বাতিল হলে আমি কি করব,new_voter_application_cancelled
নতুন ভোটার আবেদন বাতিল হলে সমাধান কিভাবে হবে,new_voter_application_cancelled
নতুন ভোটার এপ্লিকেশন বাতিল হলে আমি কি করব,new_voter_application_cancelled
নতুন ভোটার হবার জন্য আবেদন বাতিল হলে কী করতে হবে,new_voter_application_cancelled
নিউ ভোটারের এপ্লাই বাতিল হলে কি করা যায়,new_voter_application_cancelled
ভোটার আবেদন বাতিল হলে কি কিছু করা যায়,new_voter_application_cancelled
ভোটার আবেদন বাতিল হলে সমাধান কিভাবে পাওয়া যাবে,new_voter_application_cancelled
ভোটার আবেদন বাতিল হলে সমাধান কিভাবে পাওয়া যাবে,new_voter_application_cancelled
আমার আবেদন নাকচ করেছে উপজেলা নির্বাচন অফিস,new_voter_application_not_submitted_to_upazila_or_thana_office
আমার নতুন ভোটারের আবেদন নিয়ে উপজেলা নির্বাচন অফিস কিছু করছে না,new_voter_application_not_submitted_to_upazila_or_thana_office
উপজেলা অফিসে গেলে আমার ভোটার আবেদন নিচ্ছে না,new_voter_application_not_submitted_to_upazila_or_thana_office
উপজেলা নির্বাচন অফিস আমার নতুন ভোটারের আবেদন জমা নিচ্ছে না,new_voter_application_not_submitted_to_upazila_or_thana_office
উপজেলা নির্বাচন অফিস আমার ভোটারের আবেদন নিয়ে কিছু না করায় কি করা যাবে,new_voter_application_not_submitted_to_upazila_or_thana_office
উপজেলা নির্বাচন অফিস নতুন ভোটারের আবেদন নাকচ করেছে,new_voter_application_not_submitted_to_upazila_or_thana_office
থানা নির্বাচন অফিস থেকে ভোটার আবেদন নাকচ হলে কি করতে হবে,new_voter_application_not_submitted_to_upazila_or_thana_office
নতুন ভোটার আবেদন জমা দিতে গেলে উপজেলা বা থানা অফিস নিচ্ছে না,new_voter_application_not_submitted_to_upazila_or_thana_office
নতুন ভোটার হওয়ার জন্য আবেদন জমা দিতে গেলাম,new_voter_application_not_submitted_to_upazila_or_thana_office
নতুন ভোটার হতে চেয়েছি কিন্তু উপজেলা নির্বাচন অফিস আমার আবেদন নিচ্ছে না,new_voter_application_not_submitted_to_upazila_or_thana_office
নতুন ভোটারের জন্য আবেদন জমা দিতে গেলে উপজেলা অফিস নিচ্ছে না কেন,new_voter_application_not_submitted_to_upazila_or_thana_office
ভোটার আবেদন জমা দিতে গেলে উপজেলা অফিস থেকে রিজেক্ট করেছে,new_voter_application_not_submitted_to_upazila_or_thana_office
অনলাইন ভোটার রেজিস্ট্রেশনের পর কি কি কাগজপত্র দাখিল করতে হবে,new_voter_apply_online_what_documents_needed
অনলাইনে আবেদন করার পর কোন কাগজপত্র জমা দিতে হবে,new_voter_apply_online_what_documents_needed
অনলাইনে নতুন কার্ড আবেদন করার পর জমা দিতে হবে কোন পেপারস গুলি,new_voter_apply_online_what_documents_needed
অনলাইনে নিবন্ধন আবেদন করেছি,new_voter_apply_online_what_documents_needed
আমি এখন ভোটার হিসেবে অনলাইনে আবেদন করার পর কোন দলিলাদি জমা দিতে হবে,new_voter_apply_online_what_documents_needed
কেউ যদি নতুন ভোটারের আবেদন জমা দেয় তাজলে তার কি কি ডকুমেন্টস দরকার,new_voter_apply_online_what_documents_needed
নতুন আইডি কার্ড আবেদনের পর জমা দিতে হবে কী কী ডকুমেন্ট,new_voter_apply_online_what_documents_needed
নতুন ভোটার হওয়ার জন্য অনলাইনে আবেদন করার পর কি কি কাগজ জমা দিতে হয়,new_voter_apply_online_what_documents_needed
নতুন ভোটার হওয়ার জন্য অনলাইনে আবেদন করার পর কি কি কাগজপত্র জমা দিতে হয়,new_voter_apply_online_what_documents_needed
নতুন ভোটার হওয়ার পর কাগজপত্র জমা দিতে হবে কি,new_voter_apply_online_what_documents_needed
বায়োমেট্রিক্স দেওয়ার জন্য এসএমএস পেয়েছি,new_voter_apply_online_what_documents_needed
আমার কার্ড কেন রিজেক্টেড হইলো,new_voter_but_card_rejected
আমার বয়স এইটিন নতুন ভোটার হইয়াও কেন আমার এনআইডি  কার্ড বাতিল হয়েছে,new_voter_but_card_rejected
আমি নতুন ভোটার হইছি,new_voter_but_card_rejected
আমি নতুন ভোটার হয়েছি,new_voter_but_card_rejected
নতুন ভোটার হওয়া সত্ত্বেও আমার কার্ড কেন বাতিল করা হয়েছে,new_voter_but_card_rejected
নতুন ভোটার হওয়া সত্ত্বেও আমার কার্ড কেন রিজেক্টেড হয়েছে,new_voter_but_card_rejected
নতুন ভোটার হওয়া সত্ত্বেও কার্ড বাতিল বা রিজেক্টেড কেন হয়েছে,new_voter_but_card_rejected
নতুন ভোটার হিসেবে আমার কার্ড কেন বাতিল করা হলো,new_voter_but_card_rejected
নতুন ভোটার হয়েছি,new_voter_but_card_rejected
আমি নতুন ভোটার,new_voter_can_not_download_card_with_form_number
আমি নিউ ভোটার হয়ে ফরম নাম্বার দিয়ে রেজিষ্ট্রেশন করেছি,new_voter_can_not_download_card_with_form_number
নতুন ভোটার হওয়ার পর কার্ড ডাউনলোডে কি সমস্যা হয়,new_voter_can_not_download_card_with_form_number
নতুন ভোটার হয়ে ফরম নম্বর দিয়ে রেজিষ্ট্রেশন করে কার্ড ডাউনলোড করতে পারছি না,new_voter_can_not_download_card_with_form_number
নতুন ভোটার হয়ে ফরম নাম্বার দিয়ে কার্ড ডাউনলোডে কি সমস্যা হয়,new_voter_can_not_download_card_with_form_number
নতুন ভোটার হয়েছি,new_voter_can_not_download_card_with_form_number
প্রথমবার ভোটার রেজিষ্ট্রেশন করার পর কার্ড ডাউনলোড না হওয়ার কারণ কি,new_voter_can_not_download_card_with_form_number
ফরম নম্বর দিয়ে ভোটার রেজিষ্ট্রেশন করার পর ডাউনলোডে সমস্যা কেন,new_voter_can_not_download_card_with_form_number
ফরম নম্বর দিয়ে রেজিষ্ট্রেশন করার পর কেনো আমি কার্ড ডাউনলোড করতে পারছি না,new_voter_can_not_download_card_with_form_number
ফরম নাম্বার দিয়ে রেজিস্ট্রেশন করলাম,new_voter_can_not_download_card_with_form_number
ফরম নাম্বার দিয়ে রেজিস্ট্রেশন করার পর কার্ড ডাউনলোড কেন হচ্ছে না,new_voter_can_not_download_card_with_form_number
এন মাস হলো ভোটার হয়েছি কার্ড পাব কবে,new_voter_card_getting_time
এনআইডি কার্ড পেতে কতদিন সময় লাগে,new_voter_card_getting_time
কার্ড পাওয়ার জন্য কত সময় অপেক্ষা করতে হবে,new_voter_card_getting_time
কার্ড পেতে কত সময় লাগবে,new_voter_card_getting_time
নতুন ভোটার আইডি কার্ড পাওয়ার জন্য কত সময় অপেক্ষা করতে হবে,new_voter_card_getting_time
নতুন ভোটার কার্ড পাওয়ার প্রক্রিয়া কতদিন সময় নিবে,new_voter_card_getting_time
নতুন ভোটার কার্ড পেতে কত সময় লাগবে,new_voter_card_getting_time
নতুন ভোটার কার্ড পেতে কতদিন সময় লাগে,new_voter_card_getting_time
নতুন ভোটার কার্ড প্রসেসটা কতদিন সময় নেবে,new_voter_card_getting_time
নতুন ভোটার হিসেবে রেজিস্ট্রেশন করছি অনেক দিন হল কার্ড কবে পাব,new_voter_card_getting_time
ভোটার কার্ড পাওয়ার জন্য কতদিন সময় লাগে,new_voter_card_getting_time
ভোটার কার্ড পাবার জন্য কতদিন লাগবে,new_voter_card_getting_time
অনেক আগে ভোটার ছিলাম কিন্তু কার্ড নেই নাই,new_voter_card_not_taken_has_form_no_can_not_register_online
অনেক আগে ভোটার হয়েছিলাম,new_voter_card_not_taken_has_form_no_can_not_register_online
অনেক আগে ভোটার হয়েছিলাম,new_voter_card_not_taken_has_form_no_can_not_register_online
আমার ভোটার কার্ড নেই,new_voter_card_not_taken_has_form_no_can_not_register_online
আমি অনেক আগে ভোটার হইছি,new_voter_card_not_taken_has_form_no_can_not_register_online
আমি আগে ভোটার হয়েছিলাম,new_voter_card_not_taken_has_form_no_can_not_register_online
ফরম নম্বর আছে আগে কার্ড নেই নাই অনলাইন এ রেজিস্ট্রেশন করতে পারতেছি না কি দিয়ে রেজিস্ট্রেশন করতে পারি,new_voter_card_not_taken_has_form_no_can_not_register_online
ভোটার হয়েছিলাম অনেক আগে,new_voter_card_not_taken_has_form_no_can_not_register_online
ভোটার হয়েছিলাম অনেক আগে,new_voter_card_not_taken_has_form_no_can_not_register_online
এনআইডি নিবন্ধনের জন্য ফিস প্রদান করতে হয় কি,new_voter_fees
কার্ড নিবন্ধন করতে কি কোন ফি রয়েছে,new_voter_fees
নতুন ভোটার কার্ড ইস্যুর জন্য কি পরিমাণ অর্থ দিতে হবে,new_voter_fees
নতুন ভোটার কার্ড পাওয়ার খরচ কত,new_voter_fees
নতুন ভোটার নিবন্ধনের জন্য কত টাকা ফি লাগে,new_voter_fees
নতুন ভোটার হওয়ার ব্যয় কি,new_voter_fees
নতুন ভোটার হওয়ার জন্য কত ফি দিতে হবে,new_voter_fees
নতুন ভোটার হওয়ার জন্য কি ফি জমা দিতে হয়,new_voter_fees
নতুন ভোটার হওয়ার জন্য কোন ফিস জমা দিতে হয়,new_voter_fees
নতুন ভোটার হওয়ার ফি কত,new_voter_fees
নতুন ভোটার হতে বা এনআইডি নিবন্ধনের জন্য কি পরিমাণ ফিস জমা দিতে হয়,new_voter_fees
নতুন ভোটার হতে বা কার্ড নিবন্ধনের জন্য কি পরিমাণ ফিস জমা দিতে হয়,new_voter_fees
ভোটার কার্ড করার সময় কতো টাকা লাগবে,new_voter_fees
ভোটার কার্ড পাওয়ার জন্য কতো টাকা লাগবে,new_voter_fees
ভোটার কার্ড বের করতে কত টাকা খরচ হবে,new_voter_fees
ভোটার নিবন্ধন ফি কোন পরিমাণ,new_voter_fees
ভোটার হওয়ার জন্য কোন ফি আছে কিনা,new_voter_fees
সিটি কর্পোরেশনে ভোটার কার্ড করার চার্জ কত,new_voter_fees
আমি নতুন ভোটার,new_voter_got_normal_card_when_get_smart_card
আমি নতুন ভোটার হয়ে গেছি,new_voter_got_normal_card_when_get_smart_card
আমি নতুন ভোটার হয়েছিলাম,new_voter_got_normal_card_when_get_smart_card
নতুন ভোটার নিবন্ধন করেছি,new_voter_got_normal_card_when_get_smart_card
নতুন ভোটার হিসাবে আমার এনআইডি কার্ড ডাউনলোড করেছি,new_voter_got_normal_card_when_get_smart_card
নতুন ভোটার হিসেবে আমি নরমাল অ্যানআইডি কার্ড পেয়েছি কিন্তু ডিজিটাল কার্ড কখন পাবো,new_voter_got_normal_card_when_get_smart_card
নতুন ভোটার হয়ে গিয়েছি,new_voter_got_normal_card_when_get_smart_card
নতুন ভোটার হয়েছি,new_voter_got_normal_card_when_get_smart_card
নতুন ভোটার হয়েছিলাম,new_voter_got_normal_card_when_get_smart_card
ভোটার হিসেবে নতুন নিবন্ধিত হয়েছি আমার নরমাল কার্ড পাইছি,new_voter_got_normal_card_when_get_smart_card
আমি নতুন ভোটার,new_voter_how_to_get_card
আমি ভোটার হয়েছি,new_voter_how_to_get_card
নতুন ভোটার হয়েছি,new_voter_how_to_get_card
নতুন ভোটার হিসেবে আমার কার্ড কিভাবে হাতে পাবো,new_voter_how_to_get_card
নতুন ভোটার হয়ে এনআইডি কার্ড পাবার পদ্ধতি কি,new_voter_how_to_get_card
নতুন ভোটার হয়ে কার্ড পাওয়ার প্রক্রিয়া কি,new_voter_how_to_get_card
নতুন ভোটার হয়েছি,new_voter_how_to_get_card
নতুন ভোটার আইডি ফরমে শনাক্তকারী কে লিখতে হবে,new_voter_identifier_who
নতুন ভোটার আইডির ফর্মে শনাক্তকারী কে,new_voter_identifier_who
নতুন ভোটার হওয়ার এপ্লিকেশন ফরমে শনাক্তকারী হিসেবে কার নাম লিখব,new_voter_identifier_who
নতুন ভোটার হওয়ার জন্য আবেদনে শনাক্তকারী কার নাম লিখতে হবে,new_voter_identifier_who
নতুন ভোটার হওয়ার ফরমে শনাক্তকারী কার নাম দিতে হবে,new_voter_identifier_who
নতুন ভোটারের আবেদন ফরমে শনাক্তকারী কে,new_voter_identifier_who
নতুন ভোটারের জন্য আবেদনে শনাক্তকারী কার নাম দিতে হবে,new_voter_identifier_who
নব ভোটার কার্ডের আবেদনে শনাক্তকারী কে হবে,new_voter_identifier_who
নব ভোটার নিবন্ধনে শনাক্তকারী কে হিসেবে উল্লেখ করতে হবে,new_voter_identifier_who
নব ভোটার হওয়ার আবেদনে শনাক্তকারী হিসেবে কার নাম থাকবে,new_voter_identifier_who
নব ভোটার হওয়ার জন্য এপ্লাই ফরমে শনাক্তকারী কে হবে,new_voter_identifier_who
নব ভোটার হওয়ার জন্য ফরমে শনাক্তকারী কে হবে,new_voter_identifier_who
নব ভোটারের আবেদনে শনাক্তকারী কে হবে,new_voter_identifier_who
প্রথম ভোটার হওয়ার আবেদন ফরমে শনাক্তকারী কে,new_voter_identifier_who
প্রথম ভোটার হওয়ার ফরমে শনাক্তকারী কে লিখব,new_voter_identifier_who
প্রথম ভোটারের জন্য কাগজে শনাক্তকারী কে লিখতে হবে,new_voter_identifier_who
প্রথমবার ভোটার নিবন্ধনের ফর্মে শনাক্তকারী হিসেবে কার নাম থাকবে,new_voter_identifier_who
অনেক দিন হয়ে গেল কোন মেসেজ পাচ্ছি না,new_voter_no_messages_from_upzila_or_thana
আমার নতুন ভোটার নিবন্ধনের পর কোনো মেসেজ আসেনি,new_voter_no_messages_from_upzila_or_thana
আমি নতুন ভোটারের জন্য আবেদন করেছি,new_voter_no_messages_from_upzila_or_thana
আমি ভোটার আইডি কার্ডের জন্য আবেদন করেছি কিন্তু কোনো এসএমএস আসেনি উপজেলা থেকে,new_voter_no_messages_from_upzila_or_thana
নতুন ভোটার আইডি করার পর এসএমএস না পেলে কি করবো,new_voter_no_messages_from_upzila_or_thana
নতুন ভোটার আবেদন করার পর থানা থেকে এসএমএস না আসলে কি করা উচিত,new_voter_no_messages_from_upzila_or_thana
নতুন ভোটার নিবন্ধনের পর এসএমএস না পেলে কি করতে হবে,new_voter_no_messages_from_upzila_or_thana
নতুন ভোটার হবার জন্য আবেদন করেছি,new_voter_no_messages_from_upzila_or_thana
নতুন ভোটার হবার জন্য আবেদন করেছি কিন্তু কোনো মেসেজ পাইনি,new_voter_no_messages_from_upzila_or_thana
নতুন ভোটার হয়ে মেসেজ না পেলে কি করা যায়,new_voter_no_messages_from_upzila_or_thana
নতুন ভোটার হয়ে ম্যাসেজ না পাওয়ার পর কি করবো,new_voter_no_messages_from_upzila_or_thana
নতুন ভোটারের আবেদন করেছি,new_voter_no_messages_from_upzila_or_thana
নতুন ভোটারের এপ্লাই করার পর কেন এসএমএস আসছে না,new_voter_no_messages_from_upzila_or_thana
নতুন ভোটারের জন্য আবেদন করা হয়েছে কিন্তু এসএমএস আসছে না কেন,new_voter_no_messages_from_upzila_or_thana
নতুন ভোটারের জন্য আবেদন করেছি কিন্তু এসএমএস পাইনি,new_voter_no_messages_from_upzila_or_thana
ভোটার নিবন্ধনের আবেদন করার পর উপজেলা থেকে মেসেজ না আসলে কি করতে হবে,new_voter_no_messages_from_upzila_or_thana
অনলাইনে আবেদন করার পর কী কী কাগজপত্র জমা দেওয়া দরকার,new_voter_online_what_documents_to_submit
অনলাইনে আবেদন করার পর কোন কাগজপত্র জমা দিতে হবে,new_voter_online_what_documents_to_submit
আমার বয়স আঠার হয়ে গেছে নতুন ভোটারের আবেদন জমা দেওয়ার সময় কি কি ডকুমেন্টস দরকার,new_voter_online_what_documents_to_submit
আমার বয়স আঠারো অনলাইনে আবেদন দেওয়ার পর কি কি কাগজপত্র জমা দিতে হবে,new_voter_online_what_documents_to_submit
আমি নতুন ভোটার হওয়ার জন্য অনলাইনে অ্যাপ্লিকেশন করার পর কি কি পেপারস জমা দিতে হয়,new_voter_online_what_documents_to_submit
জাতীয় পরিচয়পত্রের জন্য কোন কোন কাগজপত্র লাগবে,new_voter_online_what_documents_to_submit
নতুন নিবন্ধনের জন্য কি কি ডকুমেন্ট জমা দিতে হয়,new_voter_online_what_documents_to_submit
নতুন ভোটার হওয়ার জন্য অনলাইনে আবেদন করার পর কি কি কাগজপত্র জমা দিতে হয়,new_voter_online_what_documents_to_submit
নতুন ভোটার হওয়ার জন্য অনলাইনে আবেদন করার পর কি কি ডক্স জমা দিতে হয়,new_voter_online_what_documents_to_submit
নতুন ভোটার হওয়ার জন্য কি কি কাগজ লাগে,new_voter_online_what_documents_to_submit
নতুন ভোটার হওয়ার পর কাগজ জমা দিতে হবে কি,new_voter_online_what_documents_to_submit
নতুন ভোটার হওয়ার পর কাগজপত্র জমা দিতে হবে কি,new_voter_online_what_documents_to_submit
নতুন ভোটারের আবেদন জমা দেওয়ার সময় কি কি ডকুমেন্টস দরকার,new_voter_online_what_documents_to_submit
ভোটার হওয়ার জন্য কোন কোন দলিল লাগে,new_voter_online_what_documents_to_submit
ভোটার হওয়ার পর কোন ডকুমেন্ট জমা দিতে হবে,new_voter_online_what_documents_to_submit
ভোটারের জন্য আবেদন করার সময় কি কি কাগজপত্র লাগবে,new_voter_online_what_documents_to_submit
একজন নাগরিক কোন কোন শর্তে এনআইডি করতে পারে,new_voter_pre_condition
এনআইডি নিবন্ধনের পূর্ব শর্ত কি কি,new_voter_pre_condition
গ্রাম বা শহরে কিভাবে ভোটার হওয়া যায়,new_voter_pre_condition
নতুন ভোটার হওয়ার পূর্ব শর্ত কি কি,new_voter_pre_condition
বয়স্ক হলে কি স্বয়ংক্রিয়ভাবে ভোটার হই,new_voter_pre_condition
ভোটার তালিকায় নাম লিখাতে কি কি করতে হয়,new_voter_pre_condition
ভোটার হওয়ার আগে কি কি শর্ত থাকে,new_voter_pre_condition
ভোটার হওয়ার জন্য কি কি যোগ্যতা লাগে,new_voter_pre_condition
ভোটার হওয়ার জন্য কোন শর্ত মেনে চলতে হবে,new_voter_pre_condition
ভোটার হওয়ার পূর্ব শর্ত কী কী,new_voter_pre_condition
ভোটার হওয়ার আগে কি কি শর্ত থাকে,new_voter_pre_condition
ভোটার হওয়ার জন্য কি কি যোগ্যতা লাগে,new_voter_pre_condition
ভোটার হওয়ার জন্য কি কি শর্ত পূরণ করতে হয়,new_voter_pre_condition
ভোটার হওয়ার জন্য কোন শর্ত মেনে চলতে হবে,new_voter_pre_condition
ভোটার হওয়ার পূর্ব শর্ত কি কি,new_voter_pre_condition
ভোটার হওয়ার পূর্ব শর্ত কী কী,new_voter_pre_condition
ভোটার হতে কতটুকু বয়স হতে হয়,new_voter_pre_condition
ভোটার হতে গেলে কী কী শর্ত পূরণ করতে হবে,new_voter_pre_condition
ভোটার হতে গেলে কোন ধরনের সনদ প্রয়োজন,new_voter_pre_condition
ভোটার হতে গেলে কোন শর্ত পূর্ণ করতে হবে,new_voter_pre_condition
ভোটার হতে হলে কি কি যোগ্যতা থাকতে হবে,new_voter_pre_condition
ভোটার হবার জন্য কী কী কাগজপত্র লাগবে,new_voter_pre_condition
অনলাইনে আবেদন করার পর কিভাবে ফরম জমা দিতে হবে,new_voter_registered_where_To_submit_the_downloaded_form
অনলাইনে আবেদন করার পর ফর্ম কোথায় জমা দিব,new_voter_registered_where_To_submit_the_downloaded_form
অনলাইনে ফরম জমা দেওয়ার স্থান কোথায়,new_voter_registered_where_To_submit_the_downloaded_form
অনলাইনে ভোটার আবেদন জমা দেওয়ার পর কাগজপত্র কোথায় জমা দিতে হবে,new_voter_registered_where_To_submit_the_downloaded_form
অনলাইনে ভোটার হওয়ার আবেদন ফর্ম কোথায় জমা দেবো,new_voter_registered_where_To_submit_the_downloaded_form
নতুন ভোটার হওয়ার জন্য অনলাইনে আবেদন করেছি,new_voter_registered_where_To_submit_the_downloaded_form
নতুন ভোটার হওয়ার জন্য অনলাইনে আবেদন করেছি,new_voter_registered_where_To_submit_the_downloaded_form
প্রথমবার ভোটার হিসেবে অনলাইনে ফর্ম পূরণ করার পর কোথায় জমা দিতে হবে,new_voter_registered_where_To_submit_the_downloaded_form
ফর্ম ডাউনলোড করে জমা দেওয়ার জন্য কোথায় যেতে হবে,new_voter_registered_where_To_submit_the_downloaded_form
ভোটার নিবন্ধন ফরম ডাউনলোড করার পর কোথায় জমা দিবো,new_voter_registered_where_To_submit_the_downloaded_form
আমার পরিচিত একজন নতুন ভোটার হয়েছে এখন প্লাস্টিকের কার্ড হাতে পাবে কিভাবে,new_voter_smart_card_how_to_get
আমার ভাই নতুন ভোটার হিসেবে স্মার্ট কার্ড কিভাবে পেতে পারি,new_voter_smart_card_how_to_get
নতুন ভোটার হওয়ার পর স্মার্ট কার্ড কিভাবে সংগ্রহ করা যাবে,new_voter_smart_card_how_to_get
নতুন ভোটার হয়ে স্মার্ট কার্ড পেতে কি করতে হবে,new_voter_smart_card_how_to_get
নতুন ভোটার হয়ে স্মার্ট কার্ড সংগ্রহ করার প্রক্রিয়া কি,new_voter_smart_card_how_to_get
নতুন ভোটার হয়ে স্মার্ট বা প্লাস্টিকের কার্ড পেতে কি করতে হবে,new_voter_smart_card_how_to_get
নতুন ভোটার হয়েছি,new_voter_smart_card_how_to_get
অ্যাডজুডিকেশন পেন্ডিং অবস্থায় থাকা আমার এনআইডি জন্য কি করতে হবে,nid_adjudication_pending
অ্যাডজুডিকেশন পেন্ডিং অবস্থায় থাকা এনআইডি আবেদন নিয়ে কি করতে পারি,nid_adjudication_pending
অ্যাডজুডিকেশন পেন্ডিং অবস্থায় থাকা এনআইডি আবেদন নিয়ে কি করতে হবে,nid_adjudication_pending
অ্যাডজুডিকেশন পেন্ডিং অবস্থায় থাকা এনআইডি এর জন্য কি করণীয়,nid_adjudication_pending
আমার এনআইডি আবেদন অ্যাডজুডিকেশন পেন্ডিং,nid_adjudication_pending
আমি নতুন এনআইডি বা ভোটারের জন্য আবেদন করেছিলাম কিন্তু এখনো অ্যাডজুডিকেশন পেন্ডিং অবস্থায় আছে। কি করতে হবে,nid_adjudication_pending
এনআইডি বা ভোটার আবেদন পেন্ডিং অবস্থায় থাকলে কি করণীয়,nid_adjudication_pending
এনআইডি বা ভোটার আবেদন পেন্ডিং অবস্থায় থাকলে কি করতে হবে,nid_adjudication_pending
নতুন এনআইডি আবেদন করার পরেও অ্যাডজুডিকেশন পেন্ডিং কেন,nid_adjudication_pending
নতুন এনআইডি আবেদন করার পরেও পেন্ডিং অবস্থায় থাকলে কি ব্যবস্থা নিতে হবে,nid_adjudication_pending
নতুন এনআইডি আবেদন করে দিলাম কিন্তু অ্যাডজুডিকেশন পেন্ডিং কেনো,nid_adjudication_pending
নতুন এনআইডি আবেদন করে দিয়েছি কিন্তু এখনো অ্যাডজুডিকেশন পেন্ডিং,nid_adjudication_pending
নতুন এনআইডি আবেদন করে দিয়েছি কিন্তু এখনো পেন্ডিং,nid_adjudication_pending
নতুন এনআইডি আবেদন করে দিয়েছি কিন্তু পেন্ডিং অবস্থায়,nid_adjudication_pending
নতুন এনআইডি আবেদনের পরেও পেন্ডিং অবস্থায় আছি,nid_adjudication_pending
নতুন এনআইডি বা ভোটার আবেদন করেছিলাম কিন্তু এখনো অ্যাডজুডিকেশন পেন্ডিং অবস্থায় আছে। কি করণীয়,nid_adjudication_pending
নতুন এনআইডি বা ভোটার আবেদন করেছিলাম কিন্তু এখনো অ্যাডজুডিকেশন পেন্ডিং অবস্থায় আছে। কি করনীয়,nid_adjudication_pending
নতুন এনআইডি বা ভোটারের আবেদন পেন্ডিং থাকলে কি করণীয়,nid_adjudication_pending
নতুন ভোটার আবেদন করার পরেও অ্যাডজুডিকেশন পেন্ডিং অবস্থায় আছি,nid_adjudication_pending
নতুন ভোটার আবেদন করে দিয়েছি কিন্তু এখনো অ্যাডজুডিকেশন পেন্ডিং,nid_adjudication_pending
নতুন ভোটার আবেদন করেছি কিন্তু এখনো পেন্ডিং,nid_adjudication_pending
নতুন ভোটার আবেদন পেন্ডিং আছে,nid_adjudication_pending
নতুন ভোটার আবেদন পেন্ডিং রয়েছে,nid_adjudication_pending
নতুন ভোটার নিবন্ধন করা হলেও পেন্ডিং অবস্থায় আছে,nid_adjudication_pending
নতুন ভোটার নিবন্ধন করে দিয়েছি কিন্তু পেন্ডিং অবস্থায় আছে,nid_adjudication_pending
নতুন ভোটারের জন্য আবেদন করেছি কিন্তু এখনো পেন্ডিং,nid_adjudication_pending
দশ ডিজিট নম্বর দিয়ে পাসপোর্ট যাচাই করা সম্ভব হচ্ছে না,nid_digit_format_missmatch_in_passport
দশ ডিজিটের এনআইডি নম্বর দিয়ে পাসপোর্ট কেন ভেরিফাই করা যাচ্ছে না,nid_digit_format_missmatch_in_passport
পাসপোর্ট ভেরিফিকেশনে দশ ডিজিট এর এন.অ্যাঁই.ডি. নম্বর কাজ করে না কেন,nid_digit_format_missmatch_in_passport
পাসপোর্ট ভেরিফিকেশনে সতর ডিজিট এর এন.অ্যাঁই.ডি. নম্বর কাজ করে না কেন,nid_digit_format_missmatch_in_passport
পাসপোর্টে দশ ডিজিট এর অ্যানআইডি নম্বর দিয়ে ভেরিফিকেশন কাজ করছে না,nid_digit_format_missmatch_in_passport
পাসপোর্টের ক্ষেত্রে দশ ডিজিট এর ভোটার কার্ড নম্বর দিয়ে ভেরিফাই করা যায় না কেন অপরদিকে সতেরো ডিজিট নম্বর ব্যবহার করলে ভেরিফাই করা সম্ভব হয়।,nid_digit_format_missmatch_in_passport
পাসপোর্টের ক্ষেত্রে দশ ডিজিট নম্বর দিয়ে ভেরিফাই করা যায় না কেন অপরদিকে সতেরো ডিজিট নম্বর ব্যবহার করলে ভেরিফাই করা সম্ভব হয়।,nid_digit_format_missmatch_in_passport
পাসপোর্টের ক্ষেত্রে ১০ ডিজিট নম্বর দিয়ে ভেরিফাই করা যায় না কেন অপরদিকে সতেরো ডিজিট নম্বর ব্যবহার করলে ভেরিফাই করা সম্ভব হয়।,nid_digit_format_missmatch_in_passport
পাসপোর্টের সতেরো ডিজিট এর কার্ড নম্বর দিয়ে ভেরিফাই করা সম্ভব,nid_digit_format_missmatch_in_passport
আইডি কার্ড দেখে লাগতেছে এইটাতে আরেকজন এর ছবি,nid_information_misentry_correction_procedure
আমার এনআইডি কার্ড এ অন্য ব্যক্তির তথ্য চলে এসেছে। কিভাবে সংশোধন করা যাবে,nid_information_misentry_correction_procedure
আমার এনআইডিতে অন্য কারো তথ্য এসেছে,nid_information_misentry_correction_procedure
আমার কার্ড এর আরেক লোক এর তথ্য আসছে,nid_information_misentry_correction_procedure
আমার কার্ডে আরকেজন এর নাম চলে আসছে,nid_information_misentry_correction_procedure
আমার নিজের কার্ডে আরেকজনের কার্ড এর তথ্য সংশোধনের পদ্ধতি কী,nid_information_misentry_correction_procedure
আরকেজন এর কার্ড এর লেখা আমার কার্ড এ চইলা আসছে,nid_information_misentry_correction_procedure
আরকেজন কার্ড এর তথ্য ছাপা হইছে আমার কার্ড এ,nid_information_misentry_correction_procedure
এনআইডি কার্ডে তথ্য পরিবর্তনের প্রক্রিয়া কী,nid_information_misentry_correction_procedure
এনআইডি কার্ডে ভুল তথ্য এসেছে,nid_information_misentry_correction_procedure
এনআইডি কার্ডে ভুল নাম এসেছে,nid_information_misentry_correction_procedure
এনআইডি তে ভুল তথ্য গেলে কীভাবে ঠিক করা যাবে,nid_information_misentry_correction_procedure
এনআইডি তে ভুল সংশোধনের জন্য আবেদন কোথায় করবো,nid_information_misentry_correction_procedure
এনআইডি সংশোধনের জন্য কোথায় যোগাযোগ করতে হবে,nid_information_misentry_correction_procedure
কার্ড এ অন্য ব্যক্তির তথ্য চলে এসেছে। এ ভুল কিভাবে সংশোধন করা যাবে,nid_information_misentry_correction_procedure
কার্ড এ আরেক লোক এর তথ্য আসছে,nid_information_misentry_correction_procedure
কার্ড এর এক সাইড এ আমার তথ্য আসছে,nid_information_misentry_correction_procedure
কার্ড এর ছবি আমার কিন্তু সব তথ্য আরেকজন এর কি করতে পারি এইটা নিয়ে,nid_information_misentry_correction_procedure
কার্ডে অন্যের তথ্য দেখাচ্ছে,nid_information_misentry_correction_procedure
কার্ডে আরকেজন এর তথ্য প্রিন্ট হয়ে গেছে যা বুঝতেছি কীভাবে ঠিক করা যাবে,nid_information_misentry_correction_procedure
কার্ডে আরেকজন এর কিন্তু ইনফরমেশন প্রিন্ট হয়ে গেছে,nid_information_misentry_correction_procedure
কার্ডে আরেকজন এর তথ্য আসছে কিন্তু ছবি আমার এখন এইটা কিভবে ঠিক করানো যাবে,nid_information_misentry_correction_procedure
কার্ডে মারাত্মক ভুল হইছে,nid_information_misentry_correction_procedure
কার্ডে সামনের পার্ট টায় আমার তথ্য আসছে,nid_information_misentry_correction_procedure
বয়স পূর্ণ হওয়ার পর এনআইডি কার্ডধারী কবে ভোটার হবে,nid_information_misentry_correction_procedure
লাগতেছে আমারকার্ডে অন্যের তথ্য এসেছে,nid_information_misentry_correction_procedure
আজকাল এনআইডি ম্যাচ ফাউন্ড হয়েছে হওয়ায় আমার ভোটার কার্ড যাচাইয়ে সমস্যা হচ্ছে,nid_match_found_verification_failed_how_to_solve
আমার এনআইডি ম্যাচ ফাউন্ড হয়েছে বা এনআইডি ম্যাচ ফাউন্ড হয়ে গেছে,nid_match_found_verification_failed_how_to_solve
আমার ভোটার তথ্য যাচাই করতে পারছি না,nid_match_found_verification_failed_how_to_solve
আমি এই প্রহমবার ভোটার হয়েছি কিন্তু এনআইডি ম্যাচ ফাউন্ড এসেছে বলে যাচাই করতে পারছি না,nid_match_found_verification_failed_how_to_solve
আমি একবারই ভোটার হয়েছি,nid_match_found_verification_failed_how_to_solve
আমি একবারই ভোটার হয়েছি,nid_match_found_verification_failed_how_to_solve
এনআইডি ম্যাচ ফাউন্ড বা এনআইডি ম্যাচ ফাউন্ড দেখছি কিন্তু ভোটার তথ্য যাচাইয়ে কাজ হচ্ছে না,nid_match_found_verification_failed_how_to_solve
এনআইডি ম্যাচ ফাউন্ড বা এনআইডি ম্যাচ ফাউন্ড হয়েছে হয়ে গেছে,nid_match_found_verification_failed_how_to_solve
কেন আমার এনআইডি ম্যাচ ফাউন্ড এনআইডি ম্যাচ ফাউন্ড হচ্ছে এবং কিভাবে এই সমস্যা মিটাবো,nid_match_found_verification_failed_how_to_solve
ভোটার তথ্য যাচাইয়ে সমস্যা হচ্ছে,nid_match_found_verification_failed_how_to_solve
দ্বৈত নাগরিকত্ব সনদ নিতে কাদের কাছে আবেদন করতে হবে,nid_opportunity_for_foreign_spouse
বিদেশি স্বামী বা স্ত্রীর এনআইডি নেওয়ার সুযোগ আছে কি,nid_opportunity_for_foreign_spouse
বিয়ে করে বাংলাদেশে থাকলে কি এনআইডি পাওয়া সম্ভব,nid_opportunity_for_foreign_spouse
বিয়ে সূত্রে কি বিদেশিরা বাংলাদেশি এনআইডি নিতে পারবেন,nid_opportunity_for_foreign_spouse
বৈবাহিক কারণে কি কোনো বিদেশি নাগরিক এনআইডি পেতে পারেন,nid_opportunity_for_foreign_spouse
বৈবাহিক ভিত্তিতে কোনো বিদেশিকে কি এনআইডি দেওয়া হয়,nid_opportunity_for_foreign_spouse
বৈবাহিক সম্পর্কের মাধ্যমে বিদেশি নাগরিক কি এনআইডি পাবেন,nid_opportunity_for_foreign_spouse
বৈবাহিক সূত্রে কোন বিদেশি নাগরিকের এনআইডি পাওয়ার সুযোগ আছে কি,nid_opportunity_for_foreign_spouse
বৈবাহিক সূত্রে বিদেশিরা কিভাবে এনআইডি পাবেন,nid_opportunity_for_foreign_spouse
এনআইডি ওয়ালেট অ্যাপ কি আইফোনে পাওয়া যাবে,nid_registration_age
এনআইডি রেজিস্ট্রেশনের জন্য বয়স কত প্রয়োজন,nid_registration_age
নতুন এনআইডি করার জন্য ন্যূনতম বয়স কত লাগবে,nid_registration_age
নতুন এনআইডি নিবন্ধনের জন্য বয়স কত হতে হয়,nid_registration_age
নতুন ভোটার হওয়ার জন্য বয়স কত লাগবে,nid_registration_age
প্রথমবার এনআইডি করতে হলে বয়স কত হতে হবে,nid_registration_age
অ্যানআইডি এর এপ্লিকেশন টা পেতে হলে কোথায় যেতে হবে,nid_wallet_download
আমি এন আই ডি ওয়ালেট এপ টা কই থেকে ডাউনলোড করতে পারব,nid_wallet_download
আমি এনআইডি এপ টা কোথা থেকে নামাইতে পারি,nid_wallet_download
এন আই ডি ওয়ালেট কোথা থেকে ডাউনলোড করতে পারি,nid_wallet_download
এনআইডি ওয়ালেট এপ টার ডাউনলোড করার লিঙ্ক কোথায়,nid_wallet_download
এনআইডি ওয়ালেট কোথায় পাবো,nid_wallet_download
এনআইডি ওয়ালেট কোথায় পাবো,nid_wallet_download
ওয়ালেট অ্যাপ কোথায় পাওয়া যাবে,nid_wallet_download
কার্ড এর আপ্লিকেশন টা ডাউনলোড করতে হবে কিভাবে,nid_wallet_download
আমি এন আই ডি ওয়ালেট এপটা ডাউনলোড করতে পারছি না,nid_wallet_download_alternative
আমি কার্ড এর অ্যাপ ডাউনলোড করতে পারছি না,nid_wallet_download_alternative
এনআইডি ওয়ালেট অ্যাপ ডাউনলোড করতে পারছি না,nid_wallet_download_alternative
এনআইডি ওয়ালেট এপ্লিকেশনটা ডাউনলোড না হলে আমি কী করব,nid_wallet_download_alternative
এনআইডি ওয়ালেট ডাউনলোড করতে পারছি না,nid_wallet_download_alternative
এনআইডি ওয়ালেট ডাউনলোড করতে পারছি না,nid_wallet_download_alternative
ওয়ালেট ডাউনলোড না হলে কি সমাধান আছে,nid_wallet_download_alternative
কার্ড এর যেই অ্যাপস টা আছে সেটা নামাতে পারতেছি না কিভাবে কি করব,nid_wallet_download_alternative
অ্যান্ড্রয়েড ফোন না থাকলে আইফোন দিয়ে এনআইডি ওয়ালেট কিভাবে ডাউনলোড করবো,nid_wallet_download_iphone
অ্যান্ড্রোয়েড ফোন ছাড়া অ্যাপটা পেতে কি করতে হবে,nid_wallet_download_iphone
অ্যান্ড্রোয়েড ফোন না থাকলে আমি কি এনআইডি ওয়ালেট এপ্লিকেশনটা কিভাবে নামাতে পারি,nid_wallet_download_iphone
অ্যাপেল এ এনআইডি ওয়ালেট অ্যাপ ডাউনলোড করব কীভাবে,nid_wallet_download_iphone
অ্যাপেল দিয়ে এনআইডি এপ টা ডাউনলোড কিভাবে করবো,nid_wallet_download_iphone
আই ফোন ব্যবহার করলে কার্ড এর অ্যাপ কোথায় পাব,nid_wallet_download_iphone
আইফোন ব্যবহার করে এনআইডি ওয়ালেট ইনস্টল করার উপায় কী,nid_wallet_download_iphone
আইফোনে ফোন ছাড়া এন আই ডি ওয়ালেট এপ ডাউনলোড করতে পারবো কী,nid_wallet_download_iphone
আমার অ্যান্ড্রয়েড ফোন নাই,nid_wallet_download_iphone
আমার অ্যান্ড্রয়েড ফোন নাই,nid_wallet_download_iphone
আমার অ্যান্ড্রোয়েড ডিভাইস না,nid_wallet_download_iphone
আমার অ্যান্ড্রোয়েড ফোন নাই,nid_wallet_download_iphone
আমার আইফোন আছে,nid_wallet_download_iphone
আমার কাছে অ্যান্ড্রোয়েড ফোন না থাকলে কার্ড এর আপটা কীভাবে ডাউনলোড করব,nid_wallet_download_iphone
আমি আই ফোনে ব্যবহার করি,nid_wallet_download_iphone
এনআইডি একাউন্ট লক সমস্যা কবে ঠিক হবে,nid_wallet_download_iphone
এনআইডি ওয়ালেট অ্যাপ আইফোনে কিভাবে পাবো,nid_wallet_download_iphone
এনআইডি ওয়ালেট আইফোন এ কিভাবে ডাউনলোড করব,nid_wallet_download_iphone
অ্যান্ড্রয়েড ছাড়া এনআইডি ওয়ালেট ইনস্টল করার বিকল্প আছে কি,no_android_phone
অ্যান্ড্রয়েড না থাকলে এনআইডি ওয়ালেট কীভাবে অ্যাক্সেস করবো,no_android_phone
অ্যান্ড্রয়েড ফোন ছাড়া এনআইডি ওয়ালেট ডাউনলোড করার কোনো উপায় আছে কি,no_android_phone
অ্যান্ড্রয়েড ফোন না থাকলে এনআইডি ওয়ালেট নেওয়ার উপায় কী,no_android_phone
অ্যান্ড্রয়েড ফোন নেই,no_android_phone
আমার ফোন অ্যান্ড্রয়েড নয়,no_android_phone
আমার ফোন অ্যান্ড্রয়েড না,no_android_phone
আমি অ্যান্ড্রয়েড ফোন ব্যবহার করি না,no_android_phone
এনআইডি ওয়ালেট শুধু অ্যান্ড্রয়েড ফোনে চলে আমি কী করবো,no_android_phone
আমার এননাইডি কার্ড সংশোধন হয়েছে,no_download_option_after_correction
আমার কার্ডের সংশোধন হয়েছে তবে ডাউনলোড করা যাচ্ছে না।,no_download_option_after_correction
এনআইডি কার্ড সংশোধন হয়েছে,no_download_option_after_correction
এনআইডি সংশোধনের পর কার্ড ডাউনলোড করতে পারছি না,no_download_option_after_correction
কার্ড সংশোধন হয়ে গেছে,no_download_option_after_correction
সংশোধন প্রক্রিয়া শেষ,no_download_option_after_correction
সংশোধনের পর অ্যানআইডি কার্ড ডাউনলোড করার কোনো উপায় নেই।,no_download_option_after_correction
সংশোধনের পর কার্ড ডাউনলোড করার জন্য কোনো বাটন নেই।,no_download_option_after_correction
সংশোধনের মেসেজ পেয়েছি কিন্তু কার্ড ডাউনলোড করতে পারছি না,no_download_option_after_correction
সংশোধনের মেসেজ পেয়েছি কিন্তু কোথাও নামানোর অপশন দেখছি না।,no_download_option_after_correction
আমার ডিভাইসে এনআইডি অ্যাপে ফেস ভেরিফিকেশন স্টেপে সমস্যার সমাধান কী,no_face_verification
এন আই ডি ওয়ালেট এ মুখ এর ছবি দিয়ে যে ভেরিফিকেশন সেটায় সমস্যা দেখা দিচ্ছে,no_face_verification
এনআইডি ওয়ালেট অ্যাপের ফেস ভেরিফিকেশন ফিচার কাজ করছে না ফেইল করতেছে,no_face_verification
এনআইডি ওয়ালেট এ ফেস ভেরিফিকেশন করতে পারছি না।,no_face_verification
এনআইডি ওয়ালেট এ ফেস ভেরিফিকেশন করতে পারছি না।,no_face_verification
এনআইডি ওয়ালেট ফেস ভেরিফিকেশন আটকে যাচ্ছে,no_face_verification
এনআইডি ফেস ভেরিফিকেশন করার সময় বারবার ত্রুটি দেখাচ্ছে,no_face_verification
ওয়ালেট এপ্লিকেশন এ ফেস ভেরিফিকেশন সাকসেস হচ্ছে না,no_face_verification
কার্ড এর অ্যাপে ফেস ভেরিফাই হচ্ছে না,no_face_verification
ফেস এর স্টেপ ক্লিয়ার করছি সম্পন্ন হচ্ছে না,no_face_verification
ফেস ভেরিফিকেশন হচ্ছে না এপ এ,no_face_verification
আগের আইডি কার্ড স্বামীর নাম ছিলো,no_husband_name_in_smart_card
আগের আইডি কার্ডে স্বামীর নাম ছিল,no_husband_name_in_smart_card
আগের ন্যাশনাল আইডি কার্ডে হাজবেন্ড নাম ছিল,no_husband_name_in_smart_card
আমার পুরোনো কার্ডে জামাইর নাম ছিল,no_husband_name_in_smart_card
আমার স্মার্ট বা নতুন ডিজিটাল কার্ডে হাবির নাম কেন নেই যখন আগের কার্ডে আছে,no_husband_name_in_smart_card
আমি আইডি কার্ডে স্বামীর নাম পেতে চাচ্ছি,no_husband_name_in_smart_card
আমি জানতে চাই স্মার্ট কার্ডে স্বামীর নাম কেন নেই,no_husband_name_in_smart_card
পূর্ববর্তী কাগজের আইডি কার্ডে বাচ্চার বাবার নাম ছিল,no_husband_name_in_smart_card
স্মার্ট কার্ডে স্বামীর নাম না থাকার কারণ কী,no_husband_name_in_smart_card
স্মার্ট কার্ডে স্বামীর নাম না দেখে আমি কি করতে পারি,no_husband_name_in_smart_card
অনলাইন এ কার্ড রেজিষ্ট্রেশন এ ওটিপি আসতেছে না,no_otp_in_registration
আমার নাম্বারে ওটিপি আসছে না,no_otp_in_registration
আমি ওটিপি পাচ্ছি না,no_otp_in_registration
এনআইডি অনলাইন রেজিষ্ট্রেশন করেছি,no_otp_in_registration
ওটিপি আসতে কি পরিমান টাইম লাগে,no_otp_in_registration
কার্ড এ অনলাইন রেজিষ্ট্রেশন করেছি,no_otp_in_registration
কার্ড এর জন্য মোবাইলে রেজিস্ট্রেশন করছি এখন কোড আসতেছে না সমাধান কী,no_otp_in_registration
কার্ড এর পোর্টাল রেজিষ্ট্রেশন করার সময় মেসেজ এ কোড না আসলে কি করণীয়,no_otp_in_registration
মোবাইলে এ ওটিপি না আসলে কীভাবে সমস্যার সমাধান করবো,no_otp_in_registration
যদি রেজিস্ট্রেশনের পর ওটিপি না আসে তাহলে কই যাব,no_otp_in_registration
রেজিস্ট্রেশন করছি কিন্তু মোবাইলে ওয়ান টাইম পাসওয়ার্ড আসে নাই কি করবো,no_otp_in_registration
রেজিস্ট্রেশনের পর ওয়ান টাইম পাসওয়ার্ড আসে নাই কি করবো,no_otp_in_registration
আমার নিজের বাড়ি নাই ভোটার এলাকায়,no_own_house_in_voter_area
আমার বাড়ি না থাকলে সেই এলাকা থেকে কি ভোটার হতে পারব,no_own_house_in_voter_area
আমার বাড়ি নাই যেখানে ভোটার হতে চাচ্ছি সেখানে,no_own_house_in_voter_area
আমার ভোটার এলাকা পরিবর্তন করে ভোটার হতে কি সমস্যা হবে,no_own_house_in_voter_area
আমি ভোটার এলাকা যেখানে সেখানের আন্ডারে আমার বাড়ি নাই,no_own_house_in_voter_area
আমি যেখানে থাকি সেখানে ভোটার নই,no_own_house_in_voter_area
নিজের বাড়ি না থাকলে আমি কি ভোটার হতে পারি,no_own_house_in_voter_area
ভোটার এলাকায় আমার বাড়ি ঘর নাই,no_own_house_in_voter_area
ভোটার এলাকায় আমি যদি না থাকি,no_own_house_in_voter_area
ভোটার এলাকায় নিজের বাড়ি না থাকলে কি ভোটার হওয়া যাবে,no_own_house_in_voter_area
আমার উপজেলার নাম আমার কার্ড এ নাই,no_upzila_in_online_registration
আমার এনআইডি-এর ঠিকানায় উপজেলার ঘর ফাঁকা,no_upzila_in_online_registration
আমার কার্ড এ উপজেলা দেওয়া নাই কিভাবে রেজিস্ট্রেশন করব,no_upzila_in_online_registration
আমার কার্ড এর পিছনে উপজেলা নাই,no_upzila_in_online_registration
আমার কার্ড-এর ঠিকানায় উপজেলার ঘর ফাঁকা,no_upzila_in_online_registration
উপজেলার ঘর ফাকা কার্ড এ,no_upzila_in_online_registration
কার্ড এর উপজেলা দেওয়া নাই কিভাবে রেজিস্ট্রেশন করতে হবে,no_upzila_in_online_registration
কার্ড এর পিছনে এড্রেস এ থানার নাম নাই,no_upzila_in_online_registration
কার্ডের ঠিকানায় উপজেলার ঘর ফাঁকা থাকলে কি অনলাইনে রেজিষ্ট্রেশন করা যাবে,no_upzila_in_online_registration
কার্ডের রেজিষ্ট্রেশনে উপজেলার ঘর ফাঁকা থাকলে কি করা উচিত,no_upzila_in_online_registration
ঠিকানায় উপজেলার ঘর ফাঁকা থাকার কারণে অনলাইন পোর্টাল এ নিবন্ধন করতে সমস্যা হচ্ছে,no_upzila_in_online_registration
আপনার স্থায়ী ঠিকানায় উপজেলা দেয়া না থাকলে কি করতে হবে,no_upzila_in_permananet_address
আমার গ্রামের বাড়ির আসল যে ঠিকানা কার্ড এর পিছনে আছে সেটায় উপজেলা নেই,no_upzila_in_permananet_address
গ্রামের আসল বাড়ির ঠিকানায় উপজেলা বা থানা না থাকার ক্ষেত্রে কি করতে হবে,no_upzila_in_permananet_address
পার্মানেন্ট এড্রেস এ উপজেলা না থাকলে কি করতে হয়,no_upzila_in_permananet_address
পার্মানেন্ট ঠিকানায় উপজেলা দেওয়া নাই,no_upzila_in_permananet_address
স্থায়ী ঠিকানায় উপজেলা দেওয়া নাই,no_upzila_in_permananet_address
স্থায়ী ঠিকানায় উপজেলা নাই,no_upzila_in_permananet_address
স্থায়ী ঠিকানায় থানা না থাকলে কি করণীয়,no_upzila_in_permananet_address
অন্যরা ডিজিটাল কার্ড পেয়েছে,not_getting_smart_card_though_newer_voter_getting
আমার পরে ভোটার হয়েছে,not_getting_smart_card_though_newer_voter_getting
আমার পরে যারা ভোটার হয়েছে,not_getting_smart_card_though_newer_voter_getting
আমার পরের ভোটাররা স্মার্ট কার্ড নিয়েছে,not_getting_smart_card_though_newer_voter_getting
আমার পরের ভোটাররা স্মার্ট কার্ড পেয়েছে,not_getting_smart_card_though_newer_voter_getting
আমি ভোটার হয়ে গেছি তবে স্মার্ট কার্ড পাইনি আমার সাথের ও পরের অনেকেই পেয়েছে,not_getting_smart_card_though_newer_voter_getting
ভোটার হওয়ার পর আমি চিপস কার্ড স্মার্ট কার্ড পাইনি,not_getting_smart_card_though_newer_voter_getting
যাদের পরে ভোটার হয়েছিল তারা স্মার্ট কার্ড পেয়েছে,not_getting_smart_card_though_newer_voter_getting
সবাই পেয়েছে স্মার্ট কার্ড,not_getting_smart_card_though_newer_voter_getting
স্প্লাস্টিকের বা স্মার্ট কার্ড আমি পাইনি কিন্তু আমার পরে ভোটার হয়েছে সবাই পেয়েছে,not_getting_smart_card_though_newer_voter_getting
আমার ভোটার নিবন্ধনের জন্য আবেদন করেছি,nrb_application_status
আমি অ্যানআইডি বা ভোটার নিবন্ধনের জন্য আবেদন দিয়েছি,nrb_application_status
আমি এম্বাসী বা দূতাবাসে এনআইডি বা ভোটার নিবন্ধন আবেদন জমা দিয়েছি,nrb_application_status
আমি দেশে থাকি না বাহিরে থাকি এনআইডি বা ভোটার নিবন্ধনের জন্য আবেদন দিয়েছি দূতাবাসে,nrb_application_status
আমি প্রবাসী বিদেশে থাকি অনেক বছর এনআইডি বা ভোটার নিবন্ধনের জন্য দূতাবাসে আবেদন জমা দিয়েছি। বর্তমান অবস্থা কি,nrb_application_status
আমি প্রবাসী হিসেবে এনআইডি নিবন্ধন করেছি,nrb_application_status
আমি প্রবাসী হিসেবে ভোটার নিবন্ধন আবেদন করেছি,nrb_application_status
আমি ফরেইনার দূতাবাসে এনআইডি বা ভোটার নিবন্ধন আবেদন করেছি,nrb_application_status
আমি বিদেশি হিসেবে ভোটার নিবন্ধনের আবেদন করেছি,nrb_application_status
আমি বিদেশে থাকি এনআইডি নিবন্ধন করার পর এনআইডি কার্ড কবে আসবে,nrb_application_status
আমি বিদেশে থাকি; কার্ডের জন্য আবেদন করেছি,nrb_application_status
এনঅ্যাঁইডি বা ভোটার নিবন্ধন আবেদনের পর প্রবাসী হিসেবে কবে কার্ড পাবো,nrb_application_status
এম্বাসিতে কার্ডের আবেদন করেছি,nrb_application_status
এম্বাসী বা দূতাবাসে আবেদন করে কার্ড কবে পাবো,nrb_application_status
দূতাবাসে বা এম্বেসিতে নিবন্ধনের আবেদন দিয়েছি,nrb_application_status
প্রবাসী এনআইডি বা ভোটার নিবন্ধনের জন্য এম্বাসীতে আবেদন জমা দিয়ে এসেছি। এনআইডি কার্ড কবে পাবো,nrb_application_status
প্রবাসী এনআইডি বা ভোটার নিবন্ধনের জন্য এম্বাসীতে আবেদন জমা দিয়ে এসেছি। বর্তমান অবস্থা কি,nrb_application_status
প্রবাসী এনআইডি বা ভোটার নিবন্ধনের জন্য দূতাবাসে আবেদন জমা দিয়ে এসেছি। এনআইডি কার্ড কবে পাবো,nrb_application_status
প্রবাসী এনআইডি বা ভোটার নিবন্ধনের জন্য দূতাবাসে আবেদন জমা দিয়ে এসেছি। বর্তমান অবস্থা কি,nrb_application_status
প্রবাসী হিসেবে এনআইডি বা ভোটার নিবন্ধন আবেদন জমা দেওয়ার পর এখন কি অবস্থা,nrb_application_status
প্রবাসী হিসেবে দেশের বাহিরে থাকি কার্ড এর আবেদন জমা দেওয়ার পর কার্ড পাওয়া যাবে কবে,nrb_application_status
প্রবাসীদের ভোটার নিবন্ধন আবেদন জমা দিলাম,nrb_application_status
প্রবাসে বা বিদেশে এনআইডি  আবেদন করে কত দিনে কার্ড পাবো,nrb_application_status
বাংলাদেশের এমবাসি অফিসে প্রবাসে থাকি তাই কার্ড নিবন্ধন আবেদন দিয়েছি,nrb_application_status
বিদেশে থাকি ভোটার কার্ড বা ভোটার নিবন্ধন আবেদন জমা দিলাম,nrb_application_status
ভোটার নিবন্ধন জমা দেওয়ার পর কতদিনে প্রবাসী বা বিদেশে থাকলে কার্ড পাওয়া যায়,nrb_application_status
আমার কাছে ডিজিটাল জন্ম সনদ নাই,old_birth_certificate
আমার কাছে পুরানো হাতে লেখা জন্ম সনদ আছে কম্পিউটার এর টা অনলাইনে নাই,old_birth_certificate
আমার জন্ম সনদ অনলাইনে নাই,old_birth_certificate
আমার পুরানো জন্ম সনদ আছে কিন্তু অনলাইনে নাই,old_birth_certificate
আমার পুরানো হাতে লেখা জন্ম সনদ অনলাইনে উপলব্ধ নয়,old_birth_certificate
জন্ম সনদ জমা দিতে হবে কিন্তু আমার টা নন ডিজিটাল,old_birth_certificate
পুরাতন জন্ম সনদ আছে,old_birth_certificate
পুরান জন্ম সনদ অনলাইনে আপলোড করা যায় না,old_birth_certificate
পুরানো জন্ম সনদ আছে,old_birth_certificate
পুরানো জন্ম সনদ জমা দিতে হবে কিন্তু অনলাইনের ডিজিটাল টা নাই,old_birth_certificate
পুরানো বার্থ সার্টিফিকেট সনদ জমা দিতে হবে,old_birth_certificate
পুরানো হাতে লেখা জন্ম সনদ অনলাইনে নেই,old_birth_certificate
যদি আগের কালের জন্ম সনদ থাকে কিন্তু অনলাইনে না থাকে,old_birth_certificate
আমার একই মোবাইল নাম্বার দিয়ে ভোটার রেজিস্ট্রেশন কতবার করা যাবে,one_mobile_number_how_many_time_registration
আমার মোবাইল ওয়ান জিরো ফাইভ ওয়ান জিরো ফাইভ নাম্বার দিয়ে ভোটার কার্ড নিবন্ধন কতবার করা যাবে,one_mobile_number_how_many_time_registration
একই মোবাইল নম্বর দিয়ে কি দশবার ভোটার নিবন্ধন করা যাবে,one_mobile_number_how_many_time_registration
একটা ফোন দিয়ে কতবার ভোটার নিবন্ধন করতে পারি,one_mobile_number_how_many_time_registration
একটা মোবাইল নাম্বার দিয়ে কতবার রেজিস্ট্রেশন করতে পারি,one_mobile_number_how_many_time_registration
একটা মোবাইলই আছে আমার বাসায় মেম্বার চার জন,one_mobile_number_how_many_time_registration
একটি ফোন নম্বর দিয়ে কতবার রেজিষ্ট্রেশন করতে পারবো,one_mobile_number_how_many_time_registration
একটি মোবাইল নম্বর দিয়ে আমি কতবার রেজিস্ট্রেশন করতে পারি,one_mobile_number_how_many_time_registration
একটি মোবাইল নম্বর দিয়ে কতবার রেজিষ্ট্রেশন করতে পারবো,one_mobile_number_how_many_time_registration
অবস্থা জানতে একশত পাঁচ এ ফোন করলাম,one_zero_five_upzila_office_contact
আমার সংশোধন আবেদন সম্পর্কে জানতে ওয়ান জিরো ফাইভ এ ফোন করেছি,one_zero_five_upzila_office_contact
আমি একশত পাঁচ এ ফোন করে আবেদনের অবস্থা জানলাম,one_zero_five_upzila_office_contact
আমি একশতপাঁচ কল করে সংশোধনের অবস্থা জানতে চেয়েছি,one_zero_five_upzila_office_contact
আমি একশপাঁচ এ কল করে দেখলাম সংশোধনের অবস্থা সামনে,one_zero_five_upzila_office_contact
আমি ওয়ান জিরো ফাইভ কল করে সংশোধনের ব্যাপারে জানতে চেয়েছি,one_zero_five_upzila_office_contact
একশ পাঁচ এ ফোন করার পর বলা হলো উপজেলা অফিসে যোগাযোগ করতে,one_zero_five_upzila_office_contact
একশত পাঁচ এ ফোন করে সংশোধনের অবস্থা জানতে চেয়েছি,one_zero_five_upzila_office_contact
ওয়ান জিরো ফাইভ কল করে আমি আবেদনের স্ট্যাটাস জানতে পেরেছি,one_zero_five_upzila_office_contact
সংশোধন আবেদনের অবস্থা জানতে ওয়ান জিরো ফাইভ এ ফোন করেছি,one_zero_five_upzila_office_contact
সংশোধনের আবেদনের অবস্থা জানতে চেয়ে ওয়ান জিরো ফাইভ এ ফোন করেছি,one_zero_five_upzila_office_contact
অনলাইনে রিইস্যু করেছি,online_application_pending
অনেক দিন ধরে এনআইডি রিইস্যু আবেদন করেছি কিন্তু এখনো প্রসেস হয়নি,online_application_pending
আমার আবেদনটা কতদিন যাবত পেন্ডিং আছে,online_application_pending
আমি নতুন কার্ডের জন্য অনেকদিন আগে রিইস্যু করেছি,online_application_pending
আমি পেন্ডিং রিইস্যু কার্ড কবে পাবো,online_application_pending
আমি রিইস্যুর জন্য আবেদন করেছি,online_application_pending
এখনো রিইস্যু কার্ড পাইনি,online_application_pending
এনআইডি রিইস্যুর সময়সীমা কতদিন,online_application_pending
রিইস্যু আবেদন অনেকদিন আগে করেছি,online_application_pending
রিইস্যু আবেদন পেন্ডিং থাকলে কতদিন লাগে প্রসেস হতে,online_application_pending
রিইস্যু এনআইডি এখনো দেওয়া হয়নি,online_application_pending
অনলাইন পোর্টালে কি কি সেবা পাওয়া যায়,online_apply
অনলাইন পোর্টালে কি ধরনের কাজ করা যাবে,online_apply
অনলাইনে এনআইডি সেবা কি কি করে,online_apply
অনলাইনে কি কি ধরণের আবেদন করা যায়,online_apply
অনলাইনে কি কি সেবা পাওয়া যায় এনআইডি ওয়েবপোর্টাল থেকে,online_apply
অনলাইনে কি কি সেবা পাবো এনআইডি সার্ভিস থেকে,online_apply
অনলাইনে কি ধরণের আবেদন করা যায়,online_apply
অনলাইনে কী কী সেবা প্রদান করা হয়ে থাকে,online_apply
অনলাইনে কোন ধরনের পরিষেবা পাওয়া যাবে,online_apply
ইন্টারনেট এ কি আবেদনগুলা করা যাবে,online_apply
এনআইডি সার্ভিসের ওয়েবপোর্টালে কি কি সেবা রয়েছে,online_apply
এনআইডির জন্য ওয়েবপোর্টালে কি কি সেবা দেয়া হয়,online_apply
ওয়েবপোর্টালে কি কি সেবা প্রদান করা হয় এনআইডির জন্য,online_apply
কার্ড এর কোন বিষয়গুলো অনলাইনের মাধমেই ঠিক করা যায়,online_apply
কার্ড রিলেটেড কি ধরনের আবেদন অনলাইন পোর্টাল এর মাধ্যমে করা সম্ভব,online_apply
কার্ড রিলেটেড কোন বিষয়গুলো অনলাইনের মাধ্যমে ঠিক করা যায় না,online_apply
কি কি সেবা আমি পাবো জাতীয় পরিচয়পত্রের ওয়েবপোর্টাল থেকে,online_apply
কি কি সেবা প্রদান করা হয় অনলাইনে এনআইডির জন্য,online_apply
কি ধরনের আবেদন করা সম্ভব,online_apply
কী কী আবেদন অনলাইনে করা যায়,online_apply
জাতীয় পরিচয়পত্রের জন্য অনলাইনে কি কি সেবা পাব,online_apply
জাতীয় পরিচয়পত্রের জন্য ওয়েবপোর্টালে কি কি সেবা পাবো,online_apply
মোবাইল দিয়ে কোন ধরনের কার্ড এর আবেদনগুলো করতে পারি,online_apply
অনলাইন এ কার্ড সংশোধন করে কিভাবে,online_card_correction
অনলাইনে কার্ড সংশোধনের জন্য আবেদন করার লিঙ্ক কোনটি,online_card_correction
অনলাইনে কার্ড সংশোধনের জন্য ঠিকানা কী,online_card_correction
আমার কার্ড এ ভুল আছে ঠিক করতে চাই,online_card_correction
এনআইডি কারেকশন করবো,online_card_correction
এনআইডি পোর্টালের এড্রেস জানতে চাই।,online_card_correction
এনআইডি সংশোধনের জন্য অনলাইনে আবেদন এর জন্য ঠিকানা কি,online_card_correction
এনআইডি সংশোধনের জন্য অনলাইনে আবেদন করার অ্যাড্রেস কি,online_card_correction
এনআইডি সংশোধনের জন্য অনলাইনে আবেদন করার ঠিকানা কি,online_card_correction
কারো কার্ড ঠিক করার জন্য অনলাইনে আবেদন করার এড্রেস কি,online_card_correction
কার্ড সংশোধন এর জন্য কোন ওয়েবসাইটে যেতে হবে,online_card_correction
কার্ড সংশোধন করতে হলে অনলাইনে কোথায় আবেদন করা যায়,online_card_correction
কার্ড সংশোধন করার জন্য ইন্টারনেটে আবেদন করব কীভাবে,online_card_correction
কার্ড সংশোধনের জন্য অনলাইনে আবেদনের অ্যাড্রেস কি,online_card_correction
কেউ যদি তার কার্ড সংশোধন করতে হলে কি ওয়েবসাইট ব্যবহার করতে হবে,online_card_correction
অনলাইনে আবেদন করা হয়েছে,online_card_correction_application_done_now_what
অনলাইনে আবেদন করা হয়েছে,online_card_correction_application_done_now_what
অনলাইনে কার্ড সংশোধনের আবেদন পাঠানোর পর কি করা যায়,online_card_correction_application_done_now_what
অনলাইনে কার্ড সংশোধনের জন্য আবেদন করেছি,online_card_correction_application_done_now_what
আবেদন করা হয়েছে কার্ডের জন্য,online_card_correction_application_done_now_what
আমার কার্ড সংশোধনের জন্য অনলাইনে আবেদন করা হয়েছে,online_card_correction_application_done_now_what
আমি অনলাইনে এনআইডি কার্ড সংশোধনের জন্য আবেদন করেছি,online_card_correction_application_done_now_what
আমি অনলাইনে কার্ড সংশোধনের জন্য আবেদন করেছি,online_card_correction_application_done_now_what
এনআইডি কার্ড সংশোধন আবেদন অনলাইনে করেছি,online_card_correction_application_done_now_what
এনআইডি কার্ড সংশোধনের জন্য অনলাইনে আবেদন করেছি,online_card_correction_application_done_now_what
এনআইডি সংশোধনের জন্য ইন্টারনেটে আবেদন করেছি,online_card_correction_application_done_now_what
কার্ড সংশোধনের আবেদন পাঠানোর পর আমাকে কি করতে হবে,online_card_correction_application_done_now_what
কার্ড সংশোধনের জন্য অনলাইনে আবেদন করেছি,online_card_correction_application_done_now_what
কি করবো আমি যখন আমার এনআইডি কার্ড এর নাম বা ঠিকানা বা বাবার নাম বা স্ত্রীর নাম সংশোধনের জন্য আবেদন করেছি,online_card_correction_application_done_now_what
অনলাইনে নতুন ভোটার নিবন্ধনের জন্য কোন ঠিকানায় আবেদন করতে হবে,online_new_voter_registration
অনলাইনে নতুন ভোটার রেজিস্ট্রেশনের জন্য কোন ঠিকানায় আবেদন করতে হবে,online_new_voter_registration
অনলাইনে ভোটার হিসেবে নিবন্ধন করতে হলে কোন ঠিকানায় যেতে হবে,online_new_voter_registration
এনআইডি অনলাইন আবেদন করার পদ্ধতি কী,online_new_voter_registration
এনআইডি অনলাইন পোর্টালে নতুন ভোটারের জন্য কিভাবে আবেদন করবো,online_new_voter_registration
এনআইডি পোর্টালে নতুন ভোটার হতে আবেদন করার নিয়ম কী,online_new_voter_registration
নতুন এনআইডি পেতে অনলাইন আবেদন কোথায় করবো,online_new_voter_registration
নতুন ভোটার আবেদন অনলাইনে কীভাবে করবো,online_new_voter_registration
নতুন ভোটার নিবন্ধনের জন্য অনলাইন আবেদন কোথায় করবো,online_new_voter_registration
নতুন ভোটার হওয়ার জন্য অনলাইনে ফর্ম পূরণ করবো কীভাবে,online_new_voter_registration
নতুন ভোটার হওয়ার জন্য ইন্টারনেটে কোথায় আবেদন করতে হবে,online_new_voter_registration
নতুন ভোটার হওয়ার জন্য কোন ওয়েবসাইটে আবেদন করতে হয়,online_new_voter_registration
নতুন ভোটার হিসেবে অনলাইনে কীভাবে আবেদন করবো,online_new_voter_registration
নতুন ভোটার হিসেবে আবেদন করতে হলে কোন অনলাইন ঠিকানায় যেতে হবে,online_new_voter_registration
নতুন ভোটার হিসেবে নিজেকে অনলাইনে নিবন্ধন করবো কীভাবে,online_new_voter_registration
নতুন ভোটারের জন্য অনলাইনে নিবন্ধন করতে কী করতে হবে,online_new_voter_registration
অনলাইনে এনআইডি সেবা কি কি করে না,online_no_apply
অনলাইনে কি কি আবেদন করা যায় না,online_no_apply
অনলাইনে কি কি সেবা পাওয়া যায় না এনআইডি ওয়েবপোর্টাল থেকে,online_no_apply
অনলাইনে কি কি সেবা পাবো না এনআইডি সার্ভিস থেকে,online_no_apply
অনলাইনে কি ধরণের আবেদন করা যায় না,online_no_apply
অনলাইনে কোন আবেদন করা যাবে না,online_no_apply
অনলাইনের মাধ্যমে কার্ড এর কোন জিনিসগুলা ঠিক করা যায় না,online_no_apply
আমার কার্ড রিলেটেড কোন ধরণের আবেদন অনলাইনে অসম্ভব,online_no_apply
আমি ইন্টারনেটের মাধ্যমে কি কি আবেদন করতে পারব না তা জানতে চাই। আপনি কি আমাকে সাহায্য করতে পারেন,online_no_apply
আমি জানতে চাই ইন্টারনেটের মাধ্যমে কি কি আবেদন করা যায় না।,online_no_apply
আমি বিভিন্ন ধরনের আবেদন ইন্টারনেটের মাধ্যমে করতে চাই। কিন্তু কি কি বিষয়ে ইন্টারনেটে আবেদন করা যাবে না তা জানতে আগ্রহী।,online_no_apply
ইন্টারনেট ব্যবহার করে আমি অনেক কাজ করতে পারি যার মধ্যে আবেদন করাও অন্তর্ভুক্ত। তবে কি কি ধরনের আবেদন ইন্টারনেটের মাধ্যমে সম্ভব নয় তা জানতে চাই।,online_no_apply
ইন্টারনেটে কি কি আবেদন করা যায় না বলো তো,online_no_apply
ইন্টারনেটে কি কি আবেদন যায় না,online_no_apply
ইন্টারনেটের মাধ্যমে কি কি আবেদন করা যাবে না,online_no_apply
ইন্টারনেটের মাধ্যমে কি ধরনের আবেদন আমি করতে পারব না,online_no_apply
এনআইডি সার্ভিসের ওয়েবপোর্টালে কি কি সেবা নেই,online_no_apply
এনআইডির জন্য ওয়েবপোর্টালে কি কি সেবা দেয়া হয় না,online_no_apply
ওয়েবপোর্টালে কি কি সেবা প্রদান করা হয় না এনআইডির জন্য,online_no_apply
কার্ডের কোন ধরণের আবেদন নেট এ করা যাবে না,online_no_apply
কি কি সংশোধনগুলো অনলাইনের মাধ্যমে করা যায় না,online_no_apply
কি কি সেবা আমি পাবো না জাতীয় পরিচয়পত্রের ওয়েবপোর্টাল থেকে,online_no_apply
কি কি সেবা প্রদান করা হয় না অনলাইনে এনআইডির জন্য,online_no_apply
কি ধরনের আবেদন করা যাবে না,online_no_apply
কি ধরনের আবেন অনলাইন পোর্টালে করা নিষেধ,online_no_apply
কোন কাজগুলা অনলাইনে গ্রহণযোগ্য নয়,online_no_apply
কোন ধরণের আবেদন অনলাইনে করা যায় না,online_no_apply
কোন ধরনের কার্ড সম্পর্কিত আবেদনগুলো অনলাইনে করা যায় না,online_no_apply
জাতীয় পরিচয়পত্রের জন্য অনলাইনে কি কি সেবা পাব না,online_no_apply
জাতীয় পরিচয়পত্রের জন্য ওয়েবপোর্টালে কি কি সেবা পাবো না,online_no_apply
মোবাইল দিয়ে পোর্টালে কোন আবেদনগুলো করা সম্ভব নয়,online_no_apply
অনলাইন পোর্টালে নতুন একাউন্ট কিভাবে করতে হবে,online_portal_registration
অনলাইন পোর্টালে রেজিষ্ট্রেশন করবো কিভাবে,online_portal_registration
অনলাইন পোর্টালে রেজিষ্ট্রেশন করার জন্য কী ধরণের তথ্য দিতে হবে,online_portal_registration
অনলাইন পোর্টালে সাইন আপ করার জন্য প্রথমে কী করতে হবে,online_portal_registration
অনলাইনে যে পোর্টাল আছে তাতে কিভাবে রেজিস্ট্রেশন করা যায়,online_portal_registration
ইন্টারনেট এর পোর্টাল এ রেজিষ্ট্রেশন করার পদ্ধতি টা কী,online_portal_registration
এনআইডি অনলাইন পোর্টালে রেজিষ্ট্রেশন করবো কিভাবে,online_portal_registration
কার্ড অনলাইন পোর্টালে নিবন্ধন করে কীভাবে,online_portal_registration
কার্ড এর অনলাইন যে সাইট আছে সেটাতে রেজিস্ট্রেশন করে কিভাবে,online_portal_registration
কার্ড এর অনলাইন সাইট এ রেজিস্ট্রেশন করবো কিভাবে,online_portal_registration
কার্ড এর ওয়েব পোর্টালে রেজিষ্ট্রেশন করতে কিভাবে,online_portal_registration
কার্ড পোর্টালে রেজিষ্ট্রেশন করার নিয়ম কী,online_portal_registration
অনলাইন পোর্টালে আগের রেজিষ্ট্রেশন দিয়ে কিভাবে লগ ইন করব,online_previously_registered
অনলাইনে আগে নিবন্ধন করছি এখন লগ-ইন করব কীভাবে,online_previously_registered
অনেক আগে কার্ড এ লগইন করেছি,online_previously_registered
আগে কার্ড এর পোর্টাল এ রেজিস্ট্রেশন করা ছিল এখন কিভাবে লগ-ইন করব,online_previously_registered
আগে রেজিষ্ট্রেশন করা হলে সাইন ইন করতে চাচ্ছি,online_previously_registered
আমি কিভাবে কার্ড এর অনলাইন সাইট এ রেজিস্টার করবো,online_previously_registered
এনআইডি অনলাইন পোর্টালে অনেক আগে রেজিষ্ট্রেশন করেছিলাম এখন কি সেই ইউজার আইডি ও পাসওয়ার্ড দিয়ে লগিন করতে পারবো,online_previously_registered
এনআইডি অনলাইন পোর্টালে পূর্বে রেজিষ্ট্রেশন করেছিলাম এখন কিভাবে লগ-ইন করবো,online_previously_registered
কার্ড এর অনলাইন পোর্টালে পূর্বে রেজিষ্ট্রেশন করেছিলাম,online_previously_registered
কার্ড এর অনলাইন পোর্টালে লগইন করার পদ্ধতি কী,online_previously_registered
কার্ড এর অনলাইন সাইটে লগইন করে কিভাবে,online_previously_registered
কার্ড এর ওয়েবসাইটে পূর্বের রেজিষ্ট্রেশন থেকে লগ-ইন করা যায় কিভাবে,online_previously_registered
পূর্বে রেজিষ্ট্রেশন করা ছিল কিভাবে লগইন করব এখন,online_previously_registered
আব্বা আম্মার এনআইডি নেই,parent_no_card_failed_to_be_voter
আমার আব্বুর এবং আম্মুর অ্যানআইডি কার্ড নাই এখন আমি কিভাবে কি করবো,parent_no_card_failed_to_be_voter
আমার বাবা মা জন্মের আগে মারা গেছে,parent_no_card_failed_to_be_voter
পিতা-মাতার এনআইডি নাই,parent_no_card_failed_to_be_voter
পিতা-মাতার কার্ড নেই,parent_no_card_failed_to_be_voter
পিতার মা’র বাংলাদেশের জাতীর পরিচয়পত্র না থাকলে কি ভোটার হতে পারি,parent_no_card_failed_to_be_voter
ফাদার মাদার এর কার্ড নেই,parent_no_card_failed_to_be_voter
বাবার ভোটার কার্ড না থাকলে আমি ভোটার হতে পারবো,parent_no_card_failed_to_be_voter
মা’র কার্ড না থাকলে ভোটার হওয়ার সুযোগ কী,parent_no_card_failed_to_be_voter
আব্বার এনআইডি নম্বর চেঞ্জ জন্য কি কি প্রমাণপত্র জমা দিতে হবে,parent_spouse_name_correct_or_add_document_new
আব্বুর বা পাপার এনআইডি নম্বর আপডেট এর জন্য কি কি নথি দিতে হবে,parent_spouse_name_correct_or_add_document_new
আমার আম্মার এনআইডি নম্বর চেঞ্জ করতে চাই,parent_spouse_name_correct_or_add_document_new
আমার আম্মুর এনআইডি নম্বর আপডেট করতে চাই,parent_spouse_name_correct_or_add_document_new
আমার পিতার জাতীয় পরিচয়পত্রের নম্বর বদল করতে হবে।,parent_spouse_name_correct_or_add_document_new
আমার বাবার এনআইডি নম্বর পরিবর্তন করতে চাই।,parent_spouse_name_correct_or_add_document_new
আমার বাবার জন্য নতুন এনআইডি নম্বর চাই।,parent_spouse_name_correct_or_add_document_new
আমার বাবার জাতীয় আইডি কার্ডের নম্বর পরিবর্তন করতে হবে।,parent_spouse_name_correct_or_add_document_new
আমার মা এর এনআইডি নম্বর আপডেট করতে চাই,parent_spouse_name_correct_or_add_document_new
আমার মায়ের এনআইডি নম্বর বদলানোর জন্য কি কি কাগজ লাগবে,parent_spouse_name_correct_or_add_document_new
আমার মায়ের জাতীয় পরিচয়পত্রের নম্বর সংশোধন করতে হবে।,parent_spouse_name_correct_or_add_document_new
আমার মায়ের পরিচয়পত্রের নাম্বার কি করে পরিবর্তন করবো,parent_spouse_name_correct_or_add_document_new
আমার মায়ের স্মার্ট কার্ড নম্বর পরিবর্তন করার প্রয়োজন।,parent_spouse_name_correct_or_add_document_new
আমার স্ত্রী বা স্বামীর এনআইডি নম্বর আমি ভোটার হওয়ার সময় দিয়েছিলাম,parent_spouse_name_correct_or_add_document_new
আমার স্ত্রী বা স্বামীর এনআইডি নম্বর ভোটার হওয়ার সময় দেওয়া হয়েছে,parent_spouse_name_correct_or_add_document_new
আমার স্ত্রীর এনআইডি কিভাবে চেঞ্জ করব,parent_spouse_name_correct_or_add_document_new
আমার স্ত্রীর এনআইডি নম্বর চেঞ্জ করবার জন্য কি করতে হবে,parent_spouse_name_correct_or_add_document_new
আমার স্ত্রীর জাতীয় পরিচয়পত্রের নম্বর সংশোধন করতে হবে।,parent_spouse_name_correct_or_add_document_new
আমার স্ত্রীর পরিচয়পত্রের নাম্বার কি করে পরিবর্তন করবো,parent_spouse_name_correct_or_add_document_new
আমার স্ত্রীর ভোটার আইডি নম্বর আপডেট করতে চাই।,parent_spouse_name_correct_or_add_document_new
আমার স্ত্রীর স্মার্ট কার্ড নম্বর পরিবর্তন করার প্রয়োজন।,parent_spouse_name_correct_or_add_document_new
আমার স্বামীর জাতীয় পরিচয়পত্রের নম্বর সংশোধন করতে হবে।,parent_spouse_name_correct_or_add_document_new
আমার স্বামীর পরিচয়পত্রের নাম্বার কি করে সংশোধন করবো,parent_spouse_name_correct_or_add_document_new
আমার স্বামীর স্মার্ট কার্ড নম্বর বদলাতে হবে।,parent_spouse_name_correct_or_add_document_new
আমি আমার বাবার এনআইডি নম্বর উপডেট করতে চাই।,parent_spouse_name_correct_or_add_document_new
আমি আমার বাবার ন্যাশনাল আইডেন্টিটি কার্ডের নম্বরটা বদল করতে পারি কি,parent_spouse_name_correct_or_add_document_new
আমি আমার স্ত্রীর জাতীয় পরিচয়পত্র নাম্বার পরিবর্তন করতে চাই।,parent_spouse_name_correct_or_add_document_new
আমি আমার স্ত্রীর ন্যাশনাল আইডি কার্ড নম্বর বদলাতে চাই।,parent_spouse_name_correct_or_add_document_new
আমি মা'র ন্যাশনাল আইডি কার্ড নম্বর বদলাতে চাই।,parent_spouse_name_correct_or_add_document_new
আমি মায়ের জাতীয় পরিচয়পত্র নাম্বার পরিবর্তন করতে চাই।,parent_spouse_name_correct_or_add_document_new
আমি স্ত্রীর জাতীয় পরিচয়পত্রের নাম্বার বদলাতে চাই কি করতে হবে,parent_spouse_name_correct_or_add_document_new
আমি স্বামীর জাতীয় পরিচয়পত্র নাম্বার বদলাতে চাই।,parent_spouse_name_correct_or_add_document_new
আমি স্বামীর ন্যাশনাল আইডি কার্ড নম্বর বদলাতে চাই।,parent_spouse_name_correct_or_add_document_new
জামাইর এনআইডি নম্বর পরিবর্তন এর উপায় কি,parent_spouse_name_correct_or_add_document_new
পিতা বা মাতা বা স্বামী বা স্ত্রীর এনআইডি নম্বর পরিবর্তন করতে চাই।,parent_spouse_name_correct_or_add_document_new
পিতা মাতার এনআইডি নম্বর আমি ভোটার হওয়ার সময় দেওয়া দিয়েছি,parent_spouse_name_correct_or_add_document_new
পিতার এনআইডি কার্ডের নম্বরটা বদলে দিতে চাই।,parent_spouse_name_correct_or_add_document_new
পিতার এনআইডি নম্বর পরিবর্তন করতে চাই,parent_spouse_name_correct_or_add_document_new
পিতার এনআইডি নম্বর পরিবর্তন করতে চাই।,parent_spouse_name_correct_or_add_document_new
পিতার এনআইডি নম্বরে কি কোনো পরিবর্তন সম্ভব,parent_spouse_name_correct_or_add_document_new
পিতার ন্যাশনাল আইডি নম্বর কি পরিবর্তন করা যাবে,parent_spouse_name_correct_or_add_document_new
পিতার ন্যাশনাল পরিচয়পত্রের নম্বরটি কেমন করে বদলাবো,parent_spouse_name_correct_or_add_document_new
বাবা মার এনআইডি নম্বরটা যে আমি ভোটার হিসেবে দিয়েছি সেটা কি এখন পরিবর্তন করা যাবে,parent_spouse_name_correct_or_add_document_new
বাবার নামের সাথে এনআইডি নম্বর চেঞ্জ করতে চাই,parent_spouse_name_correct_or_add_document_new
ভোটার হওয়ার সময় প্রদত্ত পিতা-মাতার এনআইডি নম্বর পরিবর্তন করতে চাই।,parent_spouse_name_correct_or_add_document_new
ভোটার হওয়ার সময় প্রদত্ত স্বামী-স্ত্রীর এনআইডি নম্বর পরিবর্তন করতে চাই।,parent_spouse_name_correct_or_add_document_new
মা'র ভোটার আইডি নম্বর আপডেট করতে চাই।,parent_spouse_name_correct_or_add_document_new
মাতার এনআইডি নম্বর পরিবর্তন করতে চাই।,parent_spouse_name_correct_or_add_document_new
মায়ের এনআইডি কার্ডের নম্বরে কি আমি পরিবর্তন করতে পারি,parent_spouse_name_correct_or_add_document_new
মায়ের এনআইডি কার্ডের নাম্বার কি করে বদলাবো,parent_spouse_name_correct_or_add_document_new
মায়ের এনআইডি নম্বরে ভুল আছে,parent_spouse_name_correct_or_add_document_new
মায়ের জাতীয় পরিচয়পত্রের নাম্বার বদলাতে চাই কি করতে হবে,parent_spouse_name_correct_or_add_document_new
স্ত্রীর এনআইডি কার্ডের নম্বরে কি আমি পরিবর্তন করতে পারি,parent_spouse_name_correct_or_add_document_new
স্ত্রীর এনআইডি কার্ডের নাম্বার কি করে বদলাবো,parent_spouse_name_correct_or_add_document_new
স্ত্রীর এনআইডি নম্বর আপডেট করতে চাই,parent_spouse_name_correct_or_add_document_new
স্ত্রীর এনআইডি নম্বর পরিবর্তন করতে চাই।,parent_spouse_name_correct_or_add_document_new
স্ত্রীর এনআইডি নম্বর পরিবর্তনের জন্য কি কি দলিল লাগবে,parent_spouse_name_correct_or_add_document_new
স্ত্রীর এনআইডি নম্বরে ভুল আছে,parent_spouse_name_correct_or_add_document_new
স্বামীর এনআইডি কার্ডের নম্বরে কি আমি পরিবর্তন করতে পারি,parent_spouse_name_correct_or_add_document_new
স্বামীর এনআইডি কার্ডের নাম্বার পরিবর্তন করা যাবে কি করে,parent_spouse_name_correct_or_add_document_new
স্বামীর এনআইডি নম্বর পরিবর্তন করতে চাই।,parent_spouse_name_correct_or_add_document_new
স্বামীর এনআইডি নম্বর সংশোধন করতে কি লাগবে,parent_spouse_name_correct_or_add_document_new
স্বামীর এনআইডি নম্বর সংশোধনের জন্য কোন কোন কাগজ জমা দিতে হবে,parent_spouse_name_correct_or_add_document_new
স্বামীর এনআইডি নম্বরে পরিবর্তন করতে চাচ্ছি কি করা লাগবে,parent_spouse_name_correct_or_add_document_new
স্বামীর এনআইডি নম্বরে ভুল আছে,parent_spouse_name_correct_or_add_document_new
স্বামীর জাতীয় পরিচয়পত্রের নাম্বার কি করে পরিবর্তন করবো,parent_spouse_name_correct_or_add_document_new
স্বামীর ভোটার আইডি নম্বর আপডেট করতে চাই।,parent_spouse_name_correct_or_add_document_new
আব্বার নামের বানান ভুল আছে আমার কার্ডে কিভাবে ঠিক করা যাবে,parents_name_correction_new
আমার আইডি করাতে সময় পিতার নামের বানানে একটি ভুল হয়ে গেছে। এখন আমি এই ভুলটি সংশোধন করতে চাই। কিন্তু কার সাথে যোগাযোগ করতে হবে তা আমি জানি না।,parents_name_correction_new
আমার আইডি করাতে সময় মাতার নামের বানানে একটি ভুল হয়ে গেছে। এখন আমি এই ভুলটি সংশোধন করতে চাই। কিন্তু কার সাথে যোগাযোগ করতে হবে তা আমি জানি না।,parents_name_correction_new
আমার আইডি করার সময় পিতার নামে বানান ভুল হয়ে গেছে,parents_name_correction_new
আমার আইডি করার সময় মাতার নামে বানান ভুল হয়ে গেছে,parents_name_correction_new
আমার আইডিতে পিতার নামের বানান ভুল,parents_name_correction_new
আমার আইডিতে বাবার নামের বানান ভুল হয়ে গেছে,parents_name_correction_new
আমার আইডিতে মাতার নামের বানান ভুল,parents_name_correction_new
আমার আইডিতে মার নামের বানান ভুল হয়ে গেছে,parents_name_correction_new
আমার আইডির পিতার নামের বানান ভুল হয়েছে,parents_name_correction_new
আমার আইডির মাতার নামের বানান ভুল হয়েছে,parents_name_correction_new
আমার এনআইডি কার্ডে পিতার নামের বানান ভুল হয়েছে,parents_name_correction_new
আমার এনআইডি কার্ডে পিতার নামের বানানে একটি ভুল লক্ষ্য করেছি। এই ভুলটি ঠিক করতে আমি কার সাথে যোগাযোগ করতে হবে জানতে চাই।,parents_name_correction_new
আমার এনআইডি কার্ডে পিতার নামের বানানে ভুল রয়েছে,parents_name_correction_new
আমার এনআইডি কার্ডে পিতার নামের বানানে ভুল হয়েছে,parents_name_correction_new
আমার এনআইডি কার্ডে বাবার নামের বানান ভুল হয়ে গেছে,parents_name_correction_new
আমার এনআইডি কার্ডের পিতার নামের বানান ভুল,parents_name_correction_new
আমার কার্ড এ পাপার নাম ভুল আছে,parents_name_correction_new
আমার কার্ড এ বাবার নাম ভুল আছে কি করা উচিত,parents_name_correction_new
আমার কার্ড এ মা-র নাম ভুল আছে কি করা উচিত,parents_name_correction_new
আমার কার্ড এ মাতার নাম ভুল আছে,parents_name_correction_new
আমার কার্ডে আমার মায়ের নামের বানান ভুল আসছে ঠিক করতে চাইলে কি লাগবে,parents_name_correction_new
আমার জাতীয় পরিচয়পত্রে পিতার নামের বানানে একটি ভুল আছে। এই সমস্যাটি সমাধান করার জন্য কোন কর্তৃপক্ষের সাথে যোগাযোগ করা উচিত,parents_name_correction_new
আমার নাম এর স্পেলিং ভুল হইছে সংশোধনের উপায় কি,parents_name_correction_new
আমার পরিচয়পত্রে পিতার নামের বানানে একটি ভুল রয়েছে। এই সমস্যা সমাধানের জন্য কোন কর্তৃপক্ষের সাথে যোগাযোগ করা উচিত,parents_name_correction_new
আমার পরিচয়পত্রে মাতার নামের বানানে একটি ভুল রয়েছে। এই সমস্যা সমাধানের জন্য কোন কর্তৃপক্ষের সাথে যোগাযোগ করা উচিত,parents_name_correction_new
আমার পিতার নাম জাতীয় পরিচয়পত্রে বদল করতে কি কি কাগজ লাগবে,parents_name_correction_new
আমার পিতার নামের উল্লেখ জাতীয় পরিচয়পত্রে ভুল হয়েছে,parents_name_correction_new
আমার ফাদার নেইম কার্ডে ভুল আসছে এইটা কিভাবে ঠিক করা যাবে,parents_name_correction_new
আম্মুর নামের বানান ভুল এসেছে,parents_name_correction_new
এনআইডি কার্ডে পিতা-মাতার নাম সংশোধনের জন্য কি ডকুমেন্টস লাগবে,parents_name_correction_new
এনআইডি কার্ডে পিতার নাম ভুল হয়েছে,parents_name_correction_new
এনআইডি কার্ডে পিতার নাম সংশোধনের জন্য কি ডকুমেন্টস লাগবে,parents_name_correction_new
এনআইডি কার্ডে পিতার নামের ভুল সংশোধন করতে কি সার্টিফিকেট বা কাগজপত্র লাগবে,parents_name_correction_new
এনআইডি কার্ডে মা'র নাম বদলাতে কি কি কাগজপত্র লাগবে,parents_name_correction_new
এনআইডি কার্ডে মাতার নাম সংশোধনের জন্য কি ডকুমেন্টস লাগবে,parents_name_correction_new
এনআইডি কার্ডে মায়ের নাম সংশোধনে কোন কাগজপত্র লাগবে,parents_name_correction_new
কার্ড এ পিতার নামের বাবান ভুল আসছে ঠিক করা লাগবে,parents_name_correction_new
কার্ড এ মায়ের নামের বাবান ভুল আসছে ঠিক করা লাগবে,parents_name_correction_new
কার্ডে মা এর নামের ভুল বাবনান সংশোধন করব কি করে,parents_name_correction_new
জাতীয় পরিচয়পত্রে আমার বাবার নাম বদল করতে কি কি লাগবে,parents_name_correction_new
জাতীয় পরিচয়পত্রে মা'র নাম সংশোধন করতে কি কি ডকুমেন্টস লাগবে,parents_name_correction_new
জাতীয় পরিচয়পত্রে মা'র নামের বানান সংশোধন করতে কোন কাগজপত্র প্রয়োজন,parents_name_correction_new
নতুন এনআইডি কার্ডে পিতার নামে ভুল সংশোধন করতে কি ডকুমেন্টস লাগবে,parents_name_correction_new
নতুন জাতীয় পরিচয়পত্রে পিতার নাম সংশোধন করা যাবে কি কি কাগজপত্র দিয়ে,parents_name_correction_new
নামের বানান ঠিক করতে চাই,parents_name_correction_new
ন্যাশনাল আইডি কার্ডে মা'র নামের ভুল সংশোধন করতে কী সব প্রমাণপত্র দিতে হবে,parents_name_correction_new
ন্যাশনাল আইডি কার্ডে মায়ের নামে ভুল সংশোধনের জন্য কি কি কাগজপত্র দরকার,parents_name_correction_new
পিতার নাম এর স্পেলিং ভুল হইছে সংশোধনের উপায় কি,parents_name_correction_new
পিতার নাম সংশোধনের জন্য বাংলাদেশের জাতীয় পরিচয়পত্রে কি কি ডকুমেন্টস দিতে হবে,parents_name_correction_new
পিতার নামের পদবী সংশোধন করার জন্য জাতীয় পরিচয়পত্রে কি কি কাগজপত্র প্রয়োজন,parents_name_correction_new
পিতার নামের বানান ঠিক করতে চাই,parents_name_correction_new
পিতার নামের বানান ভুল,parents_name_correction_new
পিতার নামের বানান সংশোধনের জন্য জাতীয় পরিচয়পত্রে কি কি ডকুমেন্টস জমা দিতে হবে,parents_name_correction_new
বাংলাদেশের জাতীয় পরিচয়পত্রে পিতার নাম সংশোধনের জন্য কি কি কাগজপত্র প্রয়োজন,parents_name_correction_new
বাংলাদেশের জাতীয় পরিচয়পত্রে মায়ের নাম সংশোধন করতে কোন কোন ডকুমেন্টস প্রয়োজন,parents_name_correction_new
বাবার নামের বানান ভুল থাকলে কিভাবে সংশোধন করব কি কি প্রমাণ জমা দিতে হবে,parents_name_correction_new
মা'র নাম সংশোধন করার জন্য বাংলাদেশের ন্যাশনাল আইডেন্টিটি কার্ডে কি কি দলিল জমা দিতে হবে,parents_name_correction_new
মাতার নামের বানান ভুল,parents_name_correction_new
মাদার নেইম কার্ডে ভুল আসছে এইটা কিভাবে ঠিক করা যাবে,parents_name_correction_new
মায়ের নাম সংশোধনের জন্য বাংলাদেশের এনআইডি কার্ডে কী সব ডকুমেন্টস জমা দিতে হবে,parents_name_correction_new
মায়ের নামের সংশোধনের জন্য বাংলাদেশের এনআইডিতে কি কি ডকুমেন্টস লাগে,parents_name_correction_new
মায়ের নামের বানান ঠিক করতে চাইলে কি কি কাগজপত্র লাগবে,parents_name_correction_new
আব্বা মারা গেছেন এখন কার্ডে তার নামের আগে মৃত শব্দ দেখানোর জন্য কি পদক্ষেপ নিব,parents_or_spouse_death_related_documents_to_declare_death
আব্বু মারা গেছে,parents_or_spouse_death_related_documents_to_declare_death
আমার আব্বা মারা গেছেন দুই বছর এখন কার্ড এ বাবার নামের আগে মৃত হিসেবে উল্লেখ করতে হলে কি কি লাগবে,parents_or_spouse_death_related_documents_to_declare_death
আমার আম্মা মারা গেছে,parents_or_spouse_death_related_documents_to_declare_death
আমার আম্মু বেচে নেই,parents_or_spouse_death_related_documents_to_declare_death
আমার কার্ড এ আবার নামের আগে মৃত যুক্ত করতে চাচ্ছি কিভাবে করব,parents_or_spouse_death_related_documents_to_declare_death
আমার কার্ড এ আম্মার নামের আগে মৃত যুক্ত করতে চাচ্ছি কিভাবে করব,parents_or_spouse_death_related_documents_to_declare_death
আমার কার্ড এ পিতাকে মৃত উল্লখ করতে চাইলে কি কি কাগজ লাগবে,parents_or_spouse_death_related_documents_to_declare_death
আমার কার্ডে আমার স্বামী-র নামের আগে মৃত উল্লেখ করতে চাই,parents_or_spouse_death_related_documents_to_declare_death
আমার কার্ডে পিতা বা স্বামীর বা মাতার নামের জায়গায় মৃত উল্লেখ করা হয়েছে,parents_or_spouse_death_related_documents_to_declare_death
আমার কার্ডে পিতার নামের আগে মৃত শব্দ এড করতে চাইলে কি কি করতে হবে,parents_or_spouse_death_related_documents_to_declare_death
আমার কার্ডে বাবার নামের আগে মৃত শব্দটি যুক্ত করতে চাচ্ছি এইটার জন্য কি করব,parents_or_spouse_death_related_documents_to_declare_death
আমার কার্ডে মাতার নামের আগে মৃত শব্দ এড করতে চাইলে কি কি করতে হবে,parents_or_spouse_death_related_documents_to_declare_death
আমার কার্ডে মাতার নামের আগে মৃত শব্দটি যুক্ত করতে চাচ্ছি এইটার জন্য কি করব,parents_or_spouse_death_related_documents_to_declare_death
আমার বাবা বেচে নেই,parents_or_spouse_death_related_documents_to_declare_death
আমার বাবা মারা গেছে,parents_or_spouse_death_related_documents_to_declare_death
আমার মা মারা গেছেন এখন কার্ড এ ম্যাকে মৃত হিসেবে উল্লেখ করতে হলে কি কি লাগবে,parents_or_spouse_death_related_documents_to_declare_death
এনআইডি কার্ডে পিতাকে মৃত উল্লেখ করার জন্য কোন সনদ জমা দিতে হবে,parents_or_spouse_death_related_documents_to_declare_death
এনআইডি কার্ডে মাতাকে মৃত উল্লেখ করার জন্য কোন সনদ জমা দিতে হবে,parents_or_spouse_death_related_documents_to_declare_death
এনআইডি কার্ডে স্বামীকে মৃত উল্লেখ করার জন্য কোন সনদ জমা দিতে হবে,parents_or_spouse_death_related_documents_to_declare_death
কার্ডএ জামাইর নাম এর আগে কার্ডএ মৃত শব্দ যোগ করব কিভাবে,parents_or_spouse_death_related_documents_to_declare_death
কার্ড এ স্বামীকে মৃত দেখাতে চাই কি করব,parents_or_spouse_death_related_documents_to_declare_death
কার্ড এ স্বামীর নামের আগে মৃত লেখা এড এর জন্য কি কি ডকুমেন্টস লাগে,parents_or_spouse_death_related_documents_to_declare_death
কার্ডে বাপ এর নাম এর আগে যদি মৃত শব্দটি এড করতে চাই কিভাবে করব,parents_or_spouse_death_related_documents_to_declare_death
কার্ডে মায়ের নাম এর আগে যদি মৃত শব্দটি এড করতে চাই কিভাবে করব,parents_or_spouse_death_related_documents_to_declare_death
পিতা বা মাতা বা স্বামীকে মৃত উল্লেখ করতে কি প্রমাণপত্র দিতে হবে,parents_or_spouse_death_related_documents_to_declare_death
পিতা বা মাতাকে মৃত উল্লেখ করতে চাইলে কি সার্টিফিকেট জমা দিতে হবে,parents_or_spouse_death_related_documents_to_declare_death
পিতা বা মাতাকে মৃত হিসেবে মেনশন করতে কার্ড এর জন্য কি কি করা লাগবে,parents_or_spouse_death_related_documents_to_declare_death
পিতা বা মাতাকে মৃত উল্লেখ করতে চাইলে কি কি সনদ দাখিল করতে হয়,parents_or_spouse_death_related_documents_to_declare_death
পিতাকে মৃত উল্লেখ করতে চাইলে কি কি সনদ দাখিল করতে হয়,parents_or_spouse_death_related_documents_to_declare_death
পিতাকে মৃত হিসেবে করতে চাইলে কি কি কাগজ লাগবে,parents_or_spouse_death_related_documents_to_declare_death
পিতাকে মৃত উল্লেখ করতে চাইলে কি কি সনদ দাখিল করতে হয়,parents_or_spouse_death_related_documents_to_declare_death
মাকে মৃত হিসেবে উল্লেখ করতে চাইলে কি করা লাগবে,parents_or_spouse_death_related_documents_to_declare_death
মা মারা গেছেন এখন কার্ডে মৃত দেখানোর জন্য কি পদক্ষেপ নিব,parents_or_spouse_death_related_documents_to_declare_death
মাতাকে মৃত উল্লেখ করতে চাইলে কি কি সনদ দাখিল করতে হয়,parents_or_spouse_death_related_documents_to_declare_death
মাতাকে মৃত উল্লখ করতে চাইলে কি কি কাগজ লাগবে,parents_or_spouse_death_related_documents_to_declare_death
মাতাকে মৃত উল্লেখ করতে চাইলে কি কি সনদ দাখিল করতে হয়,parents_or_spouse_death_related_documents_to_declare_death
স্বামীকে মৃত উল্লেখ করতে চাইলে কি কি সনদ দাখিল করতে হয়,parents_or_spouse_death_related_documents_to_declare_death
স্বামীকে মৃত উল্লেখ করতে চাইলে কি কি সনদ দাখিল করতে হয়,parents_or_spouse_death_related_documents_to_declare_death
আমার পাসপোর্ট নম্বর ন্যাশনাল আইডেন্টিটি কার্ডে যোগ করতে কি কি লাগবে,passport_number_correct_or_add_document_new
আমার পাসপোর্ট নম্বর সংযোজন বা সংশোধন করতে কি কি ডকুমেন্টস লাগবে,passport_number_correct_or_add_document_new
আমার পাসপোর্ট নম্বর সংশোধন করতে কি কি কাগজপত্র লাগবে,passport_number_correct_or_add_document_new
কি কি ডকুমেন্ট লাগবে আমার পাসপোর্ট নম্বর সংশোধন করতে,passport_number_correct_or_add_document_new
নতুন পাসপোর্ট নম্বর সংযোজন বা সংশোধনে কি কি ডকুমেন্ট লাগে,passport_number_correct_or_add_document_new
নিড কার্ডে আমার পাসপোর্ট নম্বর যুক্ত বা বদল করতে কি কি দলিল দিতে হবে,passport_number_correct_or_add_document_new
নিড কার্ডে পাসপোর্ট নম্বর আপডেট করতে কি ডকুমেন্ট লাগে,passport_number_correct_or_add_document_new
নিড কার্ডে পাসপোর্ট নম্বর সংশোধন করার জন্য দরকারী কাগজপত্র কি কি,passport_number_correct_or_add_document_new
ন্যাশনাল আইডি কার্ডে আমার পাসপোর্ট নম্বর সংযুক্ত করতে কি দলিলাদি প্রয়োজন,passport_number_correct_or_add_document_new
ন্যাশনাল আইডি কার্ডে পাসপোর্ট নম্বর যোগ করতে কি কি দলিল লাগবে,passport_number_correct_or_add_document_new
ন্যাশনাল আইডি কার্ডের জন্য পাসপোর্ট নম্বর সংযোগ বা সংশোধন করতে কি কি লাগবে,passport_number_correct_or_add_document_new
ন্যাশনাল আইডেন্টিটি কার্ডে পাসপোর্ট নম্বর যোগ বা সংশোধনের জন্য কি কি কাগজপত্র দিতে হবে,passport_number_correct_or_add_document_new
পাসপোর্ট নম্বর আপডেট বা সংশোধন করতে নিড কার্ডের কি কি ডকুমেন্ট লাগে,passport_number_correct_or_add_document_new
পাসপোর্ট নম্বর নিড কার্ডে সংযোজন বা পরিবর্তন করতে কি কি কাগজপত্র দিতে হবে,passport_number_correct_or_add_document_new
পাসপোর্ট নম্বর বদলে দিতে কি কি কাগজপত্র লাগবে,passport_number_correct_or_add_document_new
পাসপোর্ট নম্বর যে আমি ভোটার হিসেবে দিয়েছিলাম সেটা এখন এক্সপায়ার্ড,passport_number_correct_or_add_document_new
পাসপোর্ট নম্বর যে আমি ভোটার হিসেবে রেজিস্ট্রেশন করেছিলাম,passport_number_correct_or_add_document_new
পাসপোর্ট নম্বর সংযোজন বা সংশোধন করতে,passport_number_correct_or_add_document_new
পাসপোর্ট নম্বর সংযোজনে কি কি ডকুমেন্টস চাই,passport_number_correct_or_add_document_new
পাসপোর্ট নম্বর সংশোধনে কি কি কাগজপত্র প্রয়োজন,passport_number_correct_or_add_document_new
পাসপোর্টে নতুন নম্বর সংযোজন বা সংশোধন করার জন্য কি কি কাগজপত্র লাগতে পারে,passport_number_correct_or_add_document_new
পাসপোর্টে নম্বর সংশোধন করতে কি কি ডকুমেন্ট লাগে,passport_number_correct_or_add_document_new
পাসপোর্টের নম্বর সংশোধন করতে কি কি কাগজপত্র জমা দিতে হবে,passport_number_correct_or_add_document_new
ভোটার হওয়ার সময় প্রদত্ত পাসপোর্ট নম্বর পরিবর্তন করতে চাই।,passport_number_correct_or_add_document_new
আমি অন্য জেলায় শিফট হলে এনআইডি  তে এইটা চেঞ্জ করতে এর ফি কত,permanent_address_change_fees
আমি আগে ঢাকা থাকতাম এখন বরিশাল থাকি তো,permanent_address_change_fees
এড্রেস পরিবর্তন করতে টাকা কত,permanent_address_change_fees
ঠিকানা আপডেট আবেদন করতে কি ফি দিতে হবে,permanent_address_change_fees
ঠিকানা আপডেট করার জন্য কত টাকা জমা করতে হবে,permanent_address_change_fees
ঠিকানা চেঞ্জ জন্য কি কোনো টাকা লাগবে,permanent_address_change_fees
ঠিকানা পরিবর্তন করতে কি টাকা জমা দিতে হয়,permanent_address_change_fees
ঠিকানা পরিবর্তন করার জন্য কত টাকা লাগবে,permanent_address_change_fees
ঠিকানা পরিবর্তনের আবেদন করলে কি ফি দিতে হয়,permanent_address_change_fees
ঠিকানা বদলের জন্য কত টাকা লাগবে,permanent_address_change_fees
ঠিকানা বদলের জন্য কত ফি জমা দিতে হবে,permanent_address_change_fees
ঠিকানা বদলের জন্য ফি কত,permanent_address_change_fees
নতুন ঠিকানায় আপডেট করতে কোন ধরনের ফি আছে,permanent_address_change_fees
পরিচয়পত্রের ঠিকানা পরিবর্তনের জন্য কোন ধরনের ফি আছে,permanent_address_change_fees
বাসা বদলের পর কার্ড এ ঠিকানা আপডেট করতে কি ফি দিতে হয়,permanent_address_change_fees
স্থায়ী ঠিকানা আপডেট করতে কত টাকা জমা দিতে হবে,permanent_address_change_fees
স্থায়ী ঠিকানা আপডেট করার জন্য কত টাকা লাগে,permanent_address_change_fees
স্থায়ী ঠিকানা আপডেট করার জন্য কতো টাকা জমা করতে হবে,permanent_address_change_fees
স্থায়ী ঠিকানা আপডেটে কত টাকা লাগে,permanent_address_change_fees
স্থায়ী ঠিকানা পরিবর্তন করতে কত টাকা ফি লাগে,permanent_address_change_fees
স্থায়ী ঠিকানা পরিবর্তন করতে কত ফি দিতে হবে,permanent_address_change_fees
স্থায়ী ঠিকানা পরিবর্তন করতে কি কোন ফি দিতে হবে,permanent_address_change_fees
স্থায়ী ঠিকানা পরিবর্তনের জন্য কত টাকা জমা দিতে হবে,permanent_address_change_fees
স্থায়ী ঠিকানা পরিবর্তনের জন্য কতো টাকা দিতে হয়,permanent_address_change_fees
স্থায়ী ঠিকানা পরিবর্তনের জন্য কী ফি প্রযোজ্য,permanent_address_change_fees
স্থায়ী ঠিকানা বদলাতে কত টাকা লাগবে,permanent_address_change_fees
স্থায়ী ঠিকানা বদলে কত টাকা দিতে হয়,permanent_address_change_fees
স্থায়ী ঠিকানা বদলের জন্য কি কোনো ফি আছে,permanent_address_change_fees
স্থায়ী ঠিকানা বদলের ফি কত,permanent_address_change_fees
স্থায়ী ঠিকানা আপডেট করতে কত সময় লাগে,permanent_address_change_process_duration
স্থায়ী ঠিকানা পরিবর্তন করতে কতদিন সময় প্রয়োজন,permanent_address_change_process_duration
স্থায়ী ঠিকানা পরিবর্তনের কাজ শেষ হতে কতদিন সময় লাগবে,permanent_address_change_process_duration
স্থায়ী ঠিকানা পরিবর্তনের জন্য কতদিনে রেজিস্ট্রি হয়,permanent_address_change_process_duration
স্থায়ী ঠিকানা পরিবর্তনের প্রসেসিং টাইম কত,permanent_address_change_process_duration
স্থায়ী ঠিকানা বদলাতে কতদিন সময় লাগে,permanent_address_change_process_duration
স্থায়ী ঠিকানা সংশোধন করতে কতদিন লাগে,permanent_address_change_process_duration
স্থায়ী ঠিকানা সংশোধন করার পর কবে আপডেট হবে,permanent_address_change_process_duration
স্থায়ী ঠিকানা সংশোধনের আবেদন করলে কতদিনে আপডেট হয়,permanent_address_change_process_duration
স্থায়ী ঠিকানা সংশোধনের জন্য কতদিন অপেক্ষা করতে হয়,permanent_address_change_process_duration
আপনি বলতে পারেন,permanent_address_new
আমার কার্ডের স্থায়ী ঠিকানা পরিবর্তন করতে কি কি কাগজপত্র লাগবে,permanent_address_new
আমার জাতীয় পরিচয়পত্রের স্থায়ী ঠিকানা বদল করতে কি কি কাগজপত্র লাগবে,permanent_address_new
আমার ন্যাশনাল আইডি কার্ডে স্থায়ী ঠিকানা বদল করতে কি কি কাগজপত্র দরকার হবে,permanent_address_new
আমার পার্মানেন্ট ঠিকানা পরিবর্তন করার জন্য এনআইডি কার্ডে কি কি ডকুমেন্ট লাগবে,permanent_address_new
আমার বাসস্থান বদলাতে ন্যাশনাল আইডেন্টিটি কার্ডের জন্য কি কি প্রমাণপত্র লাগবে,permanent_address_new
আমি আমার এনআইডি কার্ডের স্থায়ী ঠিকানা পরিবর্তন করতে চাই,permanent_address_new
আমি জানতে চাই,permanent_address_new
এনআইডি কার্ডের আসল ঠিকানা সংশোধন করতে কি কি কাগজপত্র প্রয়োজন,permanent_address_new
এনআইডি কার্ডের স্থায়ী ঠিকানা সংশোধনের জন্য কি কি কাগজপত্র জমা দিতে হবে,permanent_address_new
নতুন স্থায়ী ঠিকানা আপডেটের জন্য কি ধরনের কাগজপত্র দিতে হবে,permanent_address_new
নতুন স্থায়ী ঠিকানা যোগ করতে কি কি দলিল প্রয়োজনীয়,permanent_address_new
নিড কার্ডে ঠিকানা বদলের জন্য কি ধরনের কাগজপত্র দরকার,permanent_address_new
নিড কার্ডে স্থায়ী বাসস্থান পরিবর্তনের জন্য কি কি দলিল প্রয়োজন,permanent_address_new
ন্যাশনাল আইডেন্টিটি কার্ডে বাসস্থান পরিবর্তনের জন্য কি কি কাগজপত্র লাগবে,permanent_address_new
ন্যাশনাল আইডেন্টিটি কার্ডের জন্য স্থায়ী ঠিকানা বদলাতে কি কি কাগজপত্র লাগবে,permanent_address_new
পার্মানেন্ট এড্রেস বদল করতে এনআইডি কার্ডের জন্য কি কি ডকুমেন্ট লাগে,permanent_address_new
স্থায়ী ঠিকানা পরিবর্তনের জন্য আমার জাতীয় পরিচয়পত্রে কি কি ডকুমেন্ট দরকার,permanent_address_new
স্থায়ী ঠিকানা আপডেট করতে আমাকে কি কি কাগজপত্র দিতে হবে,permanent_address_new
স্থায়ী ঠিকানা পরিবর্তনের জন্য কি কি কাগজপত্র জমা দিতে হবে,permanent_address_new
স্থায়ী ঠিকানা পরিবর্তনের জন্য কি কি কাগজপত্র লাগে,permanent_address_new
অনলাইনে স্থায়ী ঠিকানা সংশোধন করা যাবে,permanent_address_update_procedure
বর্তমান ঠিকানা সংশোধনের জন্য অনলাইন কি ব্যবহার করতে হবে,permanent_address_update_procedure
স্থায়ী ঠিকানা অনলাইনে সংশোধন করা যাবে কি,permanent_address_update_procedure
স্থায়ী ঠিকানা আপডেটের জন্য অনলাইনে কোনো সিস্টেম আছে কি,permanent_address_update_procedure
স্থায়ী ঠিকানা ঠিক করার জন্য অনলাইন আবেদন সম্ভব,permanent_address_update_procedure
স্থায়ী ঠিকানা পরিবর্তনের জন্য অনলাইনে আবেদন করতে পারবো,permanent_address_update_procedure
স্থায়ী ঠিকানা সংশোধনের অনলাইন পদ্ধতি কী,permanent_address_update_procedure
স্থায়ী ঠিকানা সংশোধনের আবেদন কি অনলাইনে করা যাবে,permanent_address_update_procedure
স্থায়ী ঠিকানা সংশোধনের জন্য অনলাইনে আবেদন করা যাবে কি,permanent_address_update_procedure
অনলাইনে বর্তমান ঠিকানা সংশোধন করা যাবে,persent_address_correction_procedure
অনলাইনে বর্তমান ঠিকানা সংশোধনের প্রক্রিয়া কী,persent_address_correction_procedure
ঠিকানা সংশোধনের অনলাইন অপশন আছে কি,persent_address_correction_procedure
ঠিকানা সংশোধনের জন্য অনলাইন ফর্ম আছে কি,persent_address_correction_procedure
ঠিকানা সংশোধনের জন্য অনলাইনে আবেদন করা যাবে কি,persent_address_correction_procedure
বর্তমান ঠিকানা অনলাইনে আপডেট করা যাবে,persent_address_correction_procedure
বর্তমান ঠিকানা আপডেটের আবেদন অনলাইনে সম্ভব,persent_address_correction_procedure
বর্তমান ঠিকানা সংশোধনের আবেদন কি অনলাইনে করা যাবে,persent_address_correction_procedure
হারানো কার্ড রি-ইস্যুর জন্য কি কি কাগজ লাগে,persent_address_correction_procedure
আমার আইডি কার্ড এর ছবি অস্পষ্ট,photo_correction
আমার এনআইডির ছবি অস্পষ্ট হয় তাহলে কী করব,photo_correction
আমার কার্ডে ছবি অস্পষ্ট,photo_correction
আমার কার্ডে ছবিটা দেখতে ঝাপসা,photo_correction
আমার মুখ কার্ডে ঘোলা আসছে কি করতে পারি এখন,photo_correction
কার্ড ছবি ঘোলা কিভাবে চেঞ্জ করা যায়,photo_correction
কার্ডে আমার মুখ কালো আসছে এখন এইটা ঠিক করাতে পারব,photo_correction
কার্ডে পিকচার টা ব্লার আসছে কিভাবে ঠিক করবো,photo_correction
কার্ডের ছবি ঝাপসা,photo_correction
কার্ডের ছবি পরিবর্তন করতে হলে কোন অফিসে যেতে হবে,photo_correction
কার্ডের ছবি বোঝা যাচ্ছে না,photo_correction
কার্ডের ছবি ভালো আসেনি,photo_correction
কার্ডের ছবির সমস্যা হলে আমি কোথায় যোগাযোগ করব,photo_correction
কার্ডের ছবির সমস্যা হলে কি করবো,photo_correction
কীভাবে এনআইডির ছবি পরিবর্তন করা যায়,photo_correction
ছবি কালো আসছে,photo_correction
ছবিটা কালো আসছে এইটা কিভাবে ঠিক করায়,photo_correction
ছবিটা পরিষ্কার না,photo_correction
নতুন ছবি দেওয়ার জন্য কি করতে হবে,photo_correction
পরিচয়পত্রের ছবি ঠিক করতে হবে কি করব বলেন,photo_correction
অনেক দিন আগে ছবি তুলেছি কিন্তু এখনও কার্ড পাইনি,photo_done_years_ago_but_no_card
অনেক দিন আগে পিকচার তুলেছি কিন্তু এখনও কার্ড পাইনি,photo_done_years_ago_but_no_card
অনেক বছর আগে ছবি তুললেও এখনও কার্ড পাইনি,photo_done_years_ago_but_no_card
আমার ছবি তোলার পর অনেক সময় পেরিয়ে গেছে,photo_done_years_ago_but_no_card
আমি অনেকদিন আগে ভোটার হওয়ার জন্য ছবি তুলেছি কিন্তু এখনো কোনো এসএমএস পাইনি। এনআইডি নাম্বার কীভাবে পাবো,photo_done_years_ago_but_no_card
আমি এনআইডি-এর জন্য ছবি দিয়েছি কিন্তু আমার কার্ড এখনো পাই নাই,photo_done_years_ago_but_no_card
আমি খুলনা থেকে ভোটার হওয়ার জন্য অনেকদিন আগে ছবি তুলেছি কিন্তু এখনো কোনো নোটিশ পাইনি। এনআইডি নাম্বার কীভাবে পাবো,photo_done_years_ago_but_no_card
আমি বরিশালে থাকি এবং অনেকদিন আগে ভোটার হওয়ার জন্য ছবি তুলেছি কিন্তু এখনো কোনো মেসেজ পাইনি। এনআইডি নাম্বার পাবো কীভাবে,photo_done_years_ago_but_no_card
আমি বহুদিন আগে ভোটার নিবন্ধনের ছবি তুলেছি কিন্তু এখনো কোনো মেসেজ পাইনি। আমি কীভাবে আমার এনআইডি নাম্বার পাবো,photo_done_years_ago_but_no_card
আমি বহুদিন আগে ভোটার হওয়ার জন্য ছবি তুলেছি কিন্তু এখনো কোনো খবর পাইনি। এনআইডি নাম্বার পাবো কীভাবে,photo_done_years_ago_but_no_card
ছবি তুলেছি অনেক বছর আগে এখনো আইডি কার্ড পাইনি,photo_done_years_ago_but_no_card
ছবি তুলেছি অনেক বছর আগে এখনো কার্ড পাইনি,photo_done_years_ago_but_no_card
ছবি তুলেছি কিন্তু কার্ড এখনও হাতে পাইনি,photo_done_years_ago_but_no_card
ছবি তোলার অনেক সময় হয়ে গেছে,photo_done_years_ago_but_no_card
ছবি দিয়ে অনেক মাস পার হয়ে গেছে,photo_done_years_ago_but_no_card
ধাকায় থাকতে গিয়ে আমি অনেক আগে ভোটার হওয়ার জন্য ছবি তুলেছি কিন্তু এখনো কোনো এসএমএস পাইনি। এনআইডি নাম্বার পাবো কীভাবে,photo_done_years_ago_but_no_card
আমার ছবি বদলের জন্য আবেদন করেছি কিন্তু কোনো ইমেইল বা মেসেজ পাইনি,photo_signature_change_application_not_approved
আমার স্বাক্ষর বদলাতে হবে কিন্তু মাস খানেক হয়ে গেল,photo_signature_change_application_not_approved
আমার স্বাক্ষরটা বদলাতে চেয়েছি কিন্তু কোনো জবাব নেই,photo_signature_change_application_not_approved
আমি মাস আগে পিকচার চেঞ্জের জন্য আবেদন দিয়েছি,photo_signature_change_application_not_approved
ছবি পরিবর্তন করার জন্য আবেদন করেছি,photo_signature_change_application_not_approved
ছবি পরিবর্তনের জন্য আবেদন করেছি কিন্তু কোনো ফিরব্যাক নেই,photo_signature_change_application_not_approved
ছবি বদলের আবেদন দিয়েছি কিন্তু এখনো কোনো রিপ্লাই নেই,photo_signature_change_application_not_approved
সাইন আপডেটের জন্য অনলাইনে আবেদন করেছি কিন্তু কোথাও কিছু দেখছি না,photo_signature_change_application_not_approved
সাইন পরিবর্তনের জন্য আবেদন করেছি,photo_signature_change_application_not_approved
স্বাক্ষর পরিবর্তন করার জন্য আবেদন করেছি,photo_signature_change_application_not_approved
আইডি কার্ডের ছবি তুলতে যাবো,photo_sms_but_not_in_upzila_other_when
আমার কার্ডের জন্য ছবি তোলার মেসেজ এসেছে,photo_sms_but_not_in_upzila_other_when
ছবি তুলতে যাওয়ার এসএমএস পেয়েছি,photo_sms_but_not_in_upzila_other_when
ছবি তোলার জন্য এসএমএস পেয়েছি,photo_sms_but_not_in_upzila_other_when
ছবি তোলার জন্য মেসেজ পেয়েছি,photo_sms_but_not_in_upzila_other_when
ছবি তোলার জন্য মেসেজ পেয়েছি,photo_sms_but_not_in_upzila_other_when
ছবি তোলার জন্য মোবাইলে বার্তা পেলাম,photo_sms_but_not_in_upzila_other_when
নতুন কার্ডের ছবি তোলার জন্য এসএমএস এসেছে,photo_sms_but_not_in_upzila_other_when
নিড কার্ডের ছবি তোলার জন্য ম্যাসেজ পেয়েছি,photo_sms_but_not_in_upzila_other_when
অনেক আগে ছবি তুলেছি কিন্তু কাগজটা হারিয়ে ফেলেছি,picture_done_but_lost_or_no_sms_slip
অ্যানআইডি এর ছোট কাগজটা হারিয়ে ফেলেছি,picture_done_but_lost_or_no_sms_slip
আমার আইডি কার্ডের ছবি নেওয়া হয়েছিল,picture_done_but_lost_or_no_sms_slip
আমার ছবি তোলা হয়েছে বহু পূর্বে কিন্তু স্লিপটি হারিয়ে গেছে,picture_done_but_lost_or_no_sms_slip
আমার ছবি তোলার পর দেওয়া রশিদ হারিয়ে গেছে,picture_done_but_lost_or_no_sms_slip
আমার ছবি তোলার সময় প্রাপ্ত রশিদ কোথায় হারিয়ে গেছে,picture_done_but_lost_or_no_sms_slip
আমার জাতীয় পরিচয়পত্র তৈরির জন্য ছবি তোলা হয়েছিল কিন্তু স্লিপটি কোথায় গেছে তা জানতে পারছি না।,picture_done_but_lost_or_no_sms_slip
আমার জাতীয় পরিচয়পত্র তৈরির জন্য ছবি নেওয়া হয়েছিল,picture_done_but_lost_or_no_sms_slip
আমার জাতীয় পরিচয়পত্রের ছবি তোলা হয়েছিল,picture_done_but_lost_or_no_sms_slip
আমার জাতীয় পরিচয়পত্রের জন্য ছবি তোলা হয়েছিল,picture_done_but_lost_or_no_sms_slip
আমার ন্যাশনাল আইডি কার্ডের জন্য ফটো নেওয়া হয়েছিল,picture_done_but_lost_or_no_sms_slip
আমার ন্যাশনাল আইডির ছবি তোলার স্লিপ হারিয়ে গেছে,picture_done_but_lost_or_no_sms_slip
আমার ন্যাশনাল আইডির ছবি নেওয়া হয়েছিল,picture_done_but_lost_or_no_sms_slip
আমার প্রকাশ্যতা নিয়ে ছবি তুলেছি কিন্তু স্লিপ হারিয়ে ফেলেছি,picture_done_but_lost_or_no_sms_slip
আমার প্রকাশ্যতার ছবি তোলা হয়েছিল,picture_done_but_lost_or_no_sms_slip
আমার প্রাপ্তি রশিদ হারিয়ে গেছে ছবি তোলার সময়,picture_done_but_lost_or_no_sms_slip
আমার বাংলাদেশী আইডি কার্ডের জন্য ফটো নেওয়া হয়েছিল,picture_done_but_lost_or_no_sms_slip
আমার বাংলাদেশী জাতীয় পরিচয়পত্রের জন্য ফটো নেওয়া হয়েছিল,picture_done_but_lost_or_no_sms_slip
আমি অনেক আগে ছবি তুলেছিলাম কিন্তু স্লিপ হারিয়ে ফেলেছি,picture_done_but_lost_or_no_sms_slip
আমি অনেকদিন আগে ছবি তুলেছিলাম এবং স্লিপ হারিয়ে গেছে,picture_done_but_lost_or_no_sms_slip
আমি কয়েক মাস আগে ছবি তুলেছিলাম কিন্তু স্লিপটা হারিয়ে ফেলেছি,picture_done_but_lost_or_no_sms_slip
আমি ক্যামেরায় ছবি তুলেছি কিন্তু মেসেজ আসেনি,picture_done_but_lost_or_no_sms_slip
আমি ছবি তুলেছি কিন্তু কোনো খবর বা মেসেজ পাইনি,picture_done_but_lost_or_no_sms_slip
আমি ছবি তুলেছি কিন্তু মেসেজ পাইনি,picture_done_but_lost_or_no_sms_slip
আমি ছবি তুলেছি তবে কোনো খবর পাইনি,picture_done_but_lost_or_no_sms_slip
আমি ছবি তোলার সময় যে রশিদটি পেয়েছিলাম,picture_done_but_lost_or_no_sms_slip
আমি নতুন ভোটার আমার স্লিপ চুরি গেছে,picture_done_but_lost_or_no_sms_slip
আমি ফটো দিয়েছি কিন্তু কোনো এসএমএস পাইনি,picture_done_but_lost_or_no_sms_slip
কার্ড এর জন্য ফটো তুলেছি কিন্তু স্লিপ পাই না,picture_done_but_lost_or_no_sms_slip
ছবি আপলোড করেছি কিন্তু কোনো সংকেত মেসেজ পাইনি,picture_done_but_lost_or_no_sms_slip
ছবি তুলার পর রশিদ হারানো গেলে এনআইডি কার্ড পেতে কি করতে হবে,picture_done_but_lost_or_no_sms_slip
ছবি তুলেছি অনেক আগে স্লিপ হারিয়ে ফেলেছি,picture_done_but_lost_or_no_sms_slip
ছবি তুলেছি কিন্তু প্রাপ্তি রশিদ নেই,picture_done_but_lost_or_no_sms_slip
ছবি তুলেছি কিন্তু মোবাইলে কোনো ইনফরমেশন পাইনি,picture_done_but_lost_or_no_sms_slip
ছবি তোলার জন্য যে রশিদ পেয়েছিলাম,picture_done_but_lost_or_no_sms_slip
ছবি তোলার দিন প্রাপ্ত রশিদটি হারিয়ে ফেলেছি,picture_done_but_lost_or_no_sms_slip
ছবি তোলার পর আমার রশিদ খুঁজে পাচ্ছি না,picture_done_but_lost_or_no_sms_slip
ছবি তোলার পর রশিদ হারিয়ে ফেলছি,picture_done_but_lost_or_no_sms_slip
ছবি তোলার রশিদটি হারিয়ে গেছে,picture_done_but_lost_or_no_sms_slip
ছবি তোলার সময় আমার প্রাপ্তি রশিদ হারিয়ে গেছে,picture_done_but_lost_or_no_sms_slip
ছবি তোলার সময় যে রশিদ আমি পেয়েছিলাম তা হারিয়ে গেছে জাতীয় পরিচয়পত্র পাবো কেমন করে,picture_done_but_lost_or_no_sms_slip
ছবি তোলার সময় যে রশিদটি আমি পেয়েছিলাম তা হারিয়ে গেছে,picture_done_but_lost_or_no_sms_slip
ছবি তোলার সময় প্রদত্ত প্রাপ্তি রশিদ হারিয়েছি,picture_done_but_lost_or_no_sms_slip
ছবি তোলার সময় যে রশিদটি পেয়েছিলাম সেটা হারিয়ে গেছে,picture_done_but_lost_or_no_sms_slip
জাতীয় পরিচয়পত্রের ছবি তোলার স্লিপ লোপ পেয়েছে,picture_done_but_lost_or_no_sms_slip
দীর্ঘ দিন আগে ছবি তুলেছিলাম,picture_done_but_lost_or_no_sms_slip
নতুন কার্ড এর জন্য ছবি তুলা হয়েছে কিন্তু,picture_done_but_lost_or_no_sms_slip
ন্যাশনাল আইডির ছবি তোলার প্রমাণপত্র হারিয়ে গেছে,picture_done_but_lost_or_no_sms_slip
প্রকাশ্যতা নেওয়ার সময় আমার ছবি তোলা হয়েছিল,picture_done_but_lost_or_no_sms_slip
প্রকাশ্যতা নেওয়ার সময় ফটো তোলা হয়েছিল,picture_done_but_lost_or_no_sms_slip
ভোটার হবার পিকচার তুলছি এবং রশিদ হারানোর পর এখন বিপদে আছি এনআইডি কার্ডের জন্য কি করণীয়,picture_done_but_lost_or_no_sms_slip
স্ন্যাপ নিয়েছি কিন্তু কোনো এসএমএস আসেনি,picture_done_but_lost_or_no_sms_slip
অনলাইন এনআইডি অ্যাড্রেস চেঞ্জ করলে কতদিন লাগবে,present_address_change_process_duration
এনআইডি এ অ্যাড্রেস আপডেট করতে কত সময় লাগবে,present_address_change_process_duration
বর্তমান ঠিকানা আপডেট করতে কত সময় লাগবে,present_address_change_process_duration
বর্তমান ঠিকানা চেঞ্জ করে দিতে কত সময় নেয়,present_address_change_process_duration
বর্তমান ঠিকানা পরিবর্তন করতে কতদিন সময় প্রয়োজন,present_address_change_process_duration
বর্তমান ঠিকানা পরিবর্তনের আবেদন করলে কতদিনে সম্পন্ন হয়,present_address_change_process_duration
বর্তমান ঠিকানা পরিবর্তনের কাজ শেষ হতে কতদিন সময় লাগে,present_address_change_process_duration
বর্তমান ঠিকানা বদলানোর প্রসেসে কতদিন লাগে,present_address_change_process_duration
বর্তমান ঠিকানা সংশোধন করার পর আপডেট হতে কতদিন লাগে,present_address_change_process_duration
বর্তমান ঠিকানা সংশোধনে কতদিন লাগে,present_address_change_process_duration
বর্তমান ঠিকানা সংশোধনের জন্য কতদিন অপেক্ষা করতে হয়,present_address_change_process_duration
বর্তমান ঠিকানা সংশোধনের প্রক্রিয়া কতদিনে শেষ হয়,present_address_change_process_duration
আমার জাতীয় পরিচয়পত্রে নতুন ঠিকানা যোগ করতে কি কি কাগজপত্র প্রয়োজন,present_and_permanent_address_generic_new
আমার জাতীয় পরিচয়পত্রে বাসস্থান হালনাগাদের জন্য কি কি কাগজপত্র লাগবে,present_and_permanent_address_generic_new
আমার বর্তমান এড্রেস কার্ডে ভুল,present_and_permanent_address_generic_new
আমার বর্তমান ঠিকানা সংশোধন করতে কি পদক্ষেপ নেবো,present_and_permanent_address_generic_new
আমার বর্তমান ঠিকানা হালনাগাদ করতে কি কি কাগজপত্র দিতে হবে,present_and_permanent_address_generic_new
আমার ভোটার আইডির কারেন্ট এড্রেস বদল করতে কি করতে হবে,present_and_permanent_address_generic_new
আমি কীভাবে আমার কার্ডের বর্তমান ঠিকানা সংশোধন করতে পারি,present_and_permanent_address_generic_new
এনআইডি কার্ডে ঠিকানা পরিবর্তনের জন্য কি কি প্রমাণপত্র প্রয়োজন,present_and_permanent_address_generic_new
এনআইডি কার্ডে ঠিকানা বদলের জন্য কি কি সার্টিফিকেট লাগে,present_and_permanent_address_generic_new
এনআইডি কার্ডে বর্তমান ঠিকানা আপডেট করার জন্য কি কি দলিল দিতে হবে,present_and_permanent_address_generic_new
এনআইডি কার্ডে বর্তমান ঠিকানা সংশোধন করতে কী প্রক্রিয়া অনুসরণ করবো,present_and_permanent_address_generic_new
এনআইডি কার্ডে বর্তমান ঠিকানা সংশোধন করতে কী প্রক্রিয়া অনুসরণ করবো,present_and_permanent_address_generic_new
এনআইডি কার্ডে বর্তমান ঠিকানা সংশোধনের জন্য কি করতে হবে,present_and_permanent_address_generic_new
কার্ডে প্রেজেন্ট ঠিকানা পরিবর্তন করতে কী করতে হবে,present_and_permanent_address_generic_new
কার্ডে বর্তমান ঠিকানা পরিবর্তনের জন্য কোন অফিসে যেতে হবে,present_and_permanent_address_generic_new
জাতীয় পরিচয়পত্রের ঠিকানা পরিবর্তন করতে কি কি জিনিস লাগে,present_and_permanent_address_generic_new
ঠিকানা পরিবর্তনের জন্য আমার এনআইডিতে কি কি কাগজপত্র লাগবে,present_and_permanent_address_generic_new
ঠিকানা বদলের জন্য এনআইডিতে কি ধরনের নথি জমা দিতে হয়,present_and_permanent_address_generic_new
নতুন ঠিকানা অন্তর্ভুক্ত করার জন্য জাতীয় পরিচয়পত্রে কি কি লাগবে,present_and_permanent_address_generic_new
প্রেজেন্ট এড্রেস বা পরিবর্তন করতে হলে কীভাবে আবেদন করতে হয়,present_and_permanent_address_generic_new
বর্তমান ঠিকানা পরিবর্তন করতে হলে কি করা দরকার,present_and_permanent_address_generic_new
বর্তমান ঠিকানা পরিবর্তনের জন্য কি কি কাগজপত্র লাগে,present_and_permanent_address_generic_new
বর্তমান ঠিকানার তথ্য সংশোধনের জন্য কি কি কাগজপত্র লাগে,present_and_permanent_address_generic_new
আমি কার্ড আপডেট করে নতুন কার্ড ডাউনলোড করেছি,previous_information_in_downloaded_card_after_correction
আমি কার্ডের তথ্য সংশোধন করে ডাউনলোড করেছি কিন্তু আগের তথ্যই আছে,previous_information_in_downloaded_card_after_correction
এনআইডি কার্ড সংশোধন হওয়ার পর পুরনো তথ্য কেন দেখাচ্ছে,previous_information_in_downloaded_card_after_correction
কার্ডের তথ্য আপডেট করে ডাউনলোড করলাম কিন্তু কেন ওল্ড ইনফরমেশন ই দেখাচ্ছে,previous_information_in_downloaded_card_after_correction
নতুন এনআইডি কার্ড ডাউনলোড করলাম,previous_information_in_downloaded_card_after_correction
নতুন কার্ড ডাউনলোড করলাম,previous_information_in_downloaded_card_after_correction
সংশোধন করে কার্ড ডাউনলোড করলাম তবুও আগের তথ্য দেখাচ্ছে,previous_information_in_downloaded_card_after_correction
সংশোধন হওয়ার পর কার্ড ডাউনলোড করলে আগের তথ্য দেখায়,previous_information_in_downloaded_card_after_correction
সংশোধনের পর কার্ড ডাউনলোড করলে আগের তথ্য দেখা যাচ্ছে,previous_information_in_downloaded_card_after_correction
সংশোধনের পর ডাউনলোড করা কার্ডে আগের তথ্য দেখানো হচ্ছে,previous_information_in_downloaded_card_after_correction
সংশোধনের পরেও কি কার্ডে আগের তথ্য দেখাবে,previous_information_in_downloaded_card_after_correction
আইডি কার্ডে চাকুরির তথ্যে ঝামেলা আছে কি করব,profession_change
আমার চাকরি চেঞ্জ হইছে এখন এইটা কার্ডে কিভাবে আপডেট করতে পারি,profession_change
আমি আগে অন্য একটা কাজ করতাম এখন নতুন একটা কাজে ঠুকেছি,profession_change
আমি আমার পেশা পরিবর্তন করতে চাই কিন্তু কিভাবে করতে পারি,profession_change
কার্ডে চাকুরির তথ্য পরিবর্তন করতে হলে করনীয় কি,profession_change
কার্ডে নতুন পেশা আপডেট করার নিয়ম কী,profession_change
কার্ডে পেশা আপডেট করতে কিভাবে আবেদন করব,profession_change
কার্ডে পেশা পরিবর্তন করতে হলে কোথায় যোগাযোগ করব,profession_change
কার্ডে পেশা পরিবর্তনের জন্য আবেদন করার উপায় কী,profession_change
কার্ডে পেশা বদলানো যায়,profession_change
কার্ডে পেশা বদলানোর প্রক্রিয়া কী,profession_change
কার্ডে পেশার তথ্য ঠিক করতে কী করণীয়,profession_change
কার্ডে প্রফেশন আপডেট করতে করনীয় কি,profession_change
চাকরি পরিবর্তন করেছি,profession_change
নতুন পেশায় আছি,profession_change
পেশা ঠিক নেই,profession_change
পেশা পরিবর্তনের কিভাবে করে,profession_change
পেশা পরিবর্তনের জন্য কি করতে হবে,profession_change
পেশা বদলানোর জন্য কোন কোন কাগজপত্র লাগবে,profession_change
পেশা সংশোধনের জন্য আমি কোথায় যাব,profession_change
পেশায় ভুল আছে,profession_change
অনলাইন আইডি তৈরির পর কিউআর কোড এসেছে,qr_code_clarification
অনলাইনে এনআইডি একাউন্ট তৈরী করার পর একটি কিউআর কোড এসেছে,qr_code_clarification
অনলাইনে এনআইডি একাউন্ট তৈরী করার পর একটি কিউআর কোড এসেছে,qr_code_clarification
আমি কিউআর দিয়ে কী করব এনআইডি প্রক্রিয়ায়,qr_code_clarification
একটা কিউ আর পেয়েছি একাউন্ট ক্রিয়েট এর পর কীভাবে এটি ব্যবহার করবো,qr_code_clarification
একাউন্ট তৈরির সময় কিউআর কোড এসেছে,qr_code_clarification
এনআইডি একাউন্ট করলে যে কিউআর কোড আসে তা কেন দেওয়া হয়,qr_code_clarification
এনআইডি একাউন্ট তৈরি করার পর একটি কিউ আর দেখাচ্ছে,qr_code_clarification
কিউ আর কোড আসছে এইটা কি দিয়া স্ক্যান করতে কি হবে,qr_code_clarification
কিউআর কোড এর ব্যবহার নিয়ে নির্দেশনা কী,qr_code_clarification
কিউআর কোড দিয়ে কি করতে কি হবে,qr_code_clarification
কিউআর কোড পাওয়ার পর কি ধাপ নেওয়া উচিত,qr_code_clarification
নতুন একাউন্ট তৈরির পর কিউআর কোড পেয়েছি,qr_code_clarification
আমার প্রাপ্তি রশিদ হারিয়ে গেছে,receipt_lost_how_to_get_new_card
আমি প্রাপ্তি রশিদ হারিয়েছি,receipt_lost_how_to_get_new_card
কার্ড উত্তোলন করতে প্রাপ্তি রশিদ বা রিসিপ্ট বা রিসিট যেটা সেটা হারিয়ে গেলে কি করবো,receipt_lost_how_to_get_new_card
কার্ড উত্তোলনের জন্য প্রাপ্তি রশিদ না থাকলে কি করতে হবে,receipt_lost_how_to_get_new_card
নতুন কার্ড পেতে প্রাপ্তি রশিদ কি জরুরি,receipt_lost_how_to_get_new_card
প্রাপ্তি রশিদ না থাকলে কি কার্ড উত্তোলন সম্ভব,receipt_lost_how_to_get_new_card
প্রাপ্তি রশিদ হারিয়ে গেছে,receipt_lost_how_to_get_new_card
প্রাপ্তি রশিদ হারিয়ে গেছে কিভাবে কার্ড উত্তোলন করবো,receipt_lost_how_to_get_new_card
প্রাপ্তি রশিদ হারিয়ে গেলে কি আর কার্ড পাওয়া যাবে,receipt_lost_how_to_get_new_card
প্রাপ্তি রশিদ হারিয়ে গেলে কোনভাবে নতুন কার্ড পাওয়া যাবে,receipt_lost_how_to_get_new_card
প্রাপ্তি রশিদ হারিয়ে ফেলেছি,receipt_lost_how_to_get_new_card
প্রাপ্তি রিসিট না থাকলে কি করে কার্ড পেতে পারি,receipt_lost_how_to_get_new_card
আমার জন্ম নিবন্ধন অন্য এলাকায়,reigister_as_new_voter_but_birth_registration_different_address
আমি নিউ ভোটার হিসেবে আবেদন করেছি,reigister_as_new_voter_but_birth_registration_different_address
আমি হচ্ছে নিউ ভোটার এপ্লিকেশন করতে চাই,reigister_as_new_voter_but_birth_registration_different_address
নতুন ভোটারের আবেদন করতে গেলে আমার জন্ম সনদের ঠিকানা ভিন্ন এইটা নিয়ে কি করতে হবে,reigister_as_new_voter_but_birth_registration_different_address
নতুন ভোটারের আবেদন করার সময় জন্ম সনদে যদি ঠিকানা বা এড্রেস ভিন্ন হয়,reigister_as_new_voter_but_birth_registration_different_address
নতুন ভোটারের জন্য আবেদন করতে যাবো,reigister_as_new_voter_but_birth_registration_different_address
নতুন ভোটারের জন্য আবেদন করেছি,reigister_as_new_voter_but_birth_registration_different_address
বার্থ রেজিস্ট্রেশন এর এড্রেস ডিফারেন্ট হলে নতুন ভোটার আবেদন করতে কি হতে পারে,reigister_as_new_voter_but_birth_registration_different_address
যেখানে জন্ম নিবন্ধন অন্য ঠিকানায়,reigister_as_new_voter_but_birth_registration_different_address
অনেকদিন আগে রি-ইস্যু আবেদন করেছিলাম,reissue_apply_why_pending_and_urgent_reissue_seven_days_over
আজেন্ট রি-ইস্যু আবেদন করেছিলাম সাত কর্ম দিবস শেষ হয়ে গেছে,reissue_apply_why_pending_and_urgent_reissue_seven_days_over
আমি ইমারজেন্সি রি-ইস্যু আবেদন করেছি সাত দিন হয়ে গেছে,reissue_apply_why_pending_and_urgent_reissue_seven_days_over
আমি রি-ইস্যু এপ্লাই করেছি কিন্তু কার্ড কি কারণে পেন্ডিং,reissue_apply_why_pending_and_urgent_reissue_seven_days_over
আরজেন্ট রি-ইস্যু করার পর সাত দিন পার হয়ে গেছে কার্ড পায়নি কেন,reissue_apply_why_pending_and_urgent_reissue_seven_days_over
আরজেন্ট রিইস্যু আবেদন করেছিলাম সাত কর্মদিবস শেষ হয়ে গেছে,reissue_apply_why_pending_and_urgent_reissue_seven_days_over
আর্জেন্ট রিইস্যু আবেদন করেছিলাম সাত কর্মদিবস শেষ হয়ে গেছে অনেক আগেই,reissue_apply_why_pending_and_urgent_reissue_seven_days_over
ইমার্জেন্সি রি-ইস্যু আবেদন করেছি,reissue_apply_why_pending_and_urgent_reissue_seven_days_over
কার্ড রি-ইস্যু আবেদন করেছি,reissue_apply_why_pending_and_urgent_reissue_seven_days_over
কার্ড রি-ইস্যু করার জন্য অ্যাপ্লাই করেছি কিন্তু দেরী কেন,reissue_apply_why_pending_and_urgent_reissue_seven_days_over
জরুরি রি-ইস্যু আবেদন করেছি,reissue_apply_why_pending_and_urgent_reissue_seven_days_over
বিশেষ জরুরি রি-ইস্যু আবেদন করেছি,reissue_apply_why_pending_and_urgent_reissue_seven_days_over
রি-ইস্যু আবেদন করছিলাম আর কতদিন লাগে,reissue_apply_why_pending_and_urgent_reissue_seven_days_over
রি-ইস্যু আবেদন করতে গিয়ে এতদিন পেরিয়ে গেছে,reissue_apply_why_pending_and_urgent_reissue_seven_days_over
রি-ইস্যু আবেদন করে কতদিন লাগে কার্ড কবে পাবো,reissue_apply_why_pending_and_urgent_reissue_seven_days_over
রি-ইস্যু আবেদনের পর কতদিনে কার্ড আসে,reissue_apply_why_pending_and_urgent_reissue_seven_days_over
রিইস্যু এর আবেদন বহুদিন আগে করেছি,reissue_apply_why_pending_and_urgent_reissue_seven_days_over
অ্যানআইডি রি-ইস্যু করার জন্য কি ডকুমেন্ট দরকার,reissue_supporting_document
এনআইডি কার্ড রি-ইস্যুর জন্য কি কি সাপোর্টিং ডকুমেন্ট জমা দিতে হয়,reissue_supporting_document
এনআইডি কার্ড রি-ইস্যুর জন্য কী কী ডকুমেন্ট দরকার,reissue_supporting_document
এনআইডি পুনঃনিষ্করণের জন্য কি ডকুমেন্ট লাগবে,reissue_supporting_document
এনআইডি রি-ইস্যু করতে গেলে কি কাগজ জমা দিতে হবে,reissue_supporting_document
এনআইডি রি-ইস্যু করার জন্য কি কি কাগজপত্র লাগবে,reissue_supporting_document
এনআইডি রি-ইস্যুর জন্য কোন কোন কাগজপত্র লাগবে,reissue_supporting_document
এনআইডি রি-ইস্যুর সময় কি কি লাগবে,reissue_supporting_document
কার্ড পুনরায় ইস্যু করতে কি কি দস্তাবেজ লাগবে,reissue_supporting_document
কার্ড রি-ইস্যুর জন্য কি কি ডক লাগবে,reissue_supporting_document
কার্ড রি-ইস্যুর জন্য কি কি লাগবে,reissue_supporting_document
কার্ড রি-ইস্যুর জন্য কি কি সাবমিট করতে হবে,reissue_supporting_document
কার্ড রি-ইস্যুর জন্য কোন ডকুমেন্টস লাগবে,reissue_supporting_document
কার্ড রি-ইস্যুর জন্য সাপোর্টিং ডকুমেন্টস কিভাবে জমা দেবো,reissue_supporting_document
কার্ড রিইস্যুর জন্য কোন কাগজ জমা দিতে হয়,reissue_supporting_document
কার্ড হারালে রি-ইস্যুর জন্য কি কাগজপত্র জমা দিতে হবে,reissue_supporting_document
কার্ডে আরেকজনের ছবি দিয়া দিছে কিভাবে সংশোধন করতে হবে,reissue_supporting_document
জি-ডি করে কি কার্ড রি-ইস্যুর জন্য ডকুমেন্টস জমা দিতে হবে,reissue_supporting_document
নতুন কার্ড ইস্যু করতে কি কি পেপার লাগবে,reissue_supporting_document
রি-ইস্যুর জন্য কি কি জমা দিতে হবে,reissue_supporting_document
রি-ইস্যুর জন্য কি কি প্রুফ দিতে হবে,reissue_supporting_document
রি-ইস্যুর জন্য কি কি সাপোর্টিং ডকুমেন্ট জমা দিতে হবে,reissue_supporting_document
রি-ইস্যুর জন্য কি কি সাপোর্টিং ডকুমেন্ট জমা দিতে হয়,reissue_supporting_document
রি-ইস্যুর জন্য কোন কোন সাপোর্টিং ডকুমেন্ট লাগবে,reissue_supporting_document
অনুগ্রহ করে আবার বলুন,repeat_again
অনুগ্রহপূর্বক আরেকবার বলতে হবে,repeat_again
আওয়াজ ক্লিয়ার না,repeat_again
আপু প্লিজ আরেকবার বলতে পারবেন আমি শুনতে পারি নাই,repeat_again
আবার বলেন ভাই,repeat_again
আমার কাছে স্পষ্ট না,repeat_again
আমি আবার শুনতে চাই,repeat_again
আমি কিছু শোনার চেষ্টা করছিলাম,repeat_again
আমি কিছুই বুঝতে পারিনি,repeat_again
আমি পুরোটা ধরতে পারি নাই,repeat_again
আমি বুঝতে পারি নাই,repeat_again
আমি হালকা শুনেছি,repeat_again
আরেকটু ক্লিয়ার করে বলুন প্লিজ,repeat_again
আরেকটু বিস্তারিত বলুন,repeat_again
আরেকটু স্পষ্ট করে বলুন,repeat_again
আরেকবার রিক্যাপ দিন,repeat_again
আরেকবার রিপিট করুন,repeat_again
একটু আবার বলবেন,repeat_again
একটু আস্তে বলবেন,repeat_again
একটু জোরে বলবেন,repeat_again
একটু ধীরে বলুন,repeat_again
একটু সহজ করে বলবেন,repeat_again
কিছুটা মিস করেছি,repeat_again
তথ্যটা আরেকবার দিন,repeat_again
দয়া করে আবার বলতে পারেন,repeat_again
দয়া করে আবার বলুন,repeat_again
নাম্বারটা আবার বলেন,repeat_again
লাইনে প্রবলেম ছিল,repeat_again
শব্দটা কাটা গেছে,repeat_again
শেষের দিকটা আবার বলুন প্লিজ,repeat_again
এখন নয় চাপলে প্রতিনিধির সাহায্য পাওয়া যাবে।,representative_contact_outside_business_hours
তোকে একটু ট্রল করলাম,representative_contact_outside_business_hours
নির্দিষ্ট সময়ের বাইরে কথা বলতে চাইলে নয় চেপে কল করুন।,representative_contact_outside_business_hours
নির্দিষ্ট সময়ের বাইরে নয় চাপলে প্রতিনিধির সাথে সংযোগ হবে।,representative_contact_outside_business_hours
নির্ধারিত সময়ের বাইরে নয় চেপে প্রতিনিধি সংযোগ করুন।,representative_contact_outside_business_hours
নয় চাপলে প্রতিনিধি আপনাকে সাহায্য করবেন।,representative_contact_outside_business_hours
প্রতিনিধির সাথে কথা বলতে চাইলে নয় চেপে অপেক্ষা করুন।,representative_contact_outside_business_hours
সকাল ৮টা পূর্বে বা রাত ৮টার পরে নয় চাপুন।,representative_contact_outside_business_hours
সকাল ৮টার আগে অথবা রাত ৮টার পরে নয় চাপুন প্রতিনিধি সংযোগের জন্য।,representative_contact_outside_business_hours
সরাসরি প্রতিনিধিকে কলটি স্থানান্তরের ক্ষেত্রে সকাল ৮টার পূর্বে এবং রাত ৮টার পরে নয় চেপে প্রতিনিধির সাথে কথা বলতে চাইলে উত্তর কি হবে,representative_contact_outside_business_hours
আট টার আগে বা পরে কথা বলতে চাইলে নয় চাপুন।,representative_contact_outside_business_hours
আচ্ছা আপনি কি বলতে চান,request_for_clear_pronunciation
আচ্ছা মানে কি বুঝেন আপনি,request_for_clear_pronunciation
আপনার কথা স্পষ্ট না,request_for_clear_pronunciation
আপনি বলতেছেন মানে কি,request_for_clear_pronunciation
আমি এখন কি করব আপনি বলেন!,request_for_clear_pronunciation
আমি কি করতে পারি জানিনা তো,request_for_clear_pronunciation
আমি কি প্রশ্ন করেছিলাম ভুলে গেছি,request_for_clear_pronunciation
আমি চাই একদম আলাদা কিছু,request_for_clear_pronunciation
আমি তো জানিনা ওইসব ব্যাপারে!,request_for_clear_pronunciation
আসলে ব্যাপারটা হইলো কি...,request_for_clear_pronunciation
এই বিষয়টা নিয়ে কিছু জানেন,request_for_clear_pronunciation
এইটা কিভাবে হয় বুঝলাম না!,request_for_clear_pronunciation
এইটা তো আমার প্রশ্ন না,request_for_clear_pronunciation
এইটা নিয়ে কি করা উচিত,request_for_clear_pronunciation
একটু ক্লিয়ার করে বলবেন,request_for_clear_pronunciation
এনআইডি বিষয়ক কোন কোন প্রশ্ন করা যাবে,request_for_clear_pronunciation
ওই বিষয়টা বাদ দেন,request_for_clear_pronunciation
ওটা করবো নাকি এটাও লাগবে,request_for_clear_pronunciation
তাহলে কি বলা যায় এই অবস্থায়,request_for_clear_pronunciation
তাহলে কি হইছে শেষ পর্যন্ত,request_for_clear_pronunciation
তো এখন আমি কোথায় যাব,request_for_clear_pronunciation
তো কি করবো এখন,request_for_clear_pronunciation
বলতেছেন আবার কি নতুন নিয়ম,request_for_clear_pronunciation
বুঝতে পারছিনা কিছুই!,request_for_clear_pronunciation
মানে কি বললেন আপনি,request_for_clear_pronunciation
মোটেও ক্লিয়ার না আপনার কথায়,request_for_clear_pronunciation
আজকের মত শেষ,request_for_feedback_or_suggestions
আপনাকে অনেক ধন্যবাদ,request_for_feedback_or_suggestions
আপনার সেবা ভালো লেগেছে,request_for_feedback_or_suggestions
আপাতত কিছু জানতে চাচ্ছি না,request_for_feedback_or_suggestions
আমি কি আরও কিছু জানতে পারি,request_for_feedback_or_suggestions
আমি চলে যাচ্ছি,request_for_feedback_or_suggestions
আমি সেরে ফেলেছি,request_for_feedback_or_suggestions
আর কোনো প্রশ্ন নেই,request_for_feedback_or_suggestions
এখন আর কিছু দরকার নেই,request_for_feedback_or_suggestions
চ্যাট শেষ করুন,request_for_feedback_or_suggestions
পরবর্তীতে আবার যোগাযোগ করবো,request_for_feedback_or_suggestions
ভাল সেবা পেয়েছি,request_for_feedback_or_suggestions
সব ঠিকঠাক বুঝেছি,request_for_feedback_or_suggestions
সব প্রশ্নের উত্তর পেয়ে গেছি,request_for_feedback_or_suggestions
সব বুঝে গেছি,request_for_feedback_or_suggestions
সার্ভিসটি ভালো ছিল,request_for_feedback_or_suggestions
সেবা পেয়ে খুশি হয়েছি,request_for_feedback_or_suggestions
সেবা পেয়ে ভাল লাগলো,request_for_feedback_or_suggestions
আমি রকেটে কীভাবে এনআইডি সংশোধনের টাকা জমা দিব,rocket_mfs_payment_process
এনআইডি সংশোধনের ফি রকেট দিয়ে পরিশোধ করার নিয়ম কী,rocket_mfs_payment_process
রকেট অ্যাপ থেকে এনআইডি সংশোধনের টাকা পাঠানোর পদ্ধতি কী,rocket_mfs_payment_process
রকেট থেকে এনআইডি সংশোধন ফি পেমেন্ট করার নিয়ম কী,rocket_mfs_payment_process
রকেট থেকে এনআইডির টাকা জমা দিতে হলে কী করবো,rocket_mfs_payment_process
রকেট দিয়ে এনআইডি সংশোধনের ফি জমা দেয়ার স্টেপ কী,rocket_mfs_payment_process
রকেট দিয়ে কিভাবে এনআইডি সংশোধনের ফি পরিশোধ করবো,rocket_mfs_payment_process
রকেট ব্যবহার করে এনআইডি সংশোধনের ফি কীভাবে জমা দেব,rocket_mfs_payment_process
রকেট মোবাইল ব্যাংকিং-এ এনআইডি সংশোধনের টাকা কীভাবে জমা হবে,rocket_mfs_payment_process
রকেটে এনআইডি সংশোধনের ফি কিভাবে প্রদান করবো,rocket_mfs_payment_process
আপনার থেকে কি তথ্য পাওয়া যাবে,service_provided
আপনার মাধ্যমে কি কি তথ্য পাওয়া যাবে,service_provided
আপনার সেবা সম্পর্কে বলুন।,service_provided
আপনি কি কি ধরনের সেবা দেন,service_provided
আপনি কি কি সেবা প্রদান করেন,service_provided
আপনি কি সেবা প্রদান করছেন,service_provided
আমি এনআইডি সংশোধন সম্পর্কিত কোন ধরনের প্রশ্ন করতে পারি,service_provided
আমি কি এই সেবার মাধ্যমে আমার এনআইডি তথ্য আপডেট করতে পারি,service_provided
আমি কি এই সেবার মাধ্যমে আমার জাতীয় পরিচয় পত্র তথ্য আপডেট করতে পারি,service_provided
আমি কি এই সেবার মাধ্যমে আমার ভোটার আইডি তথ্য আপডেট করতে পারি,service_provided
আমি কীভাবে অনলাইনে এনআইডি যাচাইকরণের স্ট্যাটাস চেক করতে পারি,service_provided
আমি কীভাবে অনলাইনে জাতীয় পরিচয় পত্র যাচাইকরণের স্ট্যাটাস চেক করতে পারি,service_provided
আমি কীভাবে অনলাইনে ভোটার আইডি যাচাইকরণের স্ট্যাটাস চেক করতে পারি,service_provided
আমি জাতীয় পরিচয় পত্র সংশোধন সম্পর্কিত কোন ধরনের প্রশ্ন করতে পারি,service_provided
এই চ্যাটবট কি আমাকে এনআইডি আপডেট স্ট্যাটাস সম্পর্কে নির্দেশনা দিতে পারে,service_provided
এই চ্যাটবট কি আমাকে এনআইডি সংশোধন করার তথ্য প্রদান করে,service_provided
এই চ্যাটবট কি আমাকে জাতীয় পরিচয় পত্র আপডেট স্ট্যাটাস সম্পর্কে নির্দেশনা দিতে পারে,service_provided
এই চ্যাটবট কি আমাকে জাতীয় পরিচয় পত্র সংশোধন করার তথ্য প্রদান করে,service_provided
এই চ্যাটবট কি আমাকে ভোটার আইডি আপডেট স্ট্যাটাস সম্পর্কে নির্দেশনা দিতে পারে,service_provided
এই চ্যাটবট কি আমাকে ভোটার আইডি সংশোধন করার তথ্য প্রদান করে,service_provided
এই চ্যাটবট কি আমার এনআইডি তথ্য আপডেটের জন্য নির্দেশনা দিতে পারে,service_provided
এই চ্যাটবট কি আমার জাতীয় পরিচয় পত্র তথ্য আপডেটের জন্য নির্দেশনা দিতে পারে,service_provided
এই চ্যাটবট কি আমার ভোটার আইডি তথ্য আপডেটের জন্য নির্দেশনা দিতে পারে,service_provided
এই চ্যাটবট কি আমার ভোটার তথ্য আপডেট করার তথ্য প্রদান করে,service_provided
এই চ্যাটবট কি আমার ভোটার তথ্য পরিবর্তনের বিষয়ে তথ্য সরবরাহ করে,service_provided
এই চ্যাটবট কি এনআইডি সংশোধন বা আপডেট করতে সাহায্য করতে পারে,service_provided
এই চ্যাটবট কি কি প্রশ্নের উত্তর দিতে পারে,service_provided
এই চ্যাটবট কি ধরনের সেবা দেয়,service_provided
এই চ্যাটবট কি ধরনের সেবা প্রদান করে,service_provided
এই চ্যাটবট কীভাবে সাহায্য করতে পারে,service_provided
এই চ্যাটবটের মাধ্যমে এনআইডি পুনঃপ্রাপ্তি সম্পর্কে সহায়তা চাইতে পারি,service_provided
এই চ্যাটবটের মাধ্যমে জাতীয় পরিচয় পত্র পুনঃপ্রাপ্তি সম্পর্কে সহায়তা চাইতে পারি,service_provided
এই চ্যাটবটের মাধ্যমে ভোটার আইডি পুনঃপ্রাপ্তি সম্পর্কে সহায়তা চাইতে পারি,service_provided
এই সেবা কি এনআইডি যাচাইয়ে সাহায্য করতে পারে,service_provided
এই সেবা কি জাতীয় পরিচয় পত্র যাচাইয়ে সাহায্য করতে পারে,service_provided
এই সেবা কি ভোটার আইডি যাচাইয়ে সাহায্য করতে পারে,service_provided
এই সেবা কি ভোটার আইডি স্ট্যাটাস যাচাইয়ে সহায়তা করে,service_provided
এই সেবার মাধ্যমে আমি কীভাবে হারানো এনআইডি কার্ডের জন্য আবেদন করতে পারি,service_provided
এই সেবার মাধ্যমে এনআইডি স্ট্যাটাস যাচাই করা সম্ভব,service_provided
এই সেবার মাধ্যমে কি ভুল এনআইডি নম্বর সংশোধন করা সম্ভব,service_provided
এই সেবার মাধ্যমে কি ভুল জাতীয় পরিচয় পত্র নম্বর সংশোধন করা সম্ভব,service_provided
এই সেবার মাধ্যমে কি ভুল ভোটার আইডি নম্বর সংশোধন করা সম্ভব,service_provided
এই সেবার মাধ্যমে জাতীয় পরিচয় পত্র স্ট্যাটাস যাচাই করা সম্ভব,service_provided
এই সেবার মাধ্যমে ভোটার আইডি স্ট্যাটাস যাচাই করা সম্ভব,service_provided
এখানে এনআইডি সম্পর্কিত কোন ধরনের প্রশ্নের উত্তর পাওয়া যাবে,service_provided
এখানে জাতীয় পরিচয় পত্র সম্পর্কিত কোন ধরনের প্রশ্নের উত্তর পাওয়া যাবে,service_provided
এখানে ভোটার আইডি সম্পর্কিত কোন ধরনের প্রশ্নের উত্তর পাওয়া যাবে,service_provided
চ্যাটবট থেকে কি ধরনের সহায়তা পাওয়া যাবে,service_provided
নির্বাচন কমিশন সম্পর্কিত কি ধরনের সেবা এখানে প্রদান করা হয়,service_provided
নির্বাচন কমিশন সম্পর্কিত কোন ধরনের প্রশ্ন এখানে করা যেতে পারে,service_provided
নির্বাচন কমিশনের সেবা সম্পর্কিত এই চ্যাটবট কি ধরনের সহায়তা প্রদান করে,service_provided
আমার কার্ডে স্বাক্ষর টা আগের,signature_correction
আমার সাইনে ভুল আছে,signature_correction
আমার সিগনেচার চেঞ্জ করা দরকার হইলে কিভাবে করব,signature_correction
আমার স্বাক্ষর পরিবর্তন করতে হলে কোথায় যেতে হবে,signature_correction
আমি আমার কার্ডে স্বাক্ষর আপডেট করতে চাই,signature_correction
আমি কার্ডে নতুন স্বাক্ষর এড করতে চাই,signature_correction
আমি কি স্বাক্ষর বদলাতে পারি,signature_correction
কার্ডে আমার স্বাক্ষর চেঞ্জ করতে কি করা লাগবে,signature_correction
কার্ডে নতুন স্বাক্ষর দিতে চাই কি প্রয়োজন,signature_correction
কার্ডে সাইন টা আপডেট করতে কি করা লাগবে,signature_correction
কার্ডে সাইন টা আপডেট করতে হলে কি কি ডকুমেন্ট লাগবে,signature_correction
কার্ডে সিগনেচার পরিবর্তন করতে হলে কি কি দরকার,signature_correction
কার্ডে সিগনেচার রিলেটেড জিনসপত্র আপডেট করে কিভাবে,signature_correction
কার্ডে স্বাক্ষর ভুল আছে,signature_correction
কিভাবে আমি আমার কার্ডে নতুন স্বাক্ষর দিতে পারি,signature_correction
কীভাবে আমার স্বাক্ষর পরিবর্তন করতে পারি,signature_correction
কীভাবে কার্ডে স্বাক্ষর পরিবর্তন করা যাবে,signature_correction
কীভাবে স্বাক্ষর বদলানো যায়,signature_correction
নতুন সিগনেচার আপডটে করতে হলে আমাকে কি কি করতে হবে,signature_correction
নতুন স্বাক্ষরের জন্য কিভাবে আবেদন করতে হবে,signature_correction
সাইন চেঞ্জ করার নিয়ম কী,signature_correction
সিগনেচার আপডেট এর জন্য কিভাবে আবেদন করব,signature_correction
স্বাক্ষর আপডেট করতে হলে কি কি লাগে,signature_correction
স্বাক্ষর পরিবর্তন করতে চাই,signature_correction
স্বাক্ষর পরিবর্তন করার জন্য আমাকে কী করতে হবে,signature_correction
স্বাক্ষর পরিবর্তনের প্রক্রিয়া কী,signature_correction
আমার আধুনিক বা নতুন ভোটার কার্ড কি অন্য কারো কাছে পৌঁছাতে পারে,smart_card_collect_by_other
আমার চিপসহ কার্ড অন্য কেউ কি সংগ্রহ করতে পারবে,smart_card_collect_by_other
আমার চিপসহ কার্ড কি অন্য কেউ নিতে পারবে,smart_card_collect_by_other
আমার ডিজিটাল ভোটার কার্ড কি অন্য কোনো ব্যক্তিকে দিয়ে নেয়াইতে পারবে,smart_card_collect_by_other
আমার প্লাস্টিকের কার্ড কি অন্য কেউ সংগ্রহ করতে পারবে,smart_card_collect_by_other
আমার স্মার্ট কার্ড কি অন্য কেউ সংগ্রহ করতে পারবে,smart_card_collect_by_other
আমার স্মার্টকার্ড কি আমি ছাড়া অন্য কেউ আইসা নিতে পারবে আমি অসুস্থ,smart_card_collect_by_other
আমি কি আমার ডিজিটাল ভোটার কার্ড অন্য কাউকে নিতে দিতে পারি,smart_card_collect_by_other
আমি কি আমার স্মার্ট কার্ড অন্য কাউকে নিতে দিতে পারি,smart_card_collect_by_other
কিভাবে আমার চিপসহ কার্ড অন্য কেউ পাবে,smart_card_collect_by_other
কীভাবে অন্য কেউ আমার চিপসহ কার্ড নিতে পারবে,smart_card_collect_by_other
ডিজিটাল ভোটার কার্ড অন্য কেউ কি পেতে পারে,smart_card_collect_by_other
ডিজিটাল ভোটার কার্ড আমি ছাড়া অন্য কেউ পাবে কি,smart_card_collect_by_other
আমি স্মার্ট কার্ড তুলতে চাই,smart_card_collection_fees
স্মার্ট এনআইডি কার্ড নিতে কি টাকা লাগে,smart_card_collection_fees
স্মার্ট কার্ড কত টাকার,smart_card_collection_fees
স্মার্ট কার্ড কত টাকায় পাব,smart_card_collection_fees
স্মার্ট কার্ড তুলতে কি কি জমা দেওয়া লাগে,smart_card_collection_fees
স্মার্ট কার্ড তুলতে কি কোনো ফি দিতে হয়,smart_card_collection_fees
স্মার্ট কার্ড তুলতে কি টাকা দেওয়া লাগবে,smart_card_collection_fees
স্মার্ট কার্ড তুলতে কোনো খরচ আছে কি,smart_card_collection_fees
স্মার্ট কার্ড তোলার জন্য কত টাকা দিতে হবে,smart_card_collection_fees
স্মার্ট কার্ড নিতে কত খরচ হবে,smart_card_collection_fees
স্মার্ট কার্ড নিতে কত টাকা লাগবে,smart_card_collection_fees
স্মার্ট কার্ড নিতে কি কোন ফি রয়েছে,smart_card_collection_fees
স্মার্ট কার্ড নিতে কি কোনও চার্জ প্রযোজ্য,smart_card_collection_fees
স্মার্ট কার্ড নিতে কি টাকা দিতে হয়,smart_card_collection_fees
স্মার্ট কার্ড নিতে কোনো ফি আছে কি,smart_card_collection_fees
স্মার্ট কার্ড নেওয়ার কি কোনো ফি দিতে হবে,smart_card_collection_fees
স্মার্ট কার্ড নেওয়ার জন্য কি কিছু দাম দিতে হবে,smart_card_collection_fees
স্মার্ট কার্ড নেওয়ার জন্য কি পেমেন্ট করতে হবে,smart_card_collection_fees
স্মার্ট কার্ড নেওয়ার জন্য টাকা দিতে হয় কি,smart_card_collection_fees
স্মার্ট কার্ড নেওয়ার ফি কতো,smart_card_collection_fees
স্মার্ট কার্ড নেওয়ার সময় কি চার্জ দিতে হয়,smart_card_collection_fees
স্মার্ট কার্ড পাওয়ার জন্য কত টাকা খরচ হবে,smart_card_collection_fees
স্মার্ট কার্ড পাওয়ার জন্য কি অর্থ দিতে হয়,smart_card_collection_fees
স্মার্ট কার্ড পাবার জন্য কত টাকা লাগবে,smart_card_collection_fees
স্মার্ট কার্ড পাবার জন্য কি কোন খরচ,smart_card_collection_fees
স্মার্ট কার্ড প্রাপ্তির জন্য কি টাকা দিতে হবে,smart_card_collection_fees
স্মার্ট কার্ড বিনামূল্যে দেওয়া হয় নাকি ফি দিতে হয়,smart_card_collection_fees
স্মার্ট কার্ড সংগ্রহ করতে কি টাকা দিতে হবে,smart_card_collection_fees
স্মার্ট কার্ড সংগ্রহ করতে কি টাকা দিতে হয়,smart_card_collection_fees
স্মার্ট কার্ডের জন্য কত টাকা দিতে হবে,smart_card_collection_fees
স্মার্ট কার্ডের জন্য ফি কত,smart_card_collection_fees
আমার এলাকা থেকে স্মার্ট কার্ড বিতরণ হয়েছে,smart_card_distributed_in_my_area_but_my_card_not_received
আমার এলাকাতে স্মার্ট কার্ড বিতরণ হলেও,smart_card_distributed_in_my_area_but_my_card_not_received
আমার এলাকার স্মার্ট কার্ড বিতরণ হয়ে গেছে,smart_card_distributed_in_my_area_but_my_card_not_received
আমার এলাকায় কার্ড বিতরণ হয়েছে,smart_card_distributed_in_my_area_but_my_card_not_received
আমার এলাকায় সবাই কার্ড পেয়েছে,smart_card_distributed_in_my_area_but_my_card_not_received
আমার এলাকায় স্মার্ট কার্ড বিতরণ হয়েছে,smart_card_distributed_in_my_area_but_my_card_not_received
আমার এলাকায় স্মার্ট কার্ড বিতরণের পরেও কেন আমি কার্ড পাইনি,smart_card_distributed_in_my_area_but_my_card_not_received
স্মার্ট কার্ড বিতরণ হলেও কেনো আমার কার্ড হাতে আসছে না,smart_card_distributed_in_my_area_but_my_card_not_received
স্মার্ট কার্ড বিতরণ হয়ে গেলেও আমার কার্ড কোথায়,smart_card_distributed_in_my_area_but_my_card_not_received
স্মার্ট কার্ড বিতরণ হয়েছে আমার এলাকায়,smart_card_distributed_in_my_area_but_my_card_not_received
স্মার্ট কার্ড বিতরণের তারিখ পার হয়ে গেছে,smart_card_distributed_in_my_area_but_my_card_not_received
আধুনিক কার্ড সংগ্রহের জন্য কোনো ফি দিতে হবে কি,smart_card_fee
আমি স্মার্ট কার্ড নিতে গেলে কত টাকা লাগবে,smart_card_fee
চিপসহ কার্ড নিতে কি কোনো টাকা লাগবে,smart_card_fee
প্লাস্টিকের কার্ডের জন্য কি কোনো ফি দিতে হবে,smart_card_fee
শক্ত নতুন যে কার্ড টা দেয়া সেই কার্ড নিতে কি কত খরচ লাগে,smart_card_fee
স্মার্ট কার্ড কত টাকা লাগে,smart_card_fee
স্মার্ট কার্ড গ্রহণে কি কোনো খরচ আছে,smart_card_fee
স্মার্ট কার্ড নিতে আমার কত টাকা খরচ হবে,smart_card_fee
স্মার্ট কার্ড নিতে কত টাকা লাগে,smart_card_fee
স্মার্ট কার্ড নিতে কি কিছু টাকা লাগে,smart_card_fee
আমার স্মার্ট কার্ড কোথা থেকে সংগ্রহ করতে পারি,smart_card_from_where
আমার স্মার্ট কার্ড কোথায় পাবো,smart_card_from_where
কোথায় গিয়ে আমার স্মার্ট কার্ড সংগ্রহ করবো,smart_card_from_where
কোথায় গিয়ে স্মার্ট কার্ড সংগ্রহ করতে পারি,smart_card_from_where
কোথায় গেলে স্মার্ট কার্ড পাবো,smart_card_from_where
চিপ সহ কার্ড বা স্মার্ট কার্ড টা কোথা থেকে পাবো,smart_card_from_where
নতুন ধরনের শক্ত কার্ড পেতে কোথায় যাব,smart_card_from_where
প্লাস্টিকের কার্ড উত্তোলন করতে কোথায় যাবো,smart_card_from_where
স্মার্ট কার্ড উত্তোলন কোথায় করবো,smart_card_from_where
স্মার্ট কার্ড কলেক্ট করার জন্য কোথায় যেতে হবে,smart_card_from_where
স্মার্ট কার্ড কোথায় নিতে হবে,smart_card_from_where
স্মার্ট কার্ড কোথায় পাবো,smart_card_from_where
স্মার্ট কার্ড নেওয়ার জন্য কই যাবো,smart_card_from_where
স্মার্ট কার্ড সংগ্রহ করার জন্য কোথায় যেতে হবে,smart_card_from_where
আমার ডিজিটাল যে কার্ড বা স্মার্ট কার্ড হারিয়ে গেছে,smart_card_lost_how_to_get_new_one_again
আমার স্মার্ট কার্ড চুরি হয়ে গেছে,smart_card_lost_how_to_get_new_one_again
আমার স্মার্ট কার্ড লস্ট হয়ে গেছে,smart_card_lost_how_to_get_new_one_again
আমি স্মার্ট কার্ড হারিয়ে ফেলেছি,smart_card_lost_how_to_get_new_one_again
এনআইডি কার্ড হারিয়ে গেলে নতুন স্মার্ট কার্ড কিভাবে পাবো,smart_card_lost_how_to_get_new_one_again
এনআইডি কার্ড হারিয়ে গেলে স্মার্ট কার্ড কীভাবে পাবো,smart_card_lost_how_to_get_new_one_again
চিপস স্মার্ট কার্ড যেটা,smart_card_lost_how_to_get_new_one_again
পুরানো এনআইডি কার্ড হারালে নতুন স্মার্ট কার্ড কিভাবে পাবো,smart_card_lost_how_to_get_new_one_again
পুরানো এনআইডি কার্ড হারালে নতুন স্মার্ট কার্ড কী করে পাবো,smart_card_lost_how_to_get_new_one_again
পুরানো এনআইডি কার্ড হারিয়ে গেছে,smart_card_lost_how_to_get_new_one_again
পুরানো এনআইডি কার্ড হারিয়ে গেছে,smart_card_lost_how_to_get_new_one_again
পুরানো এনআইডি হারালে নতুন স্মার্ট কার্ডের আবেদন করবো কিভাবে,smart_card_lost_how_to_get_new_one_again
পুরানো এনআইডি হারালে নতুন স্মার্ট কার্ডের আবেদন কিভাবে করতে হবে,smart_card_lost_how_to_get_new_one_again
পুরানো এনআইডি হারিয়ে গেলে নতুন স্মার্ট কার্ড পাওয়ার উপায় কি,smart_card_lost_how_to_get_new_one_again
পুরানো এনআইডি হারিয়ে গেলে নতুন স্মার্ট কার্ড পাবার জন্য কি করতে হবে,smart_card_lost_how_to_get_new_one_again
পুরানো এনআইডি হারিয়ে গেলে নতুন স্মার্ট কার্ড পাবো কিভাবে,smart_card_lost_how_to_get_new_one_again
পুরানো এনআইডি হারিয়ে গেলে নতুন স্মার্ট কার্ডের জন্য কি করতে হবে,smart_card_lost_how_to_get_new_one_again
পুরানো কার্ড হারিয়ে গেলে নতুন স্মার্ট কার্ড পাবার পদ্ধতি কী,smart_card_lost_how_to_get_new_one_again
পুরানো কার্ড হারিয়ে নতুন স্মার্ট কার্ড পাওয়ার পদ্ধতি কী,smart_card_lost_how_to_get_new_one_again
স্মার্ট কার্ড মানিব্যাগ থেকে হারিয়ে গেছে কি রি-ইস্যু করতে হবে,smart_card_lost_how_to_get_new_one_again
স্মার্ট কার্ড মিসিং,smart_card_lost_how_to_get_new_one_again
স্মার্ট কার্ড হারিয়ে গিয়েছে,smart_card_lost_how_to_get_new_one_again
স্মার্ট কার্ড হারিয়ে গেছে,smart_card_lost_how_to_get_new_one_again
হারানো এনআইডি এর কারণে নতুন স্মার্ট কার্ড কিভাবে পাবো,smart_card_lost_how_to_get_new_one_again
হারানো এনআইডি এর জন্য নতুন স্মার্ট কার্ড পাবো কিভাবে,smart_card_lost_how_to_get_new_one_again
হারানো এনআইডি কার্ডের জন্য নতুন স্মার্ট কার্ড আবেদন করবো কিভাবে,smart_card_lost_how_to_get_new_one_again
হারানো এনআইডি কার্ডের জন্য নতুন স্মার্ট কার্ড আবেদন কিভাবে করবো,smart_card_lost_how_to_get_new_one_again
হারানো এনআইডি কার্ডের জন্য নতুন স্মার্ট কার্ড পাবার প্রক্রিয়া কী,smart_card_lost_how_to_get_new_one_again
হারানো এনআইডি কার্ডের জন্য নতুন স্মার্ট কার্ডের প্রক্রিয়া কী,smart_card_lost_how_to_get_new_one_again
আমার এনআইডি কার্ড হারিয়ে গেছে,smart_card_lost_reissue
আমার স্মার্ট কার্ড চুরি গেছে,smart_card_lost_reissue
আমার স্মার্ট কার্ড হারিয়ে গেছে,smart_card_lost_reissue
চিপসহ কার্ড হারিয়ে গেলে আবার কি ভাবে নতুন কার্ড পাবো,smart_card_lost_reissue
ডিজিটাল কার্ড গুম হয়ে গেছে,smart_card_lost_reissue
প্লাস্টিকের কার্ড হারিয়ে গেলে নতুন কার্ড রিইস্যু করা যায় কি,smart_card_lost_reissue
সমারট কার্ড খোয়া গেলে রিইস্যু করে কি আরেকটি স্মার্ট কার্ড পাবো,smart_card_lost_reissue
স্মার্ট কার্ড হারায় গেলে,smart_card_lost_reissue
স্মার্ট কার্ড হারিয়ে গেছে,smart_card_lost_reissue
স্মার্ট কার্ড হারিয়ে গেলে,smart_card_lost_reissue
স্মার্ট কার্ড হারিয়ে গেলে কি রিইস্যু করতে পারি,smart_card_lost_reissue
হারানো স্মার্ট কার্ডের জন্য কি নতুন স্মার্ট কার্ড পাবো,smart_card_lost_reissue
হারানো স্মার্ট কার্ডের জন্য পুনরায় কি নতুন স্মার্ট কার্ড দেওয়া হবে,smart_card_lost_reissue
আমার স্মার্ট কার্ড কেন প্রিন্ট হচ্ছে না,smart_card_print_problem
কি কি কারণে স্মার্ট কার্ড প্রিন্ট নাও হতে পারে,smart_card_print_problem
কী কারণে স্মার্ট কার্ড প্রিন্ট নাও হতে পারে,smart_card_print_problem
কোন কোন কারণে ডিজিটাল কার্ডের প্রিন্ট বিলম্বিত হতে পারে,smart_card_print_problem
কোন কোন কারণে ডিজিটাল স্মার্ট কার্ড প্রিন্ট হওয়ার সমস্যা হতে পারে,smart_card_print_problem
স্মার্ট কার্ড বা প্রিন্টিংয়ের সমস্যা কী হতে পারে,smart_card_print_problem
স্মার্ট বা নতুন চিপসহ কার্ড প্রিন্ট না হওয়ার কারণ কী,smart_card_print_problem
স্মার্ট বা প্লাস্টিকের কার্ড প্রিন্ট হওয়ার পিছনে কী কী সমস্যা হতে পারে,smart_card_print_problem
আমার স্মার্ট আইডি কার্ড প্রিন্ট হয়েছে কিনা তা জানতে কোন নাম্বারে এসএমএস পাঠাবো,smart_card_printing_status_sms_how
আমার স্মার্ট কার্ড তৈরির অবস্থা জানতে কোন মোবাইল নাম্বারে মেসেজ করতে হবে,smart_card_printing_status_sms_how
আমার স্মার্ট কার্ডের প্রিন্টিং অবস্থা জানতে কোন নাম্বারে এসএমএস করতে হবে,smart_card_printing_status_sms_how
আমার স্মার্ট কার্ডের বিতরণ অবস্থা জানতে কোন নাম্বারে মেসেজ পাঠাবো,smart_card_printing_status_sms_how
আমি আমার প্লাস্টিকের নতুন স্মার্ট কার্ড মুদ্রণ সম্পর্কে জানার জন্য কীভাবে এসএমএস পাঠাতে পারি কোন নম্বরে,smart_card_printing_status_sms_how
আমি কীভাবে আমার স্মার্ট কার্ড প্রস্তুতির অবস্থা জানতে পারি - কোন নাম্বারে এসএমএস করতে হবে,smart_card_printing_status_sms_how
কিভাবে ডিজিটাল স্মার্ট কার্ড প্রিন্ট সম্পর্কে জানতে মেসেজ পাঠাবো,smart_card_printing_status_sms_how
কিভাবে স্মার্ট কার্ড মুদ্রণ সম্পর্কে জানতে ম্যাসেজ পাঠাবো,smart_card_printing_status_sms_how
কোন নাম্বারে এসএমএস করলে আমি আমার স্মার্ট কার্ডের বর্তমান অবস্থা জানতে পারবো,smart_card_printing_status_sms_how
কোন নাম্বারে এসএমএস করলে আমি ঢাকায় থাকা আমার স্মার্ট কার্ড প্রিন্টের অবস্থা জানতে পারি,smart_card_printing_status_sms_how
বাংলাদেশে আমার স্মার্ট কার্ডের প্রিন্টিং অবস্থা জানতে কোন নাম্বারে এসএমএস করা যায়,smart_card_printing_status_sms_how
রাজশাহী থেকে আমার স্মার্ট কার্ডের প্রিন্টিং অবস্থা জানতে কোন নাম্বারে মেসেজ পাঠানো যাবে,smart_card_printing_status_sms_how
সিলেটে আমার স্মার্ট কার্ড প্রিন্টিংয়ের অবস্থা জানতে কোন নম্বরে এসএমএস করা দরকার,smart_card_printing_status_sms_how
স্মার্ট কার্ড মুদ্রণ সম্পর্কে কোন নম্বরে বার্তা পাঠাবো জানতে হবে,smart_card_printing_status_sms_how
স্মার্ট কার্ড মুদ্রণ সম্পর্কে জানতে এসএমএস কিভাবে পাঠাবো,smart_card_printing_status_sms_how
স্মার্ট কার্ড মুদ্রণ সম্পর্কে জানার জন্য কিভাবে এসএমএস পাঠাবো,smart_card_printing_status_sms_how
স্মার্ট কার্ড মুদ্রণ সম্পর্কে জানার জন্য কিভাবে এসেমেস পাঠাবো,smart_card_printing_status_sms_how
স্মার্ট কার্ড মুদ্রণের অবস্থা জানাতে ম্যাসেজ কি ধরনের হবে,smart_card_printing_status_sms_how
স্মার্ট কার্ড মুদ্রণের স্ট্যাটাস জানতে এসএমএস কি করে করবো,smart_card_printing_status_sms_how
স্মার্ট কার্ডের বা চিপসহ কার্ড মুদ্রণ তথ্য জানতে আমি কীভাবে এসএমএস পাঠাবো,smart_card_printing_status_sms_how
আমার চিপসহ ভোটার কার্ড প্রিন্ট বা বিতরণ সম্পর্কে কি আমাকে এসএমএস করা হবে,smart_card_ready_sms
আমার ডিজিটাল ভোটার কার্ড বা স্মার্ট কার্ড প্রিন্ট হলে এসএমএস হবে কি,smart_card_ready_sms
আমার স্মার্ট কার্ড প্রিন্ট হলে কি এসএমএস পাবো,smart_card_ready_sms
নতুন যে এনএইডিগুলা স্মার্ট কার্ড সেগুলা প্রিন্ট হলে কি আমাকে এসএমএস করবে,smart_card_ready_sms
যদি আমার স্মার্ট কার্ড প্রিন্ট হয়,smart_card_ready_sms
স্মার্ট কার্ড প্রিন্ট হওয়া বা বিতরণ সম্পর্কে কি আমাকে এসএমএস পাঠানো হবে,smart_card_ready_sms
স্মার্ট কার্ড প্রিন্ট হলে কি আমার মোবাইলে মেসেজ আসবে,smart_card_ready_sms
স্মার্ট কার্ড প্রিন্ট হলে কি এসএমএস এর মাধ্যমে জানানো হবে,smart_card_ready_sms
স্মার্ট কার্ড বিতরণ হলে কি এসএমএস এর মাধ্যমে জানানো হবে,smart_card_ready_sms
স্মার্ট কার্ড বিতরণ হলে কি এসএমএস মাধ্যমে জানানো হবে,smart_card_ready_sms
স্মার্ট কার্ড রেডি হয়ে গেলে কি আমি বার্তা পাবো,smart_card_ready_sms
স্মার্ট বা প্লাস্টিকের কার্ড প্রিন্ট হলে আমি কি মোবাইলে কল পাবো,smart_card_ready_sms
আমি স্মার্ট কার্ড সংশোধন করতে স্মার্ট কার্ড অপশন সিলেক্ট করলাম,smart_card_selected_but_get_pdf
কার্ড সংশোধনের জন্য “স্মার্ট কার্ড” অপশন সিলেক্ট করেছিলাম,smart_card_selected_but_get_pdf
চিপসহ কার্ড সংশোধন করার পর অনলাইলে একটা পেল্যাম কেন,smart_card_selected_but_get_pdf
ডিজিটাল কার্ড সংশোধনের পর আমি কি পিডিএফ পাবো নাকি কার্ড,smart_card_selected_but_get_pdf
যখন স্মার্ট কার্ড সংশোধন করলাম,smart_card_selected_but_get_pdf
স্মার্ট কার্ড সংশোধন করার পর পিডিএফ পেলাম,smart_card_selected_but_get_pdf
স্মার্ট কার্ড সংশোধন করে পিডিএফ পেয়েছি,smart_card_selected_but_get_pdf
স্মার্ট কার্ড সংশোধনের জন্য 'স্মার্ট কার্ড' অপশন সিলেক্ট করেছিলাম,smart_card_selected_but_get_pdf
স্মার্ট কার্ড সংশোধনের পর কেন শুধু পিডিএফ পেয়েছি আসল স্মার্ট বা প্লাস্টিকের কার্ড কবে পাবো,smart_card_selected_but_get_pdf
আমার অ্যানআইডি কার্ড প্রিন্ট হয়েছে কিনা দেখতে হবে কিভাবে,smart_card_status
আমার এনআইডি কার্ড প্রিন্ট হয়েছে কিনা দেখতে হবে কিভাবে,smart_card_status
আমার চিপসহ কার্ডের প্রিন্টিং অবস্থা কিভাবে জানবো,smart_card_status
আমার স্মার্ট কার্ড আবেদনের স্ট্যাটাসটা জানতে যাচ্ছি।,smart_card_status
আমার স্মার্ট কার্ড কি প্রিন্ট হয়েছে তা কিভাবে জানতে পারি,smart_card_status
আমার স্মার্ট কার্ড গ্রহণের স্ট্যাটাস জানতে হবে।,smart_card_status
আমার স্মার্ট কার্ড পেতে কতদিন লাগবে,smart_card_status
আমার স্মার্ট কার্ড পেতে কতদিন সময় লাগবে,smart_card_status
আমার স্মার্ট কার্ড পেতে যে আবেদন করেছি,smart_card_status
আমার স্মার্ট কার্ড প্রিন্ট হয়েছে কিনা কনফার্ম করবো কিভাবে,smart_card_status
আমার স্মার্ট কার্ড মুদ্রণ হয়েছে কিনা কিভাবে চেক করবো,smart_card_status
আমার স্মার্ট কার্ডের বর্তমান অগ্রগতি জানতে চাই।,smart_card_status
আমার স্মার্ট কার্ডের বর্তমান অবস্থা কি এটা কবে নাগাদ পাবো,smart_card_status
আমার স্মার্ট কার্ডের বর্তমান অবস্থা জানতে যাচ্ছি।,smart_card_status
আমার স্মার্ট কার্ডের বর্তমান অবস্থাটা আমি জানতে চাই।,smart_card_status
আমার স্মার্ট কার্ডের বর্তমান আইডি জানতে চাই।,smart_card_status
আমি কবে স্মার্ট কার্ড পাবো,smart_card_status
আমি স্মার্ট কার্ডের জন্য আবেদন করেছিলাম,smart_card_status
কার্ড প্রিন্টিং সম্পর্কে কি কিছু আপডেট পাবো কীভাবে,smart_card_status
কিভাবে জানবো আমার স্মার্ট কার্ড প্রিন্ট হয়েছে,smart_card_status
কিভাবে বুঝবো আমার স্মার্ট কার্ড প্রিন্ট হয়েছে,smart_card_status
কোথায় গিয়ে স্মার্ট কার্ডের মুদ্রণ অবস্থা জানব,smart_card_status
ডিজিটাল কার্ড প্রিন্ট হয়েছে কিনা কীভাবে নিশ্চিত হবো,smart_card_status
নতুন ধরনের কার্ড প্রিন্ট হয়েছে কি না,smart_card_status
স্মার্ট এনআইডি কার্ড প্রিন্ট হয়েছে কিনা চেক করার উপায়,smart_card_status
স্মার্ট কার্ড পেতে কতদিন সময় লাগবে এটার স্ট্যাটাস কি,smart_card_status
স্মার্ট কার্ড প্রিন্ট হয়েছে কি না কিভাবে জানবো,smart_card_status
স্মার্ট কার্ডের প্রিন্টিং স্ট্যাটাস কীভাবে দেখবো,smart_card_status
স্মার্ট কার্ডের স্ট্যাটাস কি,smart_card_status
স্মার্ট বা প্লস্টিকের কার্ড মুদ্রণ হয়েছে কিনা তা কিভাবে ভেরিফাই করবো,smart_card_status
আমার ছবি তোলা হয়ে গেছে,sms_after_picture_how_many_days
আমি ছবি তুলছি বেশ কয়েকদিন হয়েছে,sms_after_picture_how_many_days
আমি ছবি দিয়েছি তারপরে এসএমএস কতদিনে আসবে,sms_after_picture_how_many_days
আমি বেশ কয়েকদিন ধরে ছবি তুলছি,sms_after_picture_how_many_days
কয়েকদিন ধরে আমি ছবি তুলছি,sms_after_picture_how_many_days
ছবি তোলার পর এসএমএস পেতে কতদিন সময় লাগে,sms_after_picture_how_many_days
ছবি তোলার পর এসএমএস পেতে কতদিন সময় লাগে,sms_after_picture_how_many_days
ছবি তোলার পর কত দিন পরে মেসেজ আসবে,sms_after_picture_how_many_days
ছবি তোলার পর কতদিন পর এসএমএস পাবো,sms_after_picture_how_many_days
ছবি তোলার পর কতদিন পর মোবাইলে বার্তা পাবো,sms_after_picture_how_many_days
ছবি তোলার পরে এসেমেস কতদিনে পাবো,sms_after_picture_how_many_days
ছবি তোলার পরে এসেমেস কি ভাবে পাবো,sms_after_picture_how_many_days
নতুন ভোটার হলে ছবি তোলার পর এসএমএস কতদিনে পাবো,sms_after_picture_how_many_days
নতুন ভোটার হলে ছবি তোলার পর মোবাইলে বার্তা কতদিনে পাবো,sms_after_picture_how_many_days
বেশ কয়েকদিন ধরে আমি ছবি তুলছি,sms_after_picture_how_many_days
আমি ফি জমা দিয়েছি সংশোধনের জন্য,softwere_bug_in_card_processing_system
আমি সংশোধন বা রি-ইস্যু আবেদন জমা দেওয়ার আগে টাকা জমা দিয়েছিলাম,softwere_bug_in_card_processing_system
আমি সংশোধনের জন্য যে ফি জমা দিয়েছিলাম সেটা কেন আবেদন করার আগেই খরচ হয়ে গেছে আবার ফি জমা করতে হবে কেন,softwere_bug_in_card_processing_system
রি-ইস্যু আবেদন ফি জমা দেওয়ার পরও কেন আমাকে পুনরায় ফি জমা দিতে হচ্ছে,softwere_bug_in_card_processing_system
রি-ইস্যু আবেদনের জন্য টাকা জমা দিয়েছি,softwere_bug_in_card_processing_system
রি-ইস্যু আবেদনের ফি আমি জমা দিয়েছি তবে আবেদন সাবমিট করার আগেই টাকা ব্যবহার হয়ে গেছে,softwere_bug_in_card_processing_system
সংশোধন আবেদন জমা দেওয়ার জন্য টাকা জমা দিয়েছিলাম,softwere_bug_in_card_processing_system
সংশোধন আবেদনের জন্য টাকা জমা দিয়েছি,softwere_bug_in_card_processing_system
সংশোধন ফি জমা দেওয়ার পর আবেদন সাবমিট করার আগেই টাকা চলে গেছে,softwere_bug_in_card_processing_system
সংশোধন বা রি-ইস্যু আবেদনের জন্য টাকা জমা দিয়েছি,softwere_bug_in_card_processing_system
আমার ওয়াইফ এর নাম এনআইডি কার্ডে ঠিক করতে কি কি ডকুমেন্টস লাগবে,spouse_name_correction_new
আমার কার্ড এ বউ এর নাম এ স্পেলিং মিস্টেক আছে কি করব,spouse_name_correction_new
আমার কার্ড এ স্ত্রীর নাম ভুল আছে এইটা কিভাবে ঠিক করা যাবে,spouse_name_correction_new
আমার বউ এর নাম এনআইডিতে সংশোধন করতে কি কাগজপত্র দিতে হবে,spouse_name_correction_new
আমার স্বামীর নাম এনআইডি কার্ডে সংশোধন করতে কি কি কাগজপত্র লাগবে,spouse_name_correction_new
আমার স্বামীর নামের বানান কার্ডে ভুল আসছে এইটা কিভাবে ঠিক করা যাবে,spouse_name_correction_new
আমার হাজবেনড নেইম এর স্পেলিং মিস্টেক আছে কার্ডে কি করব,spouse_name_correction_new
আমি আমার স্বামীর নাম এনআইডি কার্ডে সংশোধন বা ঠিক করতে চাই,spouse_name_correction_new
এনআইডি কার্ডএ হাসব্যান্ডের নাম সংশোধন করতে কি কি লাগবে,spouse_name_correction_new
এনআইডি কার্ডে জামাই এর নাম সংশোধন করার জন্য কি কি ডকুমেন্টস লাগবে,spouse_name_correction_new
এনআইডি কার্ডে বিয়ের পর স্বামীর নাম যোগ করার জন্য কি ডকুমেন্টস লাগবে,spouse_name_correction_new
এনআইডি কার্ডে স্ত্রীর নাম বদলাতে কি কি কাগজপত্র প্রয়োজন,spouse_name_correction_new
এনআইডি কার্ডে স্ত্রীর নাম সংশোধনের জন্য কি কি ডকুমেন্টস লাগবে,spouse_name_correction_new
এনআইডি কার্ডে স্ত্রীর নাম সংশোধনের জন্য কি ডকুমেন্টস লাগবে,spouse_name_correction_new
এনআইডি কার্ডে স্বামী নাম যোগ করার জন্য কি কি কাগজপত্র লাগবে,spouse_name_correction_new
এনআইডি কার্ডে স্বামী নাম সংশোধন করার জন্য কি কি কাগজপত্র প্রয়োজন,spouse_name_correction_new
এনআইডি কার্ডে স্বামী নাম সংশোধনের কাগজপত্র কতকগুলো,spouse_name_correction_new
এনআইডি কার্ডে স্বামী নাম সংশোধনের জন্য কি কি কাগজপত্র জমা দিতে হবে,spouse_name_correction_new
এনআইডি কার্ডে স্বামী-স্ত্রীর নাম ভুল হয়েছে,spouse_name_correction_new
এনআইডি কার্ডে স্বামীর নাম যোগ করতে কি কি কাগজপত্র লাগবে,spouse_name_correction_new
এনআইডি কার্ডে স্বামীর নাম যোগ করার জন্য কি কি কাগজপত্র প্রয়োজন,spouse_name_correction_new
এনআইডি কার্ডে স্বামীর নাম যোগ করার জন্য কি ডকুমেন্টস লাগবে,spouse_name_correction_new
এনআইডি কার্ডে স্বামীর নাম সংশোধনের জন্য কি ডকুমেন্টস লাগবে,spouse_name_correction_new
কার্ড এ ওয়াইফ এর নাম ভুল কি করি,spouse_name_correction_new
কার্ডে স্বামীর নাম সংযুক্ত করতে কি কি ডকুমেন্টস লাগবে,spouse_name_correction_new
কি কি কাগজপত্র লাগবে স্বামী নাম সংশোধনের জন্য এনআইডি কার্ডে,spouse_name_correction_new
জাতীয় আইডি কার্ডে স্বামী নাম সংশোধনে কি কি কাগজপত্র প্রয়োজন,spouse_name_correction_new
জাতীয় আইডি কার্ডে স্বামী নাম সংশোধনে কি কি ডকুমেন্টস জমা দিতে হবে,spouse_name_correction_new
জাতীয় আইডি কার্ডে স্বামীর নাম সংশোধনের জন্য কি কি কাগজপত্র দিতে হবে,spouse_name_correction_new
জাতীয় আইডিতে স্বামী নাম যোগ করার জন্য কি কি কাগজপত্র দিতে হবে,spouse_name_correction_new
জাতীয় আইডিতে স্বামী নাম সংশোধন করতে কি কি প্রয়োজনীয়,spouse_name_correction_new
জাতীয় পরিচয়পত্রে স্বামী নাম সংশোধনের জন্য কি কি কাগজপত্র প্রয়োজন,spouse_name_correction_new
জাতীয় পরিচয়পত্রে স্বামীর নাম সংশোধনের জন্য কি কি ডকুমেন্টস লাগবে,spouse_name_correction_new
জামাইর নামের বানানে ভুল আছে কিভাবে ঠিক করব,spouse_name_correction_new
নাম সংশোধন করতে স্বামীর এনআইডি কার্ডের কি কি ডকুমেন্টস প্রয়োজন,spouse_name_correction_new
নাম সংশোধনে স্বামীর এনআইডি কার্ডের কি কি কাগজপত্র লাগে,spouse_name_correction_new
নামের বানান সংশোধন করতে চাই,spouse_name_correction_new
নামের বানান সংশোধনের জন্য কি কি প্রমাণপত্র দরকার,spouse_name_correction_new
নিজের নামের বানান ঠিক করতে হলে কি কি ডকুমেন্টস জমা দিতে হবে,spouse_name_correction_new
পিতা বা স্বামীর নামের ভুল বানান ঠিক করতে কি কি দলিল দিতে হবে,spouse_name_correction_new
পিতা-মাতার নামের বানান ভুল এসেছে,spouse_name_correction_new
বউয়ের নাম এনআইডি কার্ডে যোগ করতে কি কি লাগবে,spouse_name_correction_new
বিবাহিতার নাম সংশোধন করার জন্য কার্ডে কি কি কাগজপত্র প্রস্তাব করবেন,spouse_name_correction_new
বিবাহের পর নাম যোগ করতে কি কি ডকুমেন্টস প্রস্তাব করবেন,spouse_name_correction_new
বিবাহের পরে জাতীয় আইডিতে স্বামী নাম যোগ করার জন্য কি কি প্রয়োজনীয়,spouse_name_correction_new
বিয়ে করার পরে জাতীয় পরিচয়পত্রে স্বামী নাম যোগ করার জন্য কি কি প্রয়োজন,spouse_name_correction_new
বিয়ের পর এনআইডি কার্ডে স্বামী নাম যোগ করার জন্য কি কি ডকুমেন্টস লাগবে,spouse_name_correction_new
বিয়ের পর জাতীয় পরিচয়পত্রে স্বামী নাম যোগ করার জন্য কি কি কাগজপত্র লাগবে,spouse_name_correction_new
বিয়ের পর স্ত্রীর নাম কার্ডে যোগ করতে কি কি কাগজপত্র লাগবে,spouse_name_correction_new
বিয়ের পরে এনআইডি কার্ডে স্বামী নাম যোগ করতে কি কি কাগজপত্র লাগবে,spouse_name_correction_new
স্ত্রীর নাম পরিবর্তন করতে কি কি ডকুমেন্টস লাগবে,spouse_name_correction_new
স্ত্রীর নাম ভুল হয়েছে,spouse_name_correction_new
স্ত্রীর নাম সংশোধন করার জন্য কি কি নথি প্রয়োজন,spouse_name_correction_new
স্ত্রীর নাম সংশোধনে এনআইডি কার্ডের কোন কোন কাগজপত্র লাগবে,spouse_name_correction_new
স্ত্রীর নামে ভুল থাকলে তা সংশোধনের জন্য কি কি ডকুমেন্টস লাগবে,spouse_name_correction_new
স্বামী নাম যোগ করতে এনআইডি কার্ডে কি কি ডকুমেন্টস জমা দিতে হবে,spouse_name_correction_new
স্বামী নাম সংশোধন করার জন্য জাতীয় পরিচয়পত্রে কি কি ডকুমেন্টস দিতে হবে,spouse_name_correction_new
স্বামী নাম সংশোধনে এনআইডি কার্ডে কি কি ডকুমেন্টস প্রয়োজন,spouse_name_correction_new
স্বামী নাম সংশোধনে এনআইডি কার্ডে কি কি ডকুমেন্টস লাগবে,spouse_name_correction_new
স্বামী নাম সংশোধনে জাতীয় পরিচয়পত্রের কি কি কাগজপত্র দরকার,spouse_name_correction_new
স্বামী নাম সংশোধনের জন্য এনআইডি কার্ডে কি কি কাগজপত্র দিতে হবে,spouse_name_correction_new
স্বামী নাম সংশোধনের জন্য কি কি কাগজপত্র জমা দিতে হবে জাতীয় পরিচয়পত্রে,spouse_name_correction_new
স্বামী নামের বানান ভুল থাকলে কিভাবে সংশোধন করব কি কি প্রমাণ জমা দিতে হবে,spouse_name_correction_new
স্বামী বা বাবার নামের বানান ভুল থাকলে কিভাবে সংশোধন করব কি কি প্রমাণ জমা দিতে হবে,spouse_name_correction_new
স্বামীর নাম ভুল আসছে কার্ডে,spouse_name_correction_new
স্বামীর নাম সংশোধনের জন্য কি কি নথি লাগবে,spouse_name_correction_new
স্বামীর নামের বানান সঠিক করতে চাই,spouse_name_correction_new
হাজবেন্ড এর নাম এনআইডি কার্ডে যোগ করার জন্য কি ডকুমেন্টস দিতে হবে,spouse_name_correction_new
আমি এসএসসি দিইনি তবে আমার কাছে কার্ড এর জন্য এসএসসি এর সনদ চাইছে কি করবো,ssc_certificate_for_correction
আমি এসএসসি ফেল করেছি,ssc_certificate_for_correction
এনআইডি আপডেটের জন্য সনদ দিতে হবে,ssc_certificate_for_correction
এনআইডি কার্ড সংশোধনের জন্য এসএসসি সনদ চাওয়া হয়েছে,ssc_certificate_for_correction
এনআইডি কার্ডে নাম সংশোধন করতে গিয়ে সনদ চেয়েছে,ssc_certificate_for_correction
এসএসসি সনদ চেয়েছে,ssc_certificate_for_correction
এসএসসি সনদ চেয়েছে,ssc_certificate_for_correction
এসএসসি সনদ জমা দিতে বলা হয়েছে,ssc_certificate_for_correction
সংশোধনের জন্য আবেদন করেছি,ssc_certificate_for_correction
আগের আইডি কার্ডে অ্যানআইডি নম্বর ছিল বেশি,ten_digit_nid_password_changing_problem
আমি দশ ডিজিট আইডি কার্ড পেয়েছি,ten_digit_nid_password_changing_problem
আমি নতুন দশ ডিজিট আইডি কার্ড পেয়েছি কিন্তু পুরানো পিন দিয়ে কাজ করছে না,ten_digit_nid_password_changing_problem
দশ ডিজিট আইডি কার্ড পেয়ে পিন পরিবর্তনে সমস্যা হচ্ছে,ten_digit_nid_password_changing_problem
দশ ডিজিট নম্বরের আইডি কার্ড পেয়ে পিন পরিবর্তন করতে সমস্যা হচ্ছে,ten_digit_nid_password_changing_problem
পুরানো আইডি কার্ডে তেরো টা নম্বর ছিল এনআইডি নম্বর এ,ten_digit_nid_password_changing_problem
পুরানো আইডি কার্ডের নম্বরের বদলে এখন দশ ডিজিট আইডি কার্ড আছে,ten_digit_nid_password_changing_problem
বিকাশ একাউন্ট খুলছি পুরানো আইডি কার্ডের কপি ও নম্বর দিয়েছিলাম,ten_digit_nid_password_changing_problem
মোবাইল ব্যাংকিং একাউন্ট খুলতে পুরানো আইডি কার্ডের কপি ও নম্বর দিয়েছিলাম,ten_digit_nid_password_changing_problem
সিম কিনতে পুরানো আইডি কার্ডের কপি ও নম্বর দিয়েছিলাম,ten_digit_nid_password_changing_problem
সিম রেজিস্ট্রেশন করতে আগের সতেরো ডিজিট আইডি কার্ডের নম্বর দিয়েছিলাম,ten_digit_nid_password_changing_problem
আপনার টিন নম্বর আপডেট বা নতুন করে যোগ করতে কী কাগজপত্র প্রয়োজন,tin_number_correct_or_add_document_new
আপনার টিন নম্বরে সংশোধন করতে কী কী নথি প্রয়োজন,tin_number_correct_or_add_document_new
আপনি কি বলতে পারেন,tin_number_correct_or_add_document_new
আমার এনআইডি কার্ডে টিন নম্বর যোগ করতে কি ডকুমেন্টস দিতে হবে,tin_number_correct_or_add_document_new
আমার কর দেয়ার টিন নম্বরটা যে আমি ভোটার হওয়ার সময় দিয়েছি সেটা আর বৈধ নেই,tin_number_correct_or_add_document_new
আমার টেক্স টিন নম্বর পরিবর্তন করা লাগবে যেটা ভোটার হওয়ার সময় দিয়েছিলাম।,tin_number_correct_or_add_document_new
আমি জানতে চাই,tin_number_correct_or_add_document_new
এনআইডি কার্ডে টিন নম্বর আপডেট করার জন্য কি কি ডকুমেন্টস লাগবে,tin_number_correct_or_add_document_new
কি ডকুমেন্টস লাগবে আমার টিন নম্বর সংশোধন করতে,tin_number_correct_or_add_document_new
টিন নম্বর আপডেট করতে কি কি কাগজপত্র লাগে,tin_number_correct_or_add_document_new
টিন নম্বর আপডেট করা বা নতুন করে যোগ করতে কি কি কাগজ দিতে হবে,tin_number_correct_or_add_document_new
টিন নম্বর জমা দিতে কি কি ডকুমেন্টস প্রয়োজন,tin_number_correct_or_add_document_new
টিন নম্বর নতুন করে যোগ করতে কোন কাগজপত্র লাগবে,tin_number_correct_or_add_document_new
টিন নম্বর নিবন্ধকরণে কি কি ডকুমেন্টস প্রয়োজন,tin_number_correct_or_add_document_new
টিন নম্বর নিবন্ধনের জন্য কোন কোন কাগজপত্র লাগবে,tin_number_correct_or_add_document_new
টিন নম্বর প্রক্রিয়ায় কি কি কাগজপত্র লাগবে,tin_number_correct_or_add_document_new
টিন নম্বর বদলাতে কি ডকুমেন্টস প্রয়োজন,tin_number_correct_or_add_document_new
টিন নম্বর মডিফাই করতে কি কাগজপত্র লাগবে,tin_number_correct_or_add_document_new
টিন নম্বর যেটা আমি ভোটার হিসেবে দিয়েছিলাম সেটা কি আপডেট করতে পারি,tin_number_correct_or_add_document_new
টিন নম্বর যোগ বা পরিবর্তন করতে কি কি কাগজপত্র প্রয়োজন,tin_number_correct_or_add_document_new
টিন নম্বর যোগ বা পরিবর্তন করতে কি ডকুমেন্টস লাগবে,tin_number_correct_or_add_document_new
টিন নম্বর সংযোজন বা সংশোধন করতে,tin_number_correct_or_add_document_new
টিন নম্বর সংযোজন বা সংশোধন করতে কি কি জিনিস লাগবে,tin_number_correct_or_add_document_new
টিন নম্বর সংযোজন বা সংশোধনের জন্য কোন কোন ডকুমেন্ট লাগবে,tin_number_correct_or_add_document_new
টিন নম্বর সংযোজনের জন্য কি কি নথি লাগবে,tin_number_correct_or_add_document_new
টিন নম্বর সংশোধনে কি কাগজপত্র প্রয়োজন,tin_number_correct_or_add_document_new
টিন নম্বর সংশোধনের জন্য কি কি কাগজপত্র দিতে হবে,tin_number_correct_or_add_document_new
টিন নম্বরের জন্য কি কি কাগজপত্র জমা দিতে হবে,tin_number_correct_or_add_document_new
টিন নম্বরের জন্য কোন কাগজপত্র জমা দিতে হবে,tin_number_correct_or_add_document_new
টিন নম্বরের জন্য কোন কোন ডকুমেন্টস লাগবে,tin_number_correct_or_add_document_new
টিন নম্বরের সংযোজন বা সংশোধন করার জন্য কী কী নথি প্রয়োজন,tin_number_correct_or_add_document_new
টিন বা ট্যাক্স আইডেন্টিফিকেশন নম্বর যোগ করার জন্য কি কি ডকুমেন্টস লাগবে,tin_number_correct_or_add_document_new
আইডি কার্ডের বর্তমান ও স্থায়ী ঠিকানা কি একসাথে চেঞ্জ করা যাবে,together_present_and_permanent_address_change
আইডিতে প্রেজেন্ট এবং পার্মানেন্ট ঠিকানা একসাথে আপডেট করা যাবে,together_present_and_permanent_address_change
একই সাথে বর্তমান এবং স্থায়ী ঠিকানা পরিবর্তনের জন্য কি এপ্লাই করা যাবে,together_present_and_permanent_address_change
এখন যেখানে থাকি সেই ঠিকানা ও গ্রামের বাড়ির ঠিকানা একসাথে চেঞ্জ করার জন্য কি আবেদন করতে পারি,together_present_and_permanent_address_change
কার্ড এ বর্তমান এবং গ্রামের বাড়ির ঠিকানা একই সাথে কি আপডেট করা যাবে,together_present_and_permanent_address_change
বর্তমান এবং স্থায়ী ঠিকানা একই সময় পরিবর্তন করতে কি আবেদন করা যায়,together_present_and_permanent_address_change
বর্তমান এবং স্থায়ী ঠিকানা একসাথে পরিবর্তনের জন্য কি আবেদন করতে হবে,together_present_and_permanent_address_change
বর্তমান ও স্থায়ী ঠিকানা এট এ টাইম চেঞ্জ করার আবেদন কি করা সম্ভব,together_present_and_permanent_address_change
বর্তমান ও স্থায়ী ঠিকানা কি একই সাথে পরিবর্তন করার জন্য আবেদন করা সম্ভব,together_present_and_permanent_address_change
বর্তমান ও স্থায়ী ঠিকানা কি একই সাথে পরিবর্তনের জন্য আবেদন করা সম্ভব,together_present_and_permanent_address_change
আন্ডারএজ এনআইডি কার্ডধারী কখন ভোটার হিসেবে তালিকাভুক্ত হয়,underaged_card_holder_to_voter
আন্ডারএজ এনআইডি হোল্ডারদের ভোটার হওয়া কবে হয়,underaged_card_holder_to_voter
আন্ডারএজড হিসেবে এনআইডি কার্ডধারী ব্যক্তি কখন ভোটার হয়ে থাকেন,underaged_card_holder_to_voter
এনআইডি নেয়ার জন্য সর্বনিম্ন বয়স কত,underaged_card_holder_to_voter
কম বয়সী এনআইডি কার্ডধারীরা কখন ভোটার হন,underaged_card_holder_to_voter
ছোট বয়সে এনআইডি করা হলে কবে ভোটার হয়ে যাবে,underaged_card_holder_to_voter
অনলাইনে 'অপ্রত্যাশিত সমস্যার জন্য দুঃখিত' দেখাচ্ছে,unexpected_online_problem
অনলাইনে অপ্রত্যাশিত সমস্যা আসলে কি করা উচিত,unexpected_online_problem
অনলাইনে “অপ্রত্যাশিত সমস্যার জন্য দুঃখিত” দেখাচ্ছে,unexpected_online_problem
অপ্রত্যাশিত সমস্যা দেখাচ্ছে অনলাইনে,unexpected_online_problem
অপ্রত্যাশিত সমস্যার জন্য দুঃখিত' এরকম বার্তা দেখাচ্ছে,unexpected_online_problem
ইন্টারনেট পোর্টালে 'অপ্রত্যাশিত সমস্যার জন্য দুঃখিত' দেখাচ্ছে,unexpected_online_problem
কার্ড এর তথ্য দেখতে গিয়ে সমস্যা হচ্ছে,unexpected_online_problem
কার্ড পোর্টালে 'অপ্রত্যাশিত সমস্যা' বার্তা আসছে,unexpected_online_problem
জাতীয় পরিচয়পত্র পোর্টালে ঢুকতে গিয়ে আনএক্সপেক্টেড প্রবলেম দেখা যাচ্ছে,unexpected_online_problem
জাতীয় পরিচয়পত্র সেবার পোর্টালে অপ্রত্যাশিত দেখাচ্ছে,unexpected_online_problem
আইডি কার্ড সংশোধন করার পর নতুন কার্ড কিভাবে পাব,updated_nid_after_correction
আইডি কার্ড সংশোধনের পর নতুন কার্ড কিভাবে পাবো,updated_nid_after_correction
আইডি কার্ডের সংশোধনের পর নতুন কার্ড কিভাবে আনব,updated_nid_after_correction
এনআইডি কার্ড এর ভুল সংশোধন হয়ে গেলে পরবর্তী ধাপে কীভাবে আইডি কার্ড পাবো,updated_nid_after_correction
এনআইডি কার্ড ভুল ঠিক করার শেষ হলে কার্ড পাব কিভাবে,updated_nid_after_correction
এনআইডি কার্ড সংশোধন হয়ে গেছে,updated_nid_after_correction
এনআইডি কার্ড সংশোধন হয়ে গেছে কিন্তু আইডি কার্ড কিভাবে পাবো,updated_nid_after_correction
এনআইডি কার্ড সংশোধন হয়ে গেলে কোথা থেকে কার্ড নিতে হবে,updated_nid_after_correction
এনআইডি কার্ড সংশোধনের পর নতুন কার্ড পাব কোথা থেকে,updated_nid_after_correction
কার্ড এর ভুল তথ্য সংশোধন শেষ হলে কীভাবে নতুন আইডি কার্ড সংগ্রহ করতে পারি,updated_nid_after_correction
তথ্য ঠিক করানোর পর নতুন আইডি কার্ড কিভাবে সংগ্রহ করা যায়,updated_nid_after_correction
নতুন আইডি কার্ড পাব কোথা থেকে সংশোধনের পর,updated_nid_after_correction
নতুন আইডি কার্ড সংগ্রহ করার জন্য কি করতে হবে সংশোধনের পর,updated_nid_after_correction
সংশোধন হয়ে গেলে নতুন কার্ড কোথা থেকে কালেক্ট করব,updated_nid_after_correction
সংশোধনের পর আইডি কার্ড কিভাবে পাব,updated_nid_after_correction
সংশোধিত আইডি কার্ড পাব কোথা থেকে,updated_nid_after_correction
আমার কাছে ইউটিলিটি বিল নাই,utility_bill_not_available_for_address_proof
আমার নামে ইউটিলিটি বিল নাই,utility_bill_not_available_for_address_proof
আমি ইউটিলিটি বিলের কপি না থাকার কারণে ভোটার ঠিকানা পরিবর্তন করতে পারবো না,utility_bill_not_available_for_address_proof
ইউটিলিটি বিল ছাড়া ভোটার ঠিকানা পরিবর্তন করার জন্য কি বিকল্প পথ আছে,utility_bill_not_available_for_address_proof
ইউটিলিটি বিল ছাড়া ভোটার ঠিকানা পরিবর্তনের কি কাগজপত্র লাগবে,utility_bill_not_available_for_address_proof
ইউটিলিটি বিল না থাকলে ভোটার ঠিকানা পরিবর্তনের কি উপায় আছে,utility_bill_not_available_for_address_proof
ইউটিলিটি বিল না থাকলে ভোটার ঠিকানা পরিবর্তনের জন্য কি করতে হবে,utility_bill_not_available_for_address_proof
ভোটার ঠিকানা পরিবর্তন করতে গেলে ইউটিলিটি বিল না থাকলে কি করা উচিত,utility_bill_not_available_for_address_proof
ভোটার ঠিকানা পরিবর্তনের জন্য ইউটিলিটি বিল ছাড়া কি অন্য কোনো কাগজপত্র জমা দিতে হবে,utility_bill_not_available_for_address_proof
আগে স্থায়ী ঠিকানায় ভোটার ছিলাম,voter_area_change
আমার আগের ঠিকানায় ভোটার ছিলাম,voter_area_change
আমার স্থায়ী ঠিকানায় ভোটার ছিলাম,voter_area_change
আমার স্থায়ী ঠিকানায় ভোটার হয়েছিলাম,voter_area_change
আমি বর্তমান ঠিকানায় ভোটার নিবন্ধন করতে চাই,voter_area_change
আমি স্থায়ী ঠিকানায় ভোটার,voter_area_change
কিভাবে স্থায়ী ঠিকানা থেকে বর্তমান ঠিকানায় ভোটার পরিবর্তন করবো,voter_area_change
নতুন জায়গায় ভোটার হবো কিভাবে,voter_area_change
বর্তমান ঠিকানায় ভোটার নিবন্ধন কিভাবে করবো,voter_area_change
বর্তমান ঠিকানায় ভোটার হওয়ার জন্য কি করণীয়,voter_area_change
বর্তমান ঠিকানায় ভোটার হওয়ার জন্য কী পদক্ষেপ নিতে হবে,voter_area_change
স্থায়ী ঠিকানা থেকে বর্তমান ঠিকানায় ভোটার পরিবর্তন কিভাবে করবো,voter_area_change
স্থায়ী থেকে বর্তমান ঠিকানায় ভোটার হবো কিভাবে,voter_area_change
আমার ভোটার স্থানান্তর অনুমোদিত হলেও তথ্য আপডেট না হলে কি করতে হবে,voter_area_change_not_reflected
আমার ভোটার স্থানান্তর অনুমোদিত হলো,voter_area_change_not_reflected
আমার ভোটার স্থানান্তরের জন্য অনুমোদন পেয়েছি,voter_area_change_not_reflected
ভোটার স্থানান্তরের অনুমোদন পাওয়া গেছে,voter_area_change_not_reflected
ভোটার স্থানান্তরের আবেদন অনুমোদন পেয়েছে,voter_area_change_not_reflected
ভোটার স্থানান্তরের আবেদন অনুমোদিত হলে,voter_area_change_not_reflected
ভোটার স্থানান্তরের আবেদন অনুমোদিত হলেও,voter_area_change_not_reflected
ভোটার স্থানান্তরের আবেদন করেছিলাম,voter_area_change_not_reflected
ভোটার স্থানান্তরের আবেদন চলামান রয়েছে,voter_area_change_not_reflected
ভোটার স্থানান্তরের আবেদন সফল হয়েছে,voter_area_change_not_reflected
ভোটার স্থানান্তরের জন্য আবেদন করেছি তো,voter_area_change_not_reflected
ভোটার ট্রান্সফার প্রসেসে আছে,voter_area_change_ongoing
ভোটার ঠিকানা ট্রান্সফার চলছে,voter_area_change_ongoing
ভোটার ঠিকানা ট্রান্সফার রিকোয়েস্ট চলমান,voter_area_change_ongoing
ভোটার স্থানান্তর এখনও কমপ্লিট হয়নি,voter_area_change_ongoing
ভোটার স্থানান্তর পেন্ডিং অবস্থায় কি সংশোধন করা যাবে,voter_area_change_ongoing
ভোটার স্থানান্তরের আবেদন চলাকালীন কি কার্ড সংশোধন করা যাবে,voter_area_change_ongoing
ভোটার স্থানান্তরের আবেদন প্রক্রিয়াধীন,voter_area_change_ongoing
ভোটার স্থানান্তরের কাজ চলাকালীন সময়ে সংশোধন করা যাবে কি,voter_area_change_ongoing
ভোটার স্থানান্তরের প্রসেস চলছে,voter_area_change_ongoing
স্থানান্তর কার্যক্রম চলার সময় কি কোনো সংশোধন করতে পারবো,voter_area_change_ongoing
অনলাইনে ভোটার এলাকা পরিবর্তন করা যায় কি,voter_area_change_online
আইডির ভোটার এলাকা কি ইন্টার নেট এ বদল করা যাবে,voter_area_change_online
আমার এনআইডি এর ভোটার এলাকা অনলাইনে ট্রান্সফার করা যাবে,voter_area_change_online
এনআইডি কার্ডের ভোটার এলাকা পরিবর্তন অনলাইনে করা সম্ভব কি,voter_area_change_online
কি ভাবে ইন্টারনেটে ভোটার এলাকা বদলাতে পারি,voter_area_change_online
নতুন ভোটার এলাকা এর জন্য কিভাবে ওয়েবসাইট দিয়ে এপ্লাই করা যাবে কি,voter_area_change_online
ভোটার এলাকা চেঞ্জ করা যায় কি অনলাইনে,voter_area_change_online
ভোটার এলাকা পরিবর্তনের আবেদন কি অনলাইনে করা যাবে,voter_area_change_online
ভোটার এলাকা পরিবর্তনের জন্য কি অনলাইন আবেদন করা যায়,voter_area_change_online
আপনার পূর্ববর্তী ভোটার এলাকার তথ্য কিভাবে সংগ্রহ করতে হবে,voter_area_query
আমার আগের ভোটার এলাকার তথ্য কিভাবে জোগাড় করবো,voter_area_query
আমার পুরনো ভোটার এলাকার তথ্য কিভাবে খুজবো ঠিকানা বদলাতে,voter_area_query
আমার ভোটার এলাকা নাম,voter_area_query
আমার ভোটার এলাকার নাম,voter_area_query
কিভাবে আমার ভোটার এলাকা ও নম্বর খুজে পাবো,voter_area_query
কিভাবে আমি আমার ভোটার এলাকার নাম,voter_area_query
ঠিকানা চেন্জ করার জন্য পুরনো ভোটার এলাকার ডিটেলস কোথা থেকে পাবো,voter_area_query
ঠিকানা পরিবর্তন করতে আমার আগের ভোটার এলাকার ডেটা কোথায় পাবো,voter_area_query
ঠিকানা পরিবর্তন করতে পূর্ববর্তী ভোটার এলাকার তথ্য কোথায় পাওয়া যাবে,voter_area_query
ঠিকানা পরিবর্তন করার জন্য পূর্বের ভোটার এলাকার তথ্য কোথায় থেকে পাবো,voter_area_query
ঠিকানা পরিবর্তনের আবেদনে পূর্বের ভোটার এলাকার তথ্য প্রয়োজন,voter_area_query
পূর্ববর্তী ভোটার এলাকার তথ্য পেতে কী করতে হবে,voter_area_query
ভোটার এলাকা নাম,voter_area_query
ভোটার এলাকার তথ্য পরিবর্তন করার জন্য কোথা থেকে সংগ্রহ করবো,voter_area_query
আইডি কার্ড ক্ষতিগ্রস্ত হয়েছে,voter_card_damaged
আইডি কার্ড পুড়ে গেছে,voter_card_damaged
আইডি কার্ড পুড়ে গেছে বা পোকায় খেয়ে ফেলেছে,voter_card_damaged
আমার এনআইডি কার্ড পোকায় খেয়েছে,voter_card_damaged
আমার এনআইডি কার্ডের কিছু অংশ জলে ভিজে গেছে,voter_card_damaged
আমার কার্ড পুড়ে গেছে,voter_card_damaged
আমার কার্ড পুড়ে বা নষ্ট হয়ে গেছে,voter_card_damaged
আমার জাতীয় পরিচয়পত্রের অংশবিশেষ পুড়ে গেছে,voter_card_damaged
আমার জাতীয় পরিচয়পত্রের অংশবিশেষ পোকায় খেয়েছে,voter_card_damaged
আমার জাতীয় পরিচয়পত্রের কিছু অংশ পুড়ে গেছে বা পোকায় খেয়েছে,voter_card_damaged
জাতীয় পরিচয়পত্রে পোকা ধরেছে,voter_card_damaged
জাতীয় পরিচয়পত্রের অংশবিশেষ পুড়ে গেছে,voter_card_damaged
জাতীয় পরিচয়পত্রের কিছু অংশ খুঁটে গেছে,voter_card_damaged
জাতীয় পরিচয়পত্রের ক্ষতিগ্রস্ত অংশের জন্য কি করতে হবে,voter_card_damaged
আমার নাম ভোটার তালিকায় নেই কারণ হালনাগাদে যোগ দিতে পারিনি। এখন কি করবো,voter_halnagad_registration_not_done
আমি নতুন ভোটার হতে চাই,voter_halnagad_registration_not_done
আমি ভোটার আপডেটে নিবন্ধন করতে না পেরে এখন কীভাবে ভোটার হতে পারি,voter_halnagad_registration_not_done
আমি ভোটার হওয়ার জন্য হালনাগাদে যোগ দিতে পারিনি। এখন কী করতে হবে,voter_halnagad_registration_not_done
আমি ভোটার হালনাগাদে রেজিষ্টার করতে পারিনি,voter_halnagad_registration_not_done
আমি হালনাগাদে ভোটার হিসেবে রেজিষ্ট্রেশন করতে পারিনি। এখন কিভাবে নতুন ভোটার হব,voter_halnagad_registration_not_done
নতুন ভোটার হতে চাই কিন্তু হালনাগাদে নাম দিতে পারিনি। কিভাবে হবে,voter_halnagad_registration_not_done
ভোটার তালিকা আপডেট এ আবেদন করতে না পারার পর,voter_halnagad_registration_not_done
ভোটার তালিকা আপডেটে আমি যোগ দিতে পারিনি,voter_halnagad_registration_not_done
ভোটার তালিকা হালনাগাদে অংশ নিতে পারিনি,voter_halnagad_registration_not_done
ভোটার হালনাগাদ করার সময় আমি ভোটার রেজিস্ট্রেশন করতে পারিনি,voter_halnagad_registration_not_done
ভোটার হিসেবে নিবন্ধিত হতে পারিনি হালনাগাদে,voter_halnagad_registration_not_done
হালনাগাদ করার সময় ভোটার নিবন্ধন করতে পারিনি,voter_halnagad_registration_not_done
হালনাগাদে ভোটার হতে পারিনি তো এখন কি করবো ভোটার হতে,voter_halnagad_registration_not_done
হালনাগাদে রেজিস্ট্রেশন দিতে পারিনি তাই এখন কিভাবে ভোটার হবো,voter_halnagad_registration_not_done
আমার ভোটার স্থানান্তর হয়ে গেছে,voter_migration_done_now_what_to_do_for_reissue
আমি ভোটার স্থানান্তর করেছি,voter_migration_done_now_what_to_do_for_reissue
আমি ভোটার স্থানান্তর করেছি এখন কি রি-ইস্যুর কাজ করবো,voter_migration_done_now_what_to_do_for_reissue
ভোটার মাইগ্রেট শেষে রি-ইস্যুর জন্য কি প্রয়োজন,voter_migration_done_now_what_to_do_for_reissue
ভোটার মাইগ্রেশন এর পরে রি-ইস্যু কিভাবে করবো,voter_migration_done_now_what_to_do_for_reissue
ভোটার স্থানান্তর করে ফেলেছি,voter_migration_done_now_what_to_do_for_reissue
ভোটার স্থানান্তর করেছি,voter_migration_done_now_what_to_do_for_reissue
ভোটার স্থানান্তর শেষ হয়েছে,voter_migration_done_now_what_to_do_for_reissue
ভোটার স্থানান্তর হয়ে গেলে কি রি-ইস্যুর এপ্লিকেশন করতে হবে,voter_migration_done_now_what_to_do_for_reissue
ভোটার স্থানান্তরের পর পুনরায় কার্ড কীভাবে পাবো,voter_migration_done_now_what_to_do_for_reissue
ভোটার স্থানান্তরের পরে রি-ইস্যুর জন্য কি লাগবে,voter_migration_done_now_what_to_do_for_reissue
স্থানান্তর হয়ে গেছে,voter_migration_done_now_what_to_do_for_reissue
আমি ছবি তুলেছি কিন্তু এখন ভোটার তালিকায় নাম নেই,voter_slip_lost_how_to_get_new_card
আমি ছবি তুলেছিলাম কিন্তু এখন খুঁজে পাচ্ছি না কোথায় যাব,voter_slip_lost_how_to_get_new_card
ছবি তোলার পর ভোটার তালিকায় নাম না থাকলে কার্ড পাওয়া যাবে না,voter_slip_lost_how_to_get_new_card
তালিকায় নাম নেই,voter_slip_lost_how_to_get_new_card
ভোটার কার্ড তোলার জন্য স্লিপ না থাকলে কী করবো,voter_slip_lost_how_to_get_new_card
ভোটার তালিকায় খুঁজে পাচ্ছি না,voter_slip_lost_how_to_get_new_card
ভোটার তালিকায় নাম না থাকলে এবং স্লিপ হারালে কার্ড সংগ্রহের পদ্ধতি কী,voter_slip_lost_how_to_get_new_card
ভোটার তালিকায় নাম নাই,voter_slip_lost_how_to_get_new_card
ভোটার তালিকায় নাম নেই,voter_slip_lost_how_to_get_new_card
ভোটার রেজিস্ট্রেশনের স্লিপ হারিয়ে গেছে,voter_slip_lost_how_to_get_new_card
ভোটার স্লিপ ছাড়া এবং তালিকায় নাম না থাকলেও কার্ড কি পাওয়া যাবে,voter_slip_lost_how_to_get_new_card
ভোটার স্লিপ নাই,voter_slip_lost_how_to_get_new_card
ভোটার স্লিপ নেই,voter_slip_lost_how_to_get_new_card
ভোটার স্লিপ হারালে এবং তালিকায় নাম না পেলে কার্ড তোলার উপায় কী,voter_slip_lost_how_to_get_new_card
ভোটার স্লিপ হারিয়েছি,voter_slip_lost_how_to_get_new_card
ভোটার স্লীপ হারিয়ে গেছে,voter_slip_lost_how_to_get_new_card
রেজিস্ট্রেশনের কাগজ হারিয়ে গেছে,voter_slip_lost_how_to_get_new_card
স্লিপ ও তালিকা দুটোতেই নেই,voter_slip_lost_how_to_get_new_card
স্লিপ ছাড়া এনআইডি কার্ড তোলা যাবে,voter_slip_lost_how_to_get_new_card
স্লিপ হারিয়ে গেছে,voter_slip_lost_how_to_get_new_card
আমার এনআইডি কার্ড হারিয়ে গেছে,voter_slip_lost_how_to_get_nid
আমার এনআইডি সংক্রান্ত সব কাগজপত্র হারিয়ে গেছে,voter_slip_lost_how_to_get_nid
এনআইডি পাওয়া আগেই হারিয়ে ফেলেছি কাগজ,voter_slip_lost_how_to_get_nid
এনআইডি রেজিস্ট্রেশনের স্লিপ হারিয়ে ফেলেছি,voter_slip_lost_how_to_get_nid
এনআইডি হারালে আবার কিভাবে নতুন করে পাবো,voter_slip_lost_how_to_get_nid
এনআইডি হারিয়ে গেলে নতুন কার্ড তোলার উপায় কী,voter_slip_lost_how_to_get_nid
এনআইডির স্লিপ আর কার্ড দুইটাই হারিয়ে গেছে,voter_slip_lost_how_to_get_nid
কার্ড সংগ্রহের আগেই হারিয়ে ফেলেছি স্লিপ,voter_slip_lost_how_to_get_nid
রেজিস্ট্রেশন স্লিপ হারানো গেছে,voter_slip_lost_how_to_get_nid
হারানো এনআইডি ফেরত পেতে কোথায় যোগাযোগ করতে হবে,voter_slip_lost_how_to_get_nid
আমার সাথে প্রেম করবে,warning_to_prank_caller
একটা প্রশ্নও পারোনি,warning_to_prank_caller
চলো ঘুরতে যাই,warning_to_prank_caller
চেক করছিলাম কাজ করে কিনা,warning_to_prank_caller
চ্যাট করা যাবে,warning_to_prank_caller
তুই কি কিছু জানিস,warning_to_prank_caller
তুই চুপ কর,warning_to_prank_caller
তুই তো গাধা,warning_to_prank_caller
তুমি কি করো,warning_to_prank_caller
তুমি কি কাঁদো,warning_to_prank_caller
তুমি কি খেতে চাও,warning_to_prank_caller
তুমি কি গান গাও,warning_to_prank_caller
তুমি কি ছেলে নাকি মেয়ে,warning_to_prank_caller
তুমি কি দেখতে কেমন,warning_to_prank_caller
তুমি কি ফেসবুকে আছো,warning_to_prank_caller
তুমি কি ফোন করতে পারো,warning_to_prank_caller
তুমি কি বিবাহিত,warning_to_prank_caller
তুমি কি সিঙ্গেল,warning_to_prank_caller
তুমি কি হাসো,warning_to_prank_caller
তুমি কিছু জানো না,warning_to_prank_caller
তুমি কেমন মেয়ে,warning_to_prank_caller
তুমি কোথায় থাকো,warning_to_prank_caller
তুমি সুন্দরী না কুৎসিত,warning_to_prank_caller
তেমন কিছু জানতে চাইনি,warning_to_prank_caller
তোমাকে পছন্দ হয়েছে,warning_to_prank_caller
তোমার নামটা সুন্দর,warning_to_prank_caller
তোমার বয়স কত,warning_to_prank_caller
তোমার মোবাইল নাম্বার দিবা,warning_to_prank_caller
তোর কোনো কাজ নাই,warning_to_prank_caller
বিরক্ত করতে এসেছি,warning_to_prank_caller
শুধু চেক করছি,warning_to_prank_caller
শুধু মজা নিচ্ছি,warning_to_prank_caller
আমার এনআইডি সংশোধনের এপ্লাই বাতিল করতে হবে কী করবো,way_to_cancel_correction_application
আমার ভুল বুঝে সংশোধনের আবেদন করেছি,way_to_cancel_correction_application
আমি আমার সংশোধনের এপ্লিকেশন বাতিল করতে চাই,way_to_cancel_correction_application
আমি কি আমার কার্ড এ সংশোধনের আবেদন বাতিল করতে পারি কিভাবে,way_to_cancel_correction_application
আমি সংশোধনের আবেদন বাতিল করতে চাই,way_to_cancel_correction_application
এনআইডি কার্ড এর তথ্য ভুল আছে ঠিক করার আবেদন বাতিল করার জন্য কীভাবে আবেদন করতে হয়,way_to_cancel_correction_application
এনআইডি কার্ডের ভুল ঠিক করার আবেদন কিভাবে বাতিল করবো,way_to_cancel_correction_application
এনআইডি সংশোধনের আবেদন বাতিল করতে কি করতে হবে,way_to_cancel_correction_application
সংশোধন আবেদন বাতিল করার পদ্ধতি কী,way_to_cancel_correction_application
সংশোধনের আবেদন বাতিল করতে চাই,way_to_cancel_correction_application
সংশোধনের আবেদন বাতিল করার জন্য কি কি করতে হবে,way_to_cancel_correction_application
সংশোধনের আবেদন বাতিল করার প্রক্রিয়া কী,way_to_cancel_correction_application
সংশোধনের জন্য যে আবেদন করেছি সেটা বাতিল করতে কি করতে হবে,way_to_cancel_correction_application
এনআইডি করতে গেলে কি দ্বৈত নাগরিকত্ব দরকার,whether_nid_card_required_for_dual_citizenship
এনআইডি কার্ড করার জন্য কি দ্বৈত নাগরিকত্ব প্রয়োজন হয়,whether_nid_card_required_for_dual_citizenship
এনআইডি কার্ড নিতে দ্বৈত নাগরিকত্ব কি বাধ্যতামূলক,whether_nid_card_required_for_dual_citizenship
এনআইডি কার্ড পেতে কি দ্বৈত নাগরিকত্ব লাগবে,whether_nid_card_required_for_dual_citizenship
এনআইডি পেতে কি দ্বৈত নাগরিকত্ব থাকা জরুরি,whether_nid_card_required_for_dual_citizenship
এনআইডি বানাতে কি দ্বৈত নাগরিকত্ব থাকতে হবে,whether_nid_card_required_for_dual_citizenship
এনআইডি রেজিস্ট্রেশনের জন্য কি দ্বৈত নাগরিকত্ব আবশ্যক,whether_nid_card_required_for_dual_citizenship
দ্বৈত নাগরিকত্ব ছাড়া এনআইডি কার্ড পাওয়া যাবে না,whether_nid_card_required_for_dual_citizenship
দ্বৈত নাগরিকত্বের জন্য কোথায় আবেদন করতে হয়,whether_nid_card_required_for_dual_citizenship
এনআইডি কার্ড করতে কোন দেশের জন্য আলাদা দ্বৈত নাগরিকত্ব সনদ লাগবে না,whom_to_communicate_for_dual_citizenship_certificate
দ্বৈত নাগরিকত্ব সনদ বিষয়ে কার সাথে যোগাযোগ করা যেতে পারে,whom_to_communicate_for_dual_citizenship_certificate
দ্বৈত নাগরিকত্ব সনদ সংক্রান্ত তথ্যের জন্য কাদের সাথে যোগাযোগ করবো,whom_to_communicate_for_dual_citizenship_certificate
দ্বৈত নাগরিকত্ব সনদ সম্পর্কে জানতে কার সাথে যোগাযোগ করতে হবে,whom_to_communicate_for_dual_citizenship_certificate
দ্বৈত নাগরিকত্ব সনদের জন্য কোথায় যোগাযোগ করতে হবে,whom_to_communicate_for_dual_citizenship_certificate
দ্বৈত নাগরিকত্ব সনদের ব্যাপারে কার কাছে যোগাযোগ করবো,whom_to_communicate_for_dual_citizenship_certificate
দ্বৈত নাগরিকত্ব সনদের ব্যাপারে কোন অফিসে যেতে হবে,whom_to_communicate_for_dual_citizenship_certificate
দ্বৈত নাগরিকত্ব সার্টিফিকেট পেতে কাদের সাথে কথা বলতে হবে,whom_to_communicate_for_dual_citizenship_certificate
দ্বৈত নাগরিকত্বের বিষয়ে কাদের কাছে যাবো,whom_to_communicate_for_dual_citizenship_certificate
আমার ন্যাশনাল আইডি কার্ড স্মার্ট কার্ড হবে কি,wish_to_create_nid_smart_card_new
আমার বাংলাদেশের জাতীয় পরিচয়পত্র স্মার্ট কার্ড হবে কি,wish_to_create_nid_smart_card_new
আমার স্মার্ট কার্ড কিভাবে করতে পারি,wish_to_create_nid_smart_card_new
আমি আমার এনআইডি স্মার্ট কার্ডে কনভার্ট করতে চাই।,wish_to_create_nid_smart_card_new
আমি আমার বাংলাদেশের এনআইডি স্মার্ট কার্ডে নিবন্ধন করতে চাই।,wish_to_create_nid_smart_card_new
আমি কি আমার এনআইডি স্মার্ট কার্ডে রূপান্তর করতে পারি,wish_to_create_nid_smart_card_new
আমি কি আমার জাতীয় পরিচয়পত্র স্মার্ট কার্ডে রূপান্তর করতে পারি,wish_to_create_nid_smart_card_new
আমি কি জাতীয় পরিচয়পত্রের জন্য স্মার্ট কার্ড করতে পারি,wish_to_create_nid_smart_card_new
আমি কি জাতীয় পরিচয়পত্রের স্মার্ট কার্ড পেতে পারি,wish_to_create_nid_smart_card_new
আমি কি বাংলাদেশের স্মার্ট কার্ড পেতে পারি,wish_to_create_nid_smart_card_new
আমি কি স্মার্ট এনআইডি কার্ডের জন্য আবেদন করতে পারি,wish_to_create_nid_smart_card_new
আমি কি স্মার্ট কার্ড নিয়ে যেতে পারি,wish_to_create_nid_smart_card_new
আমি কি স্মার্ট কার্ডের জন্য আবেদন করতে পারি,wish_to_create_nid_smart_card_new
আমি কীভাবে স্মার্ট কার্ডের জন্য আবেদন করব,wish_to_create_nid_smart_card_new
আমি জাতীয় পরিচয়পত্র স্মার্ট কার্ডে কনভার্ট করতে চাই।,wish_to_create_nid_smart_card_new
আমি জাতীয় পরিচয়পত্রের জন্য স্মার্ট কার্ডে আবেদন করতে চাই।,wish_to_create_nid_smart_card_new
আমি জাতীয় পরিচয়পত্রের স্মার্ট কার্ড নিবন্ধন করতে চাই।,wish_to_create_nid_smart_card_new
আমি জাতীয় পরিচয়পত্রের স্মার্ট কার্ড বানাতে চাই।,wish_to_create_nid_smart_card_new
আমি জাতীয় পরিচয়পত্র করতে চাই,wish_to_create_nid_smart_card_new
আমি বাংলাদেশের এনআইডি স্মার্ট কার্ড করতে চাই কি,wish_to_create_nid_smart_card_new
আমি বাংলাদেশের এনআইডি স্মার্ট কার্ড বানাতে চাই।,wish_to_create_nid_smart_card_new
আমি বাংলাদেশের জাতীয় পরিচয়পত্র স্মার্ট কার্ড করতে চাই,wish_to_create_nid_smart_card_new
আমি বাংলাদেশের জাতীয় পরিচয়পত্রের জন্য স্মার্ট কার্ডের ফর্ম পূরণ করতে চাই।,wish_to_create_nid_smart_card_new
আমি স্মার্ট কার্ড করতে চাই,wish_to_create_nid_smart_card_new
আমি স্মার্ট কার্ড পেতে চাই,wish_to_create_nid_smart_card_new
আমি স্মার্ট কার্ডের জন্য আবেদন করতে চাই।,wish_to_create_nid_smart_card_new
আমি স্মার্ট কার্ডের জন্য ফর্ম পূরণ করতে চাই।,wish_to_create_nid_smart_card_new
জাতীয় পরিচয়পত্র নতুন করে করতে চাই,wish_to_create_nid_smart_card_new
জাতীয় পরিচয়পত্র নতুন করে করতে চাইলে কি করতে হবে,wish_to_create_nid_smart_card_new
জাতীয় পরিচয়পত্র পাওয়ার জন্য কি করতে হবে,wish_to_create_nid_smart_card_new
জাতীয় পরিচয়পত্রের জন্য আবেদন কীভাবে করবো,wish_to_create_nid_smart_card_new
নতুন এনআইডি কার্ড কিভাবে করতে হবে,wish_to_create_nid_smart_card_new
নতুন এনআইডি কার্ড কিভাবে নিতে হবে,wish_to_create_nid_smart_card_new
নতুন এনআইডি কার্ডের জন্য আবেদন করি কীভাবে,wish_to_create_nid_smart_card_new
নতুন জাতীয় পরিচয়পত্র নিবন্ধন করার পদ্ধতি কী,wish_to_create_nid_smart_card_new
নতুন ভোটার নিবন্ধন কিভাবে করবো,wish_to_create_nid_smart_card_new
নতুন ভোটার হতে চাই বা নতুন এনআইডি কার্ড করতে করণীয় কি,wish_to_create_nid_smart_card_new
নতুন ভোটার হতে চাইলে কি করতে হবে,wish_to_create_nid_smart_card_new
ভোটার হওয়ার জন্য কি প্রক্রিয়াটা কী,wish_to_create_nid_smart_card_new
অনলাইনে আবেদন করা পর তথ্য ভুল হলে কীভাবে ঠিক করবো,wrong_information_in_online_application_what_to_do
অনলাইনে আবেদন করা পর তথ্যের ভুল হলে আমি কি করতে পারি,wrong_information_in_online_application_what_to_do
অনলাইনে আবেদন করার পর দেখছি তথ্যে ভুল হয়েছে,wrong_information_in_online_application_what_to_do
অনলাইনে আবেদন করার পর দেখছি তথ্যে ভুল হয়েছে,wrong_information_in_online_application_what_to_do
অনলাইনে আবেদন করার পরে তথ্য ভুল হওয়ার পর সমাধান কিভাবে পাবো,wrong_information_in_online_application_what_to_do
অনলাইনে এনআইডি আবেদনের পর দেখলাম কিছু তথ্য ভুল,wrong_information_in_online_application_what_to_do
অনলাইনে কার্ড পূরণ করার পর দেখছি ইনফরমেশন ঠিক নাই ভুল হয়েছে,wrong_information_in_online_application_what_to_do
অনলাইনে জাতীয় পরিচয়পত্রের আবেদন করার পর তথ্যে ভুল খুঁজে পেয়েছি,wrong_information_in_online_application_what_to_do
আবেদনে ভুল তথ্য দেয়া গেছে কি করবো,wrong_information_in_online_application_what_to_do
আমার এনআইডি কার্ড আবেদনে তথ্যে ভুল হয়েছে,wrong_information_in_online_application_what_to_do
আমার এনআইডি ফরমে ভুল তথ্য পাঠিয়ে দিয়েছি,wrong_information_in_online_application_what_to_do
আমার এনআইডি ফরমে ভুল হয়েছে কি করবো,wrong_information_in_online_application_what_to_do
আমার জাতীয় পরিচয়পত্রের আবেদনে কিছু তথ্য ভুল হয়ে গেছে,wrong_information_in_online_application_what_to_do
আমার ন্যাশনাল আইডি আবেদনে কিছু তথ্য ভুল হয়েছে,wrong_information_in_online_application_what_to_do
আমার ভোটার আইডি ফরমে ভুল হয়েছে,wrong_information_in_online_application_what_to_do
আমি আমার এনআইডি-এর জন্য আবেদন করেছি কিন্তু তথ্যে ভুল হয়েছে,wrong_information_in_online_application_what_to_do
আমি আমার ন্যাশনাল আইডেন্টিটি কার্ডের জন্য অনলাইনে আবেদন করেছি কিন্তু তথ্য সঠিক নয়,wrong_information_in_online_application_what_to_do
আমি জাতীয় পরিচয়পত্রের জন্য আবেদন করেছি কিন্তু তথ্য ভুল হয়ে গেছে,wrong_information_in_online_application_what_to_do
ইন্টারনেটে আবেদনের পর তথ্য ভুল হয়ে গেছে,wrong_information_in_online_application_what_to_do
ইন্টারনেটে করার পর তথ্যে ভুল হলে কীভাবে সংশোধন করব,wrong_information_in_online_application_what_to_do
এনআইডি আবেদনে তথ্য সঠিক নয় বলে দেখছি,wrong_information_in_online_application_what_to_do
এনআইডি আবেদনে ভুল তথ্য দেওয়া হয়েছে,wrong_information_in_online_application_what_to_do
এনআইডি ফরমে ভুল তথ্য জমা দেয়ার পর কি করা যায়,wrong_information_in_online_application_what_to_do
ভোটার নিবন্ধন ফরমে ভুল তথ্য জমা দেওয়ার পর কিভাবে সংশোধন করবো,wrong_information_in_online_application_what_to_do
মোবাইলে এপ্লাই করার পরে ভুল তথ্য জমা দেওয়া হয়েছে,wrong_information_in_online_application_what_to_do
অনলাইন এ প্রথমে করতে গেলে পাসওয়ার্ড রং দেখাচ্ছে,wrong_password_in_registration
অনলাইন রেজিষ্ট্রেশনে রং পাসওয়ার্ড দেখাচ্ছে,wrong_password_in_registration
অনলাইনে রেজিষ্ট্রেশন করতে গেলে 'ভুল পাসওয়ার্ড' মেসেজ দেখায়,wrong_password_in_registration
অনলাইনে লগইন করতে গেলে “ভুল পাসওয়ার্ড” মেসেজ দেখায়,wrong_password_in_registration
আমি আগে অনলাইনে রেজিস্ট্রেশন করিনি,wrong_password_in_registration
এনআইডি পোর্টাল-এ লগইনের চেষ্টা করছি বারবার ভুল পাসওয়ার্ড দেখাচ্ছে,wrong_password_in_registration
নিবন্ধন করতে গেলে পাসওয়ার্ড ঠিক নাই দেখালে কি করতে হবে,wrong_password_in_registration
পাসওয়ার্ড ঠিক নাই দেখায় কি করি,wrong_password_in_registration
পাসওয়ার্ড ভুল দেখালে কি পদক্ষেপ নিতে হবে,wrong_password_in_registration
মোবাইলে রেজিস্ট্রেশন করতে গেলে কোড ভুল দেখায় কি করি,wrong_password_in_registration
রেজিষ্ট্রেশন করতে গেলে ভুল পাসওয়ার্ডের সমস্যার সমাধান কী,wrong_password_in_registration
রেজিস্ট্রেশন করতে গেলে ভুল পাসওয়ার্ড দেখায় কি করবো,wrong_password_in_registration
আমার কার্ডে আমার আম্মার নামের আগে মৃত উল্লেখ করা কি কি জমা দিয়ে ঠিক করা লাগবে,wrongly_dead_declared
আমার কার্ডে আমার বাবার নামের আগে মৃত উল্লেখ করা কি করা যাবে,wrongly_dead_declared
আমার কার্ডে আমার স্বামী-র নামের আগে মৃত উল্লেখ করা,wrongly_dead_declared
আমার কার্ডে পিতা বা স্বামীর নামের জায়গায় মৃত উল্লেখ করা হয়েছে,wrongly_dead_declared
আমার কার্ডে ভুলে মা কে মৃত দেখানো হয়েছে,wrongly_dead_declared
কার্ড এ আব্বুর নামের আগে মৃত লিখা কি করব,wrongly_dead_declared
কার্ড এ মার নামের আগে মৃত লিখা কি করব,wrongly_dead_declared
কার্ড এ স্বামীর নামের আগে ভুল কইরা মৃত লিখা কি করব,wrongly_dead_declared
কার্ড এ স্বামীর বা স্ত্রীর নামের আগে ভুল কইরা মৃত লিখা কি করব,wrongly_dead_declared
কার্ড এর জামাই নাম এর জায়গায় আমার জামাইর নাম মৃত লেখা থাকে তাহলে ঠিক করবো কেমনে,wrongly_dead_declared
কার্ড এর স্বামীর বা স্ত্রীর নাম এর জায়গায় আমার জামাইর বা বউ এর নাম মৃত লেখা থাকে তাহলে ঠিক করবো কেমনে,wrongly_dead_declared
পিতা বা স্বামীর নামের জায়গায় ভুলে মৃত উল্লেখ করা হয়েছে,wrongly_dead_declared
পিতা বা স্বামীর বা স্ত্রীর নামের জায়গায় ভুলে মৃত উল্লেখ করা হয়েছে,wrongly_dead_declared
ভুল করে আব্বার নাম এর আগে কার্ড এ মৃত চলে আসছে,wrongly_dead_declared
ভুল করে আমার কার্ডে মায়ের নাম এর আগে কার্ড এ মৃত চলে আসছে,wrongly_dead_declared
ভুল করে জীবিত পিতার নামের পূর্বে মৃত এসেছে,wrongly_dead_declared
ভুল করে জীবিত মাতার নামের পূর্বে মৃত এসেছে,wrongly_dead_declared
ভুল করে জীবিত স্ত্রীর নামের পূর্বে মৃত এসেছে,wrongly_dead_declared
ভুল করে জীবিত স্বামীর নামের পূর্বে মৃত এসেছে,wrongly_dead_declared
ভুল ক্রমে কার্ড এ স্বামীর নামের আগে মৃত লেখা সংশোধনের জন্য কি কি ডকুমেন্টস লাগে,wrongly_dead_declared
ভুল ক্রমে কার্ড এ স্বামীর বা স্ত্রীর নামের আগে মৃত লেখা সংশোধনের জন্য কি কি ডকুমেন্টস লাগে,wrongly_dead_declared
ভুলক্রমে আমার কার্ড এ মাতার নামে নামের আগে মৃত লেখা কি করা উচিত,wrongly_dead_declared
ভুলক্রমে পিতা বা স্বামী বা মাতাকে মৃত হিসেবে উল্লেখ করা হলে সংশোধনের জন্য কি কি সনদ দাখিল করতে হবে,wrongly_dead_declared
ভুলক্রমে পিতাকে মৃত হিসেবে উল্লেখ করা হলে সংশোধনের জন্য কি কি সনদ দাখিল করতে হবে,wrongly_dead_declared
ভুলক্রমে মাতাকে মৃত হিসেবে উল্লেখ করা হলে সংশোধনের জন্য কি কি সনদ দাখিল করতে হবে,wrongly_dead_declared
ভুলক্রমে স্বামীকে মৃত হিসেবে উল্লেখ করা হলে সংশোধনের জন্য কি কি সনদ দাখিল করতে হবে,wrongly_dead_declared
ভুলে কার্ড এ স্বামীকে বা স্ত্রীকে মৃত দেখানো হয়েছে,wrongly_dead_declared
ভুলে কার্ড এ স্বামীকে মৃত দেখানো হয়েছে,wrongly_dead_declared
ভুলে কার্ডে জামাইর নাম এর আগে কার্ড এ মৃত চলে আসছে,wrongly_dead_declared
ভুলে কার্ডে জামাইর বা বউয়ের নাম এর আগে কার্ড এ মৃত চলে আসছে,wrongly_dead_declared
ভুলে পিতাকে মৃত দেখানো হয়েছে,wrongly_dead_declared
ভুল্ক্রেম আমার কার্ড এ পিতার নামের আগে মৃত লেখা কি করি,wrongly_dead_declared
যদি কারো কার্ড এর মাতার নাম এর জায়গায় মায়ের নামের আগে মৃত লেখা থাকে তাহলে কি কি সার্টিফিকেট লাগে,wrongly_dead_declared
যদি কার্ড এর পিতার নাম এর জায়গায় বাবার নামের আগে মৃত লেখা থাকে তাহলে ঠিক করাবো কেমনে,wrongly_dead_declared