question,cluster_name
সংশোধনের আবেদন বাতিল করার প্রক্রিয়া কী,applicationCancelled
মাতাকে মৃত উল্লেখ করতে চাইলে কি কি সনদ দাখিল করতে হয়,deceasedRelativeInfo
নতুন ভোটার এলাকা এর জন্য কিভাবে ওয়েবসাইট দিয়ে এপ্লাই করা যাবে কি,onlineServicesInquiry
আমি অনলাইনে কার্ড সংশোধনের জন্য আবেদন করেছি,onlineApplicationProcess
স্মার্ট কার্ড হারিয়ে গেছে,receiptLostSolutions
বর্তমান ঠিকানা সংশোধনের জন্য কতদিন অপেক্ষা করতে হয়,addressChangeTime
এনআইডি কার্ডে জন্মস্থানের ভুল সংশোধন করতে কি কি ডকুমেন্ট লাগবে,correctionErrors
আগের বা এনআইডি কার্ডের পুরনো সংস্করণে স্বামীর নাম ছিল,nameCorrectionDocuments
কার্ড হারালে রি-ইস্যুর জন্য কি কাগজপত্র জমা দিতে হবে,reissueStatus
অনলাইনে কিভাবে কার্ড এ ঠিকানা সংশোধনের জন্য আবেদন করা যায়,onlineAddressInquiry
পিতাকে মৃত উল্লেখ করতে চাইলে কি কি সনদ দাখিল করতে হয়,deceasedRelativeInfo
এখন নয় চাপলে প্রতিনিধির সাহায্য পাওয়া যাবে।,generalQueries
বিয়ে করে বাংলাদেশে থাকলে কি এনআইডি পাওয়া সম্ভব,overseasRegistration
বিয়ের পর জাতীয় পরিচয়পত্রে স্বামী নাম যোগ করার জন্য কি কি কাগজপত্র লাগবে,nameCorrectionDocuments
আমার ফটো প্রবাসে তুলেছি,photoTakenLongAgo
বর্তমান ও স্থায়ী ঠিকানা কি একই সাথে পরিবর্তনের জন্য আবেদন করা সম্ভব,onlineAddressInquiry
একাউন্ট লক হয়ে গেছে কারেক্ট ইনফো দিলেও লক দেখাচ্ছে,accountLocked
এনআইডি কার্ডে বর্তমান ঠিকানা সংশোধন করতে কী প্রক্রিয়া অনুসরণ করবো,addressUpdateProblems
নিড কার্ডে ঠিকানা বদলের জন্য কি ধরনের কাগজপত্র দরকার,addressUpdateProblems
কোথায় গিয়ে আমার স্মার্ট কার্ড সংগ্রহ করবো,smartCardConversion
আমার প্রবাসী ভোটার নিবন্ধনের আবেদন দূতাবাসে Reject হয়েছে কেন,newVoterRejection
আমি আজকে মাঝেই ভোটার হতে চাচ্ছি কি করব,newVoterProcess
ওয়ান জিরো ফাইভ কল করে আমি আবেদনের স্ট্যাটাস জানতে পেরেছি,generalQueries
আমার পাসপোর্ট নম্বর ন্যাশনাল আইডেন্টিটি কার্ডে যোগ করতে কি কি লাগবে,requiredDocuments
দূতাবাসে আবেদন করার পর স্মার্ট কার্ড সংগ্রহের প্রক্রিয়া কী,smartCardConversion
আমি কী জানতে পারি,applicationFailures
দ্বৈত নাগরিকত্বের বিষয়ে কাদের কাছে যাবো,dualCitizenship
কত টাকা দিয়ে সংশোধন আবেদন করতে পারি,correctionFees
অনলাইন আইডি তৈরির পর কিউআর কোড এসেছে,generalQueries
স্মার্ট কার্ডে স্বামীর নাম না দেখে আমি কি করতে পারি,nameCorrectionDocuments
স্মার্ট কার্ড রেডি হয়ে গেলে কি আমি বার্তা পাবো,smartCardConversion
নতুন স্মার্ট এনআইডি কার্ডে স্বামীর নাম নেই,nameCorrectionDocuments
আমার নাম এর স্পেলিং ভুল হইছে সংশোধনের উপায় কি,nameSpellingCorrection
এনআইডি কার্ড করতে কোন দেশের জন্য আলাদা দ্বৈত নাগরিকত্ব সনদ লাগবে না,dualCitizenship
আমার পিতার জাতীয় পরিচয়পত্রের নম্বর বদল করতে হবে।,nameChangeProcess
আমার কার্ড এ মা-র নাম ভুল আছে কি করা উচিত,nameSpellingCorrection
আমার এননাইডি কার্ড সংশোধন হয়েছে,onlineApplicationProcess
স্বামীর এনআইডি কার্ডের নাম্বার পরিবর্তন করা যাবে কি করে,nameChangeProcess
কার্ডে অন্যের তথ্য দেখাচ্ছে,matchFoundErrors
আমার ডিজিটাল ভোটার কার্ড কি অন্য কোনো ব্যক্তিকে দিয়ে নেয়াইতে পারবে,websiteErrors
আমার শিক্ষাগত যোগ্যতা সঠিক নয়,correctionErrors
সংশোধনের জন্য ফি জমা করে আবেদন না করলে টাকা ফেরত কেমনে পাব,correctionFees
একাউন্ট লক হয়ে গেছে আট ঘণ্টা অপেক্ষা করার পরেও,accountLocked
এনআইডি একাউন্ট আনলক করার জন্য কি করতে হবে,accountLocked
বিবাহিতার নাম সংশোধন করার জন্য কার্ডে কি কি কাগজপত্র প্রস্তাব করবেন,nameCorrectionDocuments
একটি মোবাইল নম্বর দিয়ে কতবার রেজিষ্ট্রেশন করতে পারবো,generalQueries
কার্ডে পেশা বদলানোর প্রক্রিয়া কী,onlineApplicationProcess
অনলাইন এ প্রথমে করতে গেলে পাসওয়ার্ড রং দেখাচ্ছে,passwordErrors
তুই তো গাধা,personalStatusChanges
কার্ডের রেজিষ্ট্রেশনে উপজেলার ঘর ফাঁকা থাকলে কি করা উচিত,upazilaFieldEmpty
অনলাইন রেজিষ্ট্রেশনে রং পাসওয়ার্ড দেখাচ্ছে,passwordErrors
আমি বাংলাদেশের এনআইডি স্মার্ট কার্ড বানাতে চাই।,smartCardConversion
স্থায়ী ঠিকানা বদলাতে কতদিন সময় লাগে,addressChangeTime
সিম রেজিস্ট্রেশন করতে আগের সতেরো ডিজিট আইডি কার্ডের নম্বর দিয়েছিলাম,matchFoundErrors
ভুল করে ভোটার হয়েছে,correctionErrors
অনলাইনে কার্ড এ নাম সংশোধন করার আবেদন পদ্ধতি কী,onlineApplicationProcess
আমি ছবি দিয়েছি তারপরে এসএমএস কতদিনে আসবে,photoTakenNoCard
ফি জমা করতে কোন নম্বর প্রদান করতে হবে,registrationFees
রি-ইস্যু আবেদন করার জন্য কত টাকা দরকার,reissueStatus
আমার বার্থ রিলেটেড নিবন্ধন এবং এসএসসি দলিল এর ভিন্ন তথ্য রয়েছে,differentAddresses
ন্যাশনাল আইডি কার্ডে মা'র নামের ভুল সংশোধন করতে কী সব প্রমাণপত্র দিতে হবে,nameCorrectionDocuments
টিন নম্বর যোগ বা পরিবর্তন করতে কি ডকুমেন্টস লাগবে,requiredDocuments
রক্তের গ্রুপ সংশোধনের জন্য কি কাগজপত্র লাগবে,bloodGroupCorrection
স্মার্ট কার্ড নেওয়ার কি কোনো ফি দিতে হবে,newVoterFees
হালনাগাদে ভোটার হতে পারিনি তো এখন কি করবো ভোটার হতে,newVoterNoSms
পিতার ঠিকানা আর আমার ঠিকানা ভিন্ন,differentAddresses
আমার কাছে ডিজিটাল জন্ম সনদ নাই,unavailableServices
ভোটার স্থানান্তরের আবেদন অনুমোদিত হলেও,faceVerificationCompleted
প্রয়োজনে আবার যোগাযোগ করুন।,generalQueries
নতুন ভোটারের জন্য আবেদন করেছি কিন্তু এখনো পেন্ডিং,pendingApplications
আমার স্মার্ট কার্ড কোথায় পাবো,smartCardConversion
একটি কার্ডে কয়জ স্ত্রীর নাম থাকা যায়,nameCorrectionDocuments
আপনার টিন নম্বর আপডেট বা নতুন করে যোগ করতে কী কাগজপত্র প্রয়োজন,requiredDocuments
নতুন এনআইডি আবেদন করে দিয়েছি কিন্তু এখনো পেন্ডিং,pendingApplications
একাউন্ট লক হওয়ার পর থেকে আনলক করার জন্য দ্রুত কোন ব্যবস্থা নিতে পারব,accountLocked
একাউন্ট লক হয়ে গেছে এখনি কি আনলক করে দিতে পারবেন,accountLocked
ভোটার নিবন্ধন ভুল হলে এখন কি করণীয়,correctionErrors
আমার বায়োমেট্রিক জমা দেওয়া হয়েছে কানাডার দূতাবাসে,faceVerificationCompleted
ভোটার স্লিপ হারালে এবং তালিকায় নাম না পেলে কার্ড তোলার উপায় কী,receiptLostSolutions
আপনি তো কিছু বললেন না,agentTransferRequest
স্মার্ট কার্ড পাবার জন্য কি কোন খরচ,newVoterFees
স্মার্ট কার্ড পাওয়ার জন্য কি অর্থ দিতে হয়,newVoterFees
সংশোধন হয়ে গেলে নতুন কার্ড কোথা থেকে কালেক্ট করব,websiteErrors
আমার স্মার্ট কার্ডের বর্তমান আইডি জানতে চাই।,smartCardConversion
আর কিছু জানার আছে,applicationFailures
নতুন ভোটারের জন্য আবেদনে শনাক্তকারী কার নাম দিতে হবে,newVoterProcess
ভোটার আবেদন বাতিল হলে সমাধান কিভাবে পাওয়া যাবে,applicationCancelled
আমি আমার প্লাস্টিকের নতুন স্মার্ট কার্ড মুদ্রণ সম্পর্কে জানার জন্য কীভাবে এসএমএস পাঠাতে পারি কোন নম্বরে,smartCardPrintStatus
ভোটার ঠিকানা ট্রান্সফার চলছে,faceVerificationCompleted
আমার কার্ডের জন্য বিদেশ থেকে আবেদন করা হয়েছে,overseasRegistration
কার্ডের তথ্য কিভাবে সংশোধন করা যায়,onlineApplicationProcess
যদি রেজিস্ট্রেশনের পর ওটিপি না আসে তাহলে কই যাব,unavailableServices
আমার আবেদন নাকচ করেছে উপজেলা নির্বাচন অফিস,newVoterNoSms
আইডিতে প্রেজেন্ট এবং পার্মানেন্ট ঠিকানা একসাথে আপডেট করা যাবে,addressUpdateProblems
পুরানো কার্ড হারিয়ে নতুন স্মার্ট কার্ড পাওয়ার পদ্ধতি কী,receiptLostSolutions
ছোট বয়সে এনআইডি করা হলে কবে ভোটার হয়ে যাবে,ageEligibility
ঠিকানা বদলের জন্য কি অনলাইনে আবেদন করা যায়,onlineAddressInquiry
এনআইডি কার্ড হারানো বা নষ্ট হলে কি খরচ হয়,receiptLostSolutions
প্রবাসী এনআইডি আবেদন করার পর এডজুডিকেশন পেন্ডিংঅবস্থায় আছে,pendingApplications
ভোটার স্থানান্তরের অনুমোদন পাওয়া গেছে,faceVerificationCompleted
বাবার নামের সাথে এনআইডি নম্বর চেঞ্জ করতে চাই,nameChangeProcess
আমি ভোটার স্থানান্তর করেছি এখন কি রি-ইস্যুর কাজ করবো,faceVerificationCompleted
আজকের মতো এইটুকু,applicationFailures
জামাইর নামের বানানে ভুল আছে কিভাবে ঠিক করব,nameSpellingCorrection
স্ত্রীর নাম সংশোধন করার জন্য কি কি নথি প্রয়োজন,nameCorrectionDocuments
নতুন ভোটার হয়ে গিয়েছি,newVoterDuplicates
সংশোধন আবেদন বাতিল হলে আবার আবেদন করতে কি টাকা দিতে হবে,applicationCancelled
আইডি লক হওয়ার পর কিভাবে সমাধান করব,accountLocked
কার্ডে বর্তমান ঠিকানা পরিবর্তনের জন্য কোন অফিসে যেতে হবে,addressUpdateProblems
ফিঙ্গারপ্রিন্ট আপডেটের পরেও অবস্থা অপরিবর্তিত,formPrintIssues
আমার বার্থ সার্টিফিকেট এবং এসএসসি সনদে ভিন্ন তথ্য রয়েছে,differentAddresses
জাতীয় পরিচয়পত্রের ঠিকানা পরিবর্তন করতে কি কি জিনিস লাগে,addressUpdateProblems
ফরম নম্বর দিয়ে রেজিষ্ট্রেশন করার পর কেনো আমি কার্ড ডাউনলোড করতে পারছি না,unavailableServices
আমি বাংলাদেশের এনআইডি স্মার্ট কার্ড করতে চাই কি,smartCardConversion
আমার ন্যাশনাল আইডি কার্ড স্মার্ট কার্ড হবে কি,smartCardConversion
নতুন ভোটার নিবন্ধন করেছি,newVoterDuplicates
স্থায়ী ঠিকানা পরিবর্তনের প্রসেসিং টাইম কত,addressChangeTime
টক টু ইউ লেটার,personalStatusChanges
ফিঙ্গারপ্রিন্ট আপডেট করে কিন্তু কাজ এগোচ্ছে না,formPrintIssues
তাহলে এখন উঠি,applicationFailures
প্রবাসী ভাই-বোনেরা জাতীয় পরিচয়পত্র বা ভোটার হওয়ার জন্য কি কি কাজ করতে হবে,newVoterProcess
তথ্য সঠিক দেবার পরেও দেখা যাচ্ছে একাউন্ট এ তালা দেখা যাচ্ছে,passwordErrors
কিভাবে আমার বয়স পরিবর্তন করতে পারি,ageEligibility
আমার কার্ডে আরকেজন এর নাম চলে আসছে,matchFoundErrors
এনআইডি কার্ডে জামাই এর নাম সংশোধন করার জন্য কি কি ডকুমেন্টস লাগবে,nameCorrectionDocuments
আমার স্মার্ট কার্ড পেতে কতদিন লাগবে,smartCardConversion
তথ্য ঠিক করানোর পর নতুন আইডি কার্ড কিভাবে সংগ্রহ করা যায়,websiteErrors
আমি কি আমার নতুন ঠিকানা নথিভুক্ত করার জন্য ইন্টারনেটে আবেদন করতে পারি,onlineAddressInquiry
আপনার স্থায়ী ঠিকানায় উপজেলা দেয়া না থাকলে কি করতে হবে,upazilaFieldEmpty
এনআইডি কার্ড সংশোধন হওয়ার পর পুরনো তথ্য কেন দেখাচ্ছে,onlineApplicationProcess
আমি কি আমার ডিজিটাল ভোটার কার্ড অন্য কাউকে নিতে দিতে পারি,websiteErrors
স্থায়ী ঠিকানা বদলাতে কত টাকা লাগবে,addressChangeFees
সর্বোচ্চ কয়বার একটা কার্ড আপডেট করা যায়,onlineApplicationProcess
বয়স্ক হলে কি স্বয়ংক্রিয়ভাবে ভোটার হই,ageEligibility
সংশোধনের ফি জমা দিয়েছি,correctionFees
নতুন ভোটার আবেদন করার পরেও এডজুডিকেশন পেন্ডিংঅবস্থায় আছি,pendingApplications
ছবি তুলেছি কিন্তু কার্ড এখনও হাতে পাইনি,photoTakenNoCard
বিয়ের পর স্ত্রীর নাম কার্ডে যোগ করতে কি কি কাগজপত্র লাগবে,nameCorrectionDocuments
স্মার্ট কার্ড তুলতে কি কোনো ফি দিতে হয়,newVoterFees
জাতীয় আইডি কার্ডে স্বামী নাম সংশোধনে কি কি ডকুমেন্টস জমা দিতে হবে,nameCorrectionDocuments
স্বামীকে মৃত উল্লেখ করতে চাইলে কি কি সনদ দাখিল করতে হয়,deceasedRelativeInfo
স্মার্ট কার্ড গ্রহণে কি কোনো খরচ আছে,newVoterFees
এম্বাসিতে আবেদন দেওয়ার পর স্মার্ট কার্ড পাবো কীভাবে,smartCardConversion
এনআইডি পোর্টালের এড্রেস জানতে চাই।,onlineServicesInquiry
প্রবাসী এনআইডি নিবন্ধনের পর স্মার্ট কার্ড কিভাবে পাবো,smartCardConversion
কোন ধরণের আবেদন অনলাইনে করা যায় না,onlineServicesInquiry
কার্ড এ টেলিফোন নম্বর আপডেট করার জন্য কি কাগজপত্র লাগে,requiredDocuments
আমার বয়স এইটিন নতুন ভোটার হইয়াও কেন আমার এনআইডি  কার্ড বাতিল হয়েছে,newVoterRejection
আমার পুরোনো কার্ডে জামাইর নাম ছিল,matchFoundErrors
এনআইডি কার্ডে পিতাকে মৃত উল্লেখ করার জন্য কোন সনদ জমা দিতে হবে,deceasedRelativeInfo
ইন্টারনেট ব্যবহার করে আমি অনেক কাজ করতে পারি যার মধ্যে আবেদন করাও অন্তর্ভুক্ত। তবে কি কি ধরনের আবেদন ইন্টারনেটের মাধ্যমে সম্ভব নয় তা জানতে চাই।,onlineServicesInquiry
কার্ডের ভুল তথ্য পরিবর্তন বা ঠিক করার উপায় কি,correctionErrors
নতুন এনআইডি আবেদন করার পরেও পেন্ডিং অবস্থায় থাকলে কি ব্যবস্থা নিতে হবে,pendingApplications
আপনার ঠিকানা পরিবর্তন অনুমোদিত হলে নতুন ঠিকানার কার্ড কোথায় পাবো,addressUpdateProblems
স্থায়ী ঠিকানা পরিবর্তনের জন্য কী ফি প্রযোজ্য,addressChangeFees
এখনো একাউন্ট লক হয়ে আছে,accountLocked
এটা কি জাতীয় পরিচয়পত্র সার্ভিস,generalQueries
কিভাবে আমার ভোটার এলাকা ও নম্বর খুজে পাবো,upazilaFieldEmpty
বিকাশে কিভাবে ক্যাশ ইন করব,correctionFees
আমার সংশোধন আবেদন এর অবস্থা জানতে চাই,correctionApplicationStatus
আমার এনআইডি ফরমে ভুল তথ্য পাঠিয়ে দিয়েছি,correctionErrors
হারানো স্মার্ট কার্ডের জন্য পুনরায় কি নতুন স্মার্ট কার্ড দেওয়া হবে,receiptLostSolutions
ছবিটা পরিষ্কার না,photoTakenNoCard
স্মার্ট কার্ড হারায় গেলে,receiptLostSolutions
পিতার নামের পদবী সংশোধন করার জন্য জাতীয় পরিচয়পত্রে কি কি কাগজপত্র প্রয়োজন,nameCorrectionDocuments
তুমি কি দেখতে কেমন,personalStatusChanges
পার্মানেন্ট ঠিকানায় উপজেলা দেওয়া নাই,upazilaFieldEmpty
ছবি তোলার সময় যে রশিদটি আমি পেয়েছিলাম তা হারিয়ে গেছে,receiptLostDuplicates
ভোটার হওয়ার সময় প্রদত্ত জন্ম সনদ নম্বর পরিবর্তন করতে চাই।,nameChangeProcess
কার্ড এর ওয়েবসাইটে পূর্বের রেজিষ্ট্রেশন থেকে লগ-ইন করা যায় কিভাবে,onlineServicesInquiry
আপনার সময়ের জন্য ধন্যবাদ,chatbotCapabilities
কার্ডে আরেকজনের ছবি দিয়া দিছে কিভাবে সংশোধন করতে হবে,onlineApplicationProcess
অ্যান্ড্রয়েড ফোন ছাড়া এনআইডি ওয়ালেট ডাউনলোড করার কোনো উপায় আছে কি,mobileAppIssues
টিন নম্বর আপডেট করতে কি কি কাগজপত্র লাগে,requiredDocuments
প্রকাশ্যতা নেওয়ার সময় ফটো তোলা হয়েছিল,photoTakenLongAgo
ভোটার হওয়ার সময় প্রদত্ত পাসপোর্ট নম্বর পরিবর্তন করতে চাই।,nameChangeProcess
স্থায়ী ঠিকানায় উপজেলা নাই,upazilaFieldEmpty
আমি এনআইডি সংশোধন সম্পর্কিত কোন ধরনের প্রশ্ন করতে পারি,onlineApplicationProcess
আমার রক্ত গ্রুপ ভুল লেখা হয়েছে এনআইডি কার্ডে,bloodGroupCorrection
ঠিকানা পরিবর্তনের আবেদন করেছি এবং মাসেজ ও আসছে,onlineAddressInquiry
সব ডক ঠিক থাকা সত্ত্বেও আমার আবেদন কেন বাতিল করা হলো,newVoterRejection
আমার পিতার নামের উল্লেখ জাতীয় পরিচয়পত্রে ভুল হয়েছে,nameSpellingCorrection
আমি বাংলাদেশে নেই,applicationFailures
স্বামী নামের বানান ভুল থাকলে কিভাবে সংশোধন করব কি কি প্রমাণ জমা দিতে হবে,nameSpellingCorrection
কত টাকা জমা দিতে হবে সংশোধনের জন্য,correctionFees
আমি দশ ডিজিট আইডি কার্ড পেয়েছি,matchFoundErrors
বিদেশে থাকা অবস্থায় বাংলাদেশি এনআইডি কার্ড কিভাবে করবো,overseasRegistration
কার্ডের ছবি ভালো আসেনি,photoTakenNoCard
কার্ড লক হয়ে গেলে কিভাবে খুলতে হবে,accountLocked
ভুল করে আমার শিক্ষাগত যোগ্যতা বেশি দেখিয়েছি,correctionErrors
স্মার্ট কার্ড সংগ্রহ করার জন্য কোথায় যেতে হবে,smartCardConversion
নাম সংশোধন করতে স্বামীর এনআইডি কার্ডের কি কি ডকুমেন্টস প্রয়োজন,nameCorrectionDocuments
আবেদন জমা দিয়েছি কিন্তু এখন বুঝতে পারছি আরো কিছু কারেকশন দরকার,correctionApplicationStatus
নতুন ভোটারের জন্য আবেদন করেছি,newVoterDuplicates
ভুল করে জীবিত স্ত্রীর নামের পূর্বে মৃত এসেছে,deceasedRelativeInfo
আবেদন বাতিল হওয়ার পর নতুন আবেদনের জন্য পয়সা জমা করতে হবে,applicationCancelled
রক্তের গ্রুপ আপডেট করার নিয়ম কী,bloodGroupCorrection
সংশোধনের জন্য যে আবেদন করেছি সেটা বাতিল করতে কি করতে হবে,applicationCancelled
স্মার্ট বা প্লস্টিকের কার্ড মুদ্রণ হয়েছে কিনা তা কিভাবে ভেরিফাই করবো,smartCardPrintStatus
এনআইডি ওয়ালেট এ ফেস ভেরিফিকেশন সম্পন্ন হয়েছে,faceVerificationCompleted
এনআইডি কার্ডে স্বামী নাম যোগ করার জন্য কি কি কাগজপত্র লাগবে,nameCorrectionDocuments
একজন বাস্তব এজেন্টের সাথে কথা বলতে চাই,generalQueries
কার্ড এর এক সাইড এ আমার তথ্য আসছে,matchFoundErrors
আমি অস্ট্রেলিয়ার হাইকমিশনে বায়োমেট্রিক দিয়েছি,faceVerificationCompleted
অনলাইনে এনআইডি আবেদনের পর দেখলাম কিছু তথ্য ভুল,correctionErrors
নতুন ভোটার হওয়ার পর কাগজ জমা দিতে হবে কি,newVoterProcess
এনআইডি আপডেটের জন্য সনদ দিতে হবে,requiredDocuments
ফি জমা দিতে কোন নম্বর ব্যবহার করবো,registrationFees
ম্যাচ ফাউন্ড দেখতে পেয়েছি,applicationFailures
এই সেবার মাধ্যমে ভোটার আইডি স্ট্যাটাস যাচাই করা সম্ভব,chatbotCapabilities
আমার ভোটার নিবন্ধন এডজুডিকেশন পেন্ডিং,pendingApplications
আমি স্মার্ট কার্ড সংশোধন করতে স্মার্ট কার্ড অপশন সিলেক্ট করলাম,smartCardConversion
ভোটার স্থানান্তর হয়ে গেলে কি রি-ইস্যুর এপ্লিকেশন করতে হবে,reissueStatus
আমার স্বাক্ষর পরিবর্তন করতে হলে কোথায় যেতে হবে,addressUpdateProblems
রিইস্যু আবেদন অনেকদিন আগে করেছি,reissueStatus
একটা ফোন দিয়ে কতবার ভোটার নিবন্ধন করতে পারি,generalQueries
ভোটার এলাকার স্থানান্তরে চেয়ারম্যানের স্বাক্ষর প্রয়োজন,addressUpdateProblems
এই সেবার মাধ্যমে কি ভুল ভোটার আইডি নম্বর সংশোধন করা সম্ভব,correctionErrors
পাসপোর্ট নম্বর যে আমি ভোটার হিসেবে দিয়েছিলাম সেটা এখন এক্সপায়ার্ড,newVoterDuplicates
ভোটার হওয়ার জন্য কোন বয়স প্রয়োজন,ageEligibility
বর্তমান ঠিকানা বদলানোর প্রসেসে কতদিন লাগে,addressChangeTime
আমার বয়স আঠারো অনলাইনে আবেদন দেওয়ার পর কি কি কাগজপত্র জমা দিতে হবে,onlineServicesInquiry
আমি একজন কল সেন্টার এজেন্ট এর সাথে কথা বলতে চাই,generalQueries
নিডি কার্ডে জন্মস্থান ভুল হয়েছে,correctionErrors
কার্ড রিলেটেড কোন বিষয়গুলো অনলাইনের মাধ্যমে ঠিক করা যায় না,onlineApplicationProcess
ভোটার কার্ডে আমার ফোন নম্বর আপডেট করতে চাই,nameChangeProcess
রকেট ব্যবহার করে এনআইডি সংশোধনের ফি কীভাবে জমা দেব,correctionFees
আমার বয়স দুইরকম কার্ডে আর সনদ এ,matchFoundErrors
আপনার মাধ্যমে কি কি তথ্য পাওয়া যাবে,generalQueries
ভোটার হওয়ার জন্য কি কোন শর্টকাট আছে,newVoterProcess
একবার বাতিল হওয়া সংশোধন আবেদন আবার করতে কি টাকা জমা দিতে হবে,applicationCancelled
অনলাইনে এখনো লক দেখাচ্ছে,accountLocked
ম্যাচ ফাউন্ড দেখানোর পর আমি কি করণীয়,generalQueries
ইউটিলিটি বিল না থাকলে ভোটার ঠিকানা পরিবর্তনের কি উপায় আছে,addressUpdateProblems
ঠিকানা সংশোধনের অনলাইন অপশন আছে কি,onlineAddressInquiry
বিদেশি স্বামী বা স্ত্রীর এনআইডি নেওয়ার সুযোগ আছে কি,overseasRegistration
কি কি কাগজপত্র লাগবে জন্মস্থান সংশোধনের জন্য,requiredDocuments
জন্মস্থানের তথ্যে ভুল রয়েছে,correctionErrors
নতুন ভোটার আবেদন পেন্ডিং রয়েছে,pendingApplications
আপডেট করে দিয়েছি ফিঙ্গারপ্রিন্ট কিন্তু এখনো পেন্ডিং,formPrintIssues
ডিভোর্সের পর কীভাবে আমার স্বামীর নাম বাদ দিতে পারি,nameCorrectionDocuments
ভোটার স্লিপ নেই,unavailableServices
আমার এনআইডি কার্ডের জন্য অনলাইনে সংশোধন আবেদন কিভাবে করি,onlineApplicationProcess
প্রবাসী হিসেবে এনআইডি বা ভোটার নিবন্ধন আবেদন জমা দেওয়ার পর এখন কি অবস্থা,overseasRegistration
পুনঃ-ইস্যু করার জন্য কত টাকা দিতে হবে,reissueStatus
এনআইডি অনলাইন পোর্টালে রেজিষ্ট্রেশন করবো কিভাবে,onlineServicesInquiry
এনআইডি রেজিস্ট্রেশনের জন্য কি দ্বৈত নাগরিকত্ব আবশ্যক,dualCitizenship
আইড লক হয়েছে কার সাথে যোগাযোগ করতে হবে,accountLocked
আমি বহুদিন আগে ভোটার হওয়ার জন্য ছবি তুলেছি কিন্তু এখনো কোনো খবর পাইনি। এনআইডি নাম্বার পাবো কীভাবে,photoTakenNoCard
আমি কি স্মার্ট এনআইডি কার্ডের জন্য আবেদন করতে পারি,smartCardConversion
বিকাশ অ্যাপে টাকা জমা দেয়ার নিয়ম কি,correctionFees
এই সেবা কি এনআইডি যাচাইয়ে সাহায্য করতে পারে,chatbotCapabilities
জাতীয় পরিচয়পত্রে স্বামী নাম সংশোধনের জন্য কি কি কাগজপত্র প্রয়োজন,nameCorrectionDocuments
ভোটার কার্ড পাবার জন্য কতদিন লাগবে,websiteErrors
কি করবো আমি যখন আমার এনআইডি কার্ড এর নাম বা ঠিকানা বা বাবার নাম বা স্ত্রীর নাম সংশোধনের জন্য আবেদন করেছি,nameCorrectionDocuments
কার্ড এর স্বামীর বা স্ত্রীর নাম এর জায়গায় আমার জামাইর বা বউ এর নাম মৃত লেখা থাকে তাহলে ঠিক করবো কেমনে,deceasedRelativeInfo
আমার কার্ড তালা লেগে গেছে,matchFoundErrors
আমি আইডি কার্ডে স্বামীর নাম পেতে চাচ্ছি,nameCorrectionDocuments
ভুল করে দুইবার ভোটার নিবন্ধন হয়ে গেছে,correctionErrors
কি ধরনের আবেদন করা যাবে না,unavailableServices
কার্ডে উল্লেখিত বয়স ঠিক করতে কি করা লাগবে,ageEligibility
ওয়ালেট এপ্লিকেশন এ ফেস ভেরিফিকেশন সাকসেস হচ্ছে না,unavailableServices
ভোটার এলাকার তথ্য পরিবর্তন করার জন্য কোথা থেকে সংগ্রহ করবো,addressUpdateProblems
আমার এনআইডি কার্ডে পিতার নামের বানানে ভুল রয়েছে,nameSpellingCorrection
আমি এম্বাসী বা দূতাবাসে এনআইডি বা ভোটার নিবন্ধন আবেদন জমা দিয়েছি,overseasRegistration
নতুন ভোটার আবেদন করে দিয়েছি কিন্তু এখনো এডজুডিকেশন পেন্ডিং,pendingApplications
আমার নতুন ঠিকানায় এনআইডি আপডেট করার পদ্ধতি কী,addressUpdateProblems
আমি বাংলাদেশের বাইরে আছি। আমি কি এনআইডি কার্ডের জন্য আবেদন করতে পারি,overseasRegistration
কিউআর কোড পাওয়ার পর কি ধাপ নেওয়া উচিত,generalQueries
নতুন এনআইডি আবেদন করে দিয়েছি কিন্তু পেন্ডিং অবস্থায়,pendingApplications
কার্ড সংশোধন দ্রুত করতে কি কোনো ফি আছে,onlineApplicationProcess
আমি বিভিন্ন ধরনের আবেদন ইন্টারনেটের মাধ্যমে করতে চাই। কিন্তু কি কি বিষয়ে ইন্টারনেটে আবেদন করা যাবে না তা জানতে আগ্রহী।,onlineServicesInquiry
বর্তমান ঠিকানায় ভোটার হওয়ার জন্য কী পদক্ষেপ নিতে হবে,newVoterProcess
কার্ড হারিয়ে গেলে নতুন পাইতে কি কোন টাকা দিতে হবে,receiptLostSolutions
অনলাইনে কি কি আবেদন করা যায় না,onlineServicesInquiry
ওয়েবপোর্টালে কি কি সেবা প্রদান করা হয় না এনআইডির জন্য,onlineServicesInquiry
আমি কল সেন্টারে কথা বলতে চাই,generalQueries
অনলাইন আইডি পোর্টাল লক হয়ে গেছে,accountLocked
কার্ড রি-ইস্যুর জন্য কি কি ডক লাগবে,reissueStatus
স্বামীর ভোটার আইডি নম্বর আপডেট করতে চাই।,nameChangeProcess
কার্ড এর ছবি আমার কিন্তু সব তথ্য আরেকজন এর কি করতে পারি এইটা নিয়ে,photoTakenNoCard
নতুন ভোটার আইডির ফর্মে শনাক্তকারী কে,newVoterProcess
আমার ভোটার নিবন্ধনের জন্য আবেদন করেছি,newVoterDuplicates
আমার সংশোধন আবেদনের ক্যাটাগরি এখনো কনফার্ম হচ্ছে না,correctionApplicationStatus
কোন কোন দেশে এনআইডি বা ভোটার নিবন্ধন করা অসম্ভব,overseasRegistration
রিইস্যু এর আবেদন বহুদিন আগে করেছি,reissueStatus
আমার কার্ড এর পিছনে উপজেলা নাই,upazilaFieldEmpty
একটি তথ্য একাধিকবার সংশোধন করা যেতে পারে কি,onlineApplicationProcess
কিভাবে আমি আমার নতুন এনআইডি পোর্টালে সংশোধন করতে পারি,onlineApplicationProcess
আমার এলাকায় কার্ড বিতরণ হয়েছে,matchFoundErrors
এনআইডি কার্ড সংশোধনের পর নতুন কার্ড পাব কোথা থেকে,websiteErrors
কার্ডের ভুল তথ্য সংশোধন করার জন্য কি প্রক্রিয়া,correctionErrors
আমার জন্ম জুলাই মাসে কার্ডে আগস্ট আসছে কিভাবে ঠিক করা যায় এটা,matchFoundErrors
পুরানো আইডি কার্ডের নম্বরের বদলে এখন দশ ডিজিট আইডি কার্ড আছে,matchFoundErrors
আমার বাবা বেচে নেই,deceasedRelativeInfo
এনআইডি কার্ডের ভোটার এলাকা পরিবর্তন অনলাইনে করা সম্ভব কি,onlineAddressInquiry
বিকাশে টাকা জমা দিতে কোন পদ্ধতি অনুসরণ করতে হবে,correctionFees
দ্বৈত নাগরিকত্ব সনদের জন্য কোথায় যোগাযোগ করতে হবে,dualCitizenship
আমার ভোটার এলাকা পরিবর্তন করে ভোটার হতে কি সমস্যা হবে,upazilaFieldEmpty
কি ধরনের আবেদন করা সম্ভব,onlineServicesInquiry
স্বামীর জাতীয় পরিচয়পত্রের নাম্বার কি করে পরিবর্তন করবো,nameChangeProcess
এম্বাসীতে আবেদন দেওয়ার পর আমার আবেদন কেনো Reject হয়ে গেল,newVoterRejection
পাসপোর্টের মেয়াদ শেষ হয়ে গেলে বিদেশে বা প্রবাসে থাকা অবস্থায় এনআইডি নিবন্ধন করা সম্ভব কি,overseasRegistration
স্ত্রীর নাম ভুল হয়েছে,nameSpellingCorrection
রি-ইস্যু করতে কত মানি জমা দিতে হবে,reissueStatus
নতুন ভোটার আবেদন বাতিল হলে সমাধান কিভাবে হবে,applicationCancelled
আমার ডিজিটাল যে কার্ড বা স্মার্ট কার্ড হারিয়ে গেছে,receiptLostSolutions
রি-ইস্যু আবেদন ফি জমা দেওয়ার পরও কেন আমাকে পুনরায় ফি জমা দিতে হচ্ছে,reissueStatus
নতুন এনআইডি আবেদন করে দিলাম কিন্তু এডজুডিকেশন পেন্ডিংকেনো,pendingApplications
ফি জমা করতে কোন নম্বর লাগবে,registrationFees
তাড়াতাড়ি ভোটার হওয়ার জন্য কি কোন ব্যবস্থা রয়েছে,newVoterProcess
নিড কার্ডে পাসপোর্ট নম্বর আপডেট করতে কি ডকুমেন্ট লাগে,requiredDocuments
বাংলাদেশে আমি ভোটার তালিকায় আছি,newVoterDuplicates
অনলাইনে আবেদন করা হয়েছে,onlineServicesInquiry
আমি স্বামীর জাতীয় পরিচয়পত্র নাম্বার বদলাতে চাই।,nameChangeProcess
আমার মোবাইল (019XXXXXXXX) নাম্বার দিয়ে ভোটার কার্ড নিবন্ধন কতবার করা যাবে,generalQueries
আপনি কীভাবে সাহায্য করতে পারেন,generalQueries
ভোটার ট্রান্সফার প্রসেসে আছে,faceVerificationCompleted
আরেকটু স্পষ্ট করে বলুন,agentTransferRequest
বিদেশে বসবাসকারী বাংলাদেশিরা জাতীয় পরিচয়পত্র বা ভোটার নিবন্ধনের জন্য কি করবেন,overseasRegistration
প্রবাসী এনআইডি বা ভোটার নিবন্ধন আবেদন এখনও এডজুডিকেশন পেন্ডিংঅবস্থায় আছে,pendingApplications
আমার কার্ডে ভুল তথ্য আছে,correctionErrors
রি-ইস্যু আবেদনের পর কতদিনে কার্ড আসে,reissueStatus
ভোটার স্থানান্তর করে ফেলেছি,faceVerificationCompleted
নতুন ঠিকানা অন্তর্ভুক্ত করার জন্য জাতীয় পরিচয়পত্রে কি কি লাগবে,addressUpdateProblems
এনআইডি কার্ডে ভুল নাম এসেছে,correctionErrors
প্রবাসী এনআইডি বা ভোটার নিবন্ধনের জন্য এম্বাসীতে আবেদন জমা দিয়ে এসেছি। এনআইডি কার্ড কবে পাবো,overseasRegistration
আই ফোন ব্যবহার করলে কার্ড এর অ্যাপ কোথায় পাব,mobileAppIssues
ভাল সেবা পেয়েছি,personalStatusChanges
দূতাবাসে আবেদন দিয়েছি তো,overseasRegistration
স্থায়ী ঠিকানা সংশোধনের আবেদন কি অনলাইনে করা যাবে,onlineAddressInquiry
আমি বিদেশি হিসেবে ভোটার নিবন্ধনের আবেদন করেছি,overseasRegistration
কীভাবে এনআইডির ছবি পরিবর্তন করা যায়,onlineApplicationProcess
সব বুঝে গেছি,applicationFailures
বিদেশ থেকে এনআইডি বা ভোটার নিবন্ধন করতে পাসপোর্টের মেয়াদ কতটা গুরুত্বপূর্ণ,overseasRegistration
এনআইডি কার্ডের জন্মস্থান সংশোধন করতে কি কি লাগবে,onlineApplicationProcess
স্থায়ী ঠিকানা সংশোধন করতে কোন ওয়েবসাইটে যেতে হবে,onlineAddressInquiry
আমার এনআইডি কার্ড সংশোধনের আবেদন ক্যানসেল হয়ে গেছে,newVoterRejection
সংশোধনের আবেদন করতে কত টাকা চার্জ লাগবে,correctionFees
কেউ আছেন এখানে,applicationFailures
ন্যাশনাল আইডি কার্ডে মায়ের নামে ভুল সংশোধনের জন্য কি কি কাগজপত্র দরকার,nameCorrectionDocuments
আমি কয়বার কার্ডের তথ্য ঠিক করতে পারব,onlineApplicationProcess
বাতিল হওয়া সংশোধন আবেদনের জন্য পুনরায় টাকা জমা দিতে হবে কি,applicationCancelled
ফিঙ্গারপ্রিন্টের সমস্যা হলে কি সমাধান করা যায়,formPrintIssues
দূতাবাসে ভোটার নিবন্ধন করতে হলে কি কি কাগজপত্র লাগে,newVoterProcess
একবার সংশোধন আবেদন বাতিল করা হলে পুনরায় আবেদন করতে কি আবার ফি জমা দিতে হবে,applicationCancelled
ব্লাড গ্রুপ আপডেট করার প্রক্রিয়া কী,bloodGroupCorrection
মায়ের নামের সংশোধনের জন্য বাংলাদেশের এনআইডিতে কি কি ডকুমেন্টস লাগে,nameCorrectionDocuments
আমি মুসলিম আমার বিয়ে ভেঙ্গে গেছে এখন স্বামীর নাম কার্ড থেকে কীভাবে বাদ দেওয়া যাবে,nameCorrectionDocuments
নতুন এনআইডি আবেদন করার পরেও এডজুডিকেশন পেন্ডিংকেন,pendingApplications
এনআইডি কার্ডে স্ত্রীর নাম বদলাতে কি কি কাগজপত্র প্রয়োজন,nameCorrectionDocuments
টাকা জমা দেওয়ার পর ওয়ালেট এ জমার পরিমাণ শূন্য দেখাচ্ছে,unavailableServices
ফেস ভেরিফিকেশন কমপ্লিট করার পরেও নেক্সট ধাপ লোড হচ্ছে না,unavailableServices
সংশোধন আবেদন স্লিপ হারিয়ে ফেললে কি পুনরায় আবেদন করতে হবে,applicationCancelled
কীভাবে অনলাইনে কার্ড পোর্টালে সংশোধন আবেদন করতে হয়,onlineApplicationProcess
নিজ নামে ইউটিলিটি বিল (পানি,generalQueries
স্বামীর সাথে তালাক হয়েছে,nameCorrectionDocuments
আমার স্মার্ট কার্ড প্রিন্ট হয়েছে কিনা কনফার্ম করবো কিভাবে,smartCardPrintStatus
নতুন এনআইডি কার্ডে পিতার নামে ভুল সংশোধন করতে কি ডকুমেন্টস লাগবে,nameSpellingCorrection
কার্ডে চারজন স্ত্রীর নাম লেখা যায়,nameCorrectionDocuments
এসএসসি সনদ জমা দিতে বলা হয়েছে,generalQueries
নিজের বাড়ি না থাকলে আমি কি ভোটার হতে পারি,upazilaFieldEmpty
নতুন ভোটার কার্ড পাওয়ার খরচ কত,newVoterFees
কার্ড সংশোধনের আবেদন পাঠানোর পর আমাকে কি করতে হবে,onlineApplicationProcess
ডিজিটাল ভোটার কার্ড অন্য কেউ কি পেতে পারে,websiteErrors
প্রবাসে থাকলে কি ভোটার নিবন্ধন করা যায়,overseasRegistration
কী কারণে স্মার্ট কার্ড প্রিন্ট নাও হতে পারে,smartCardPrintStatus
কার্ডে আরেকজন এর তথ্য আসছে কিন্তু ছবি আমার এখন এইটা কিভবে ঠিক করানো যাবে,photoTakenNoCard
আমি সংশোধন আবেদন করেছি,correctionApplicationStatus
জি-ডি করে কি কার্ড রি-ইস্যুর জন্য ডকুমেন্টস জমা দিতে হবে,reissueStatus
প্রবাসী হওয়ার কারণে আমার এনআইডি আবেদন এডজুডিকেশন পেন্ডিং,pendingApplications
আমার আগের ঠিকানায় ভোটার ছিলাম,newVoterDuplicates
ভোটার স্লিপ হারিয়েছি,receiptLostDuplicates
ফিঙ্গারপ্রিন্ট আপডেট করে কাজ হচ্ছে না,formPrintIssues
উপজেলা নির্বাচন অফিস আমার নতুন ভোটারের আবেদন জমা নিচ্ছে না,newVoterNoSms
প্রাপ্তি রশিদ হারিয়ে গেলে কি আর কার্ড পাওয়া যাবে,receiptLostSolutions
বর্তমান ঠিকানা সংশোধনের প্রক্রিয়া কতদিনে শেষ হয়,addressChangeTime
এনআইডি কার্ড সংশোধন করার জন্য টাকা জমা দেওয়ার নিয়ম কি,correctionFees
এডজুডিকেশন পেন্ডিংঅবস্থায় আছি,pendingApplications
আবেদন বাতিল হয়ে গেছে,applicationCancelled
ফরেইন এ থাকি জন্য এনআইডি বা ভোটার নিবন্ধন করার প্রক্রিয়া কী,newVoterProcess
আমি কি আমার জাতীয় পরিচয়পত্র স্মার্ট কার্ডে রূপান্তর করতে পারি,smartCardConversion
এনআইডি কার্ডের স্থায়ী ঠিকানা সংশোধনের জন্য কি কি কাগজপত্র জমা দিতে হবে,addressUpdateProblems
ভোটার হওয়ার জন্য দ্রুততার কোন ব্যবস্থা আছে,newVoterProcess
আমার সংশোধনের কি অবস্থা কিছু বলতে পারেন,correctionApplicationStatus
দূতাবাসে আবেদন দেওয়ার পর স্মার্ট কার্ড কিভাবে সংগ্রহ করা যাবে,smartCardConversion
পিতার মা’র বাংলাদেশের জাতীর পরিচয়পত্র না থাকলে কি ভোটার হতে পারি,newVoterProcess
কার্ড এ বর্তমান এবং গ্রামের বাড়ির ঠিকানা একই সাথে কি আপডেট করা যাবে,addressUpdateProblems
সংশোধনের আবেদন করতে কী পরিমাণ ফি লাগবে,correctionFees
এইটাই তো জানতে চাচ্ছিলাম,applicationFailures
ন্যাশনাল আইডির ছবি তোলার প্রমাণপত্র হারিয়ে গেছে,receiptLostDuplicates
ফিঙ্গারপ্রিন্ট দিয়ে তথ্য আসছে না,formPrintIssues
আমি সংশোধনের আবেদন বাতিল করতে চাই,applicationCancelled
অনলাইনে আবেদনের ফর্ম প্রিন্ট করার সময় ফন্টে গন্ডগোল হচ্ছে,formPrintIssues
আমি স্থায়ী ঠিকানায় ভোটার,newVoterDuplicates
জন্ম সনদ জমা দিতে হবে কিন্তু আমার টা নন ডিজিটাল,unavailableServices
এজেন্ট কে ট্রান্সফার করুন,agentTransferRequest
ফিঙ্গারপ্রিন্ট দেওয়ার পরও সিমে তথ্য না আসলে কি করতে হবে,formPrintIssues
নতুন এনআইডি বা ভোটার আবেদন করেছিলাম কিন্তু এখনো এডজুডিকেশন পেন্ডিংঅবস্থায় আছে। কি করনীয়,pendingApplications
জাতীয় পরিচয়পত্রে মা'র নাম সংশোধন করতে কি কি ডকুমেন্টস লাগবে,nameCorrectionDocuments
ছবি তুলেছি অনেক বছর আগে এখনো আইডি কার্ড পাইনি,photoTakenNoCard
পাসওয়ার্ড ঠিক নাই দেখায় কি করি,passwordErrors
আমি আমার এনআইডি কার্ডের স্থায়ী ঠিকানা পরিবর্তন করতে চাই,addressUpdateProblems
অনলাইন পোর্টালে রেজিষ্ট্রেশন করবো কিভাবে,onlineServicesInquiry
আপনার নাম কি,chatbotCapabilities
কার্ডের ছবি বোঝা যাচ্ছে না,photoTakenNoCard
কিভাবে আমি কার্ডে আমার রক্তের গ্রুপের তথ্য আপডেট করব,bloodGroupCorrection
ভোটার হওয়ার পূর্ব শর্ত কী কী,newVoterProcess
দূতাবাসে প্রবাসী ভোটার নিবন্ধন আবেদন করার পর কেনো Reject হল,newVoterRejection
আমার কার্ড এ স্ত্রীর নাম ভুল আছে এইটা কিভাবে ঠিক করা যাবে,nameSpellingCorrection
ফিঙ্গারপ্রিন্ট আপডেট করতে দিয়ে ধীর্ঘদিন হলো কিন্তু এখনো হচ্ছে না বা এডজুডিকেশন পেন্ডিংঅবস্থায় আছে। কি করনীয়,formPrintIssues
একবার লক হয়ে একাউন্ট কত ঘন্টা পর খুলে,accountLocked
এনআইডি বা ভোটার আবেদন পেন্ডিং অবস্থায় থাকলে কি করতে হবে,pendingApplications
আমি ফটো দিয়েছি কিন্তু কোনো এসএমএস পাইনি,photoTakenNoCard
ঠিকানা পরিবর্তন করতে আমার আগের ভোটার এলাকার ডেটা কোথায় পাবো,addressUpdateProblems
আমার এনআইডি একাউন্ট লক হয়ে গেছে,accountLocked
কার্ড এর অনলাইন পোর্টালে পূর্বে রেজিষ্ট্রেশন করেছিলাম,onlineServicesInquiry
কার্ডে পেশার তথ্য ঠিক করতে কী করণীয়,onlineApplicationProcess
নব ভোটারের আবেদনে শনাক্তকারী কে হবে,newVoterProcess
এনআইডি একাউন্ট এখনো লক দেখায়,accountLocked
আমি আমার জন্ম সনদে নম্বর পরিবর্তন করতে চাই,nameChangeProcess
আমার আবেদন বাতিল হয়েছে,newVoterRejection
স্থায়ী ঠিকানা পরিবর্তন করতে কি কোন ফি দিতে হবে,addressChangeFees
রকেট দিয়ে কিভাবে এনআইডি সংশোধনের ফি পরিশোধ করবো,correctionFees
এই সেবার মাধ্যমে কি ভুল এনআইডি নম্বর সংশোধন করা সম্ভব,correctionErrors
নতুন ভোটারের জন্য আবেদন জমা দিতে গেলে উপজেলা অফিস নিচ্ছে না কেন,newVoterNoSms
স্মার্ট কার্ড বা প্রিন্টিংয়ের সমস্যা কী হতে পারে,smartCardPrintStatus
প্রবাসীদের জন্য ভোটার আইডি কার্ড বা ন্যাশনাল আইডি কার্ড করার জন্য কি কি করতে হবে,newVoterProcess
ভোটার ঠিকানা স্থানান্তরে চেয়ারম্যান বা কাউন্সিলর কার স্বাক্ষর লাগবে,addressUpdateProblems
অনলাইনে কার্ড সংশোধনের জন্য আবেদন করেছি,onlineApplicationProcess
কোন নাম্বারে এসএমএস করলে আমি আমার স্মার্ট কার্ডের বর্তমান অবস্থা জানতে পারবো,smartCardConversion
আমার এনআইডি আবেদন দূতাবাসে জমা দেওয়ার পর কেনো Reject হয়ে গেল,newVoterRejection
ভোটার হিসেবে নতুন নিবন্ধিত হয়েছি আমার নরমাল কার্ড পাইছি,newVoterDuplicates
নতুন ভোটার অ্যাপ্লিকেশন বাতিল হওয়ায় আমি কি করতে পারি,applicationCancelled
জাতীয় পরিচয়পত্র নষ্ট হয়ে গেছে,receiptLostDuplicates
ঠিকানা বদলের জন্য ফি কত,addressChangeFees
প্রবাসে বা বিদেশে এনআইডি  আবেদন করে কত দিনে কার্ড পাবো,overseasRegistration
এই সেবার মাধ্যমে আমি কীভাবে হারানো এনআইডি কার্ডের জন্য আবেদন করতে পারি,receiptLostSolutions
আমার শিশুর জন্ম সনদ নম্বর সংশোধন করতে কি লাগবে,requiredDocuments
তোমার মোবাইল নাম্বার দিবা,generalQueries
আপনি কি অনলাইনে ঠিকানা পরিবর্তন করতে পারবেন,onlineAddressInquiry
আইডির ভোটার এলাকা কি ইন্টার নেট এ বদল করা যাবে,onlineAddressInquiry
ছবি তোলার দিন প্রাপ্ত রশিদটি হারিয়ে ফেলেছি,receiptLostDuplicates
টেকনিক্যাল টিমের কারো সাথে কথা বলতে চাই,generalQueries
আমার স্বাক্ষর বদলাতে হবে কিন্তু মাস খানেক হয়ে গেল,correctionApplicationStatus
কার্ড এর ওয়েব পোর্টালে রেজিষ্ট্রেশন করতে কিভাবে,onlineServicesInquiry
ছবি তুলেছি অনেক আগে স্লিপ হারিয়ে ফেলেছি,receiptLostDuplicates
নতুন কার্ড পেতে প্রাপ্তি রশিদ কি জরুরি,websiteErrors
ওয়েব পোর্টাল এ লেখা আসতেছে,onlineServicesInquiry
এসএসসি সনদ চেয়েছে,generalQueries
এড্রেস পরিবর্তন করার জন্য আবেদন করা হয়েছে,onlineAddressInquiry
বাসা বদলের পর কার্ড এ ঠিকানা আপডেট করতে কি ফি দিতে হয়,addressChangeFees
আমি যেহেতু বিদেশে থাকি তাই জাতীয় পরিচয়পত্র কিংবা ভোটার নিবন্ধনের জন্য কী করণীয়,overseasRegistration
পাসপোর্টের মেয়াদ শেষ,matchFoundErrors
আমার এনআইডি কার্ড প্রিন্ট হয়েছে কিনা দেখতে হবে কিভাবে,smartCardPrintStatus
স্মার্ট কার্ড পাবার জন্য কত টাকা লাগবে,newVoterFees
আমার অ্যান্ড্রয়েড ফোন নাই,mobileAppIssues
আমি বংলাদেশের বাইরে থাকি তাই জাতীয় পরিচয়পত্র বা ভোটার কার্ড নিবন্ধনের জন্য কি করণীয় আছে,overseasRegistration
কার্ডে মোবাইল নম্বর সংযোজনের জন্য কি লাগবে,requiredDocuments
এই চ্যাটবট কি আমাকে ভোটার আইডি আপডেট স্ট্যাটাস সম্পর্কে নির্দেশনা দিতে পারে,chatbotCapabilities
তেমন কিছু জানতে চাইনি,applicationFailures
আমি ফি জমা দিয়েছি সংশোধনের জন্য,correctionFees
পাসপোর্টের নম্বর সংশোধন করতে কি কি কাগজপত্র জমা দিতে হবে,requiredDocuments
আমার জাতীয় পরিচয়পত্রের জন্য বিদেশে ফটো নিয়েছিলাম,photoTakenLongAgo
কোথায় গিয়ে স্মার্ট কার্ডের মুদ্রণ অবস্থা জানব,smartCardPrintStatus
আমি কার্ডের তথ্য সংশোধন করে ডাউনলোড করেছি কিন্তু আগের তথ্যই আছে,onlineApplicationProcess
আমার তালাক হয়ে গেছে,applicationFailures
যদি সংশোধন আবেদন বাতিল হয়,applicationCancelled
নতুন একাউন্ট তৈরির পর কিউআর কোড পেয়েছি,generalQueries
এনআইডি সংশোধনের পর কার্ড ডাউনলোড করতে পারছি না,onlineApplicationProcess
আমার ঠিকানা এবং আব্বার ঠিকানা ভিন্ন হলে ভোটার হতে কি কোনো সমস্যা হবে,differentAddresses
সংশোধনের জন্য টাকা জমা দেয়ার পদ্ধতি কি,correctionFees
ভোটার হবার পিকচার তুলছি এবং রশিদ হারানোর পর এখন বিপদে আছি এনআইডি কার্ডের জন্য কি করণীয়,websiteErrors
আমি ইউটিলিটি বিলের কপি না থাকার কারণে ভোটার ঠিকানা পরিবর্তন করতে পারবো না,addressUpdateProblems
অনলাইনে নিবন্ধন আবেদন করেছি,onlineServicesInquiry
স্লিপ ও তালিকা দুটোতেই নেই,unavailableServices
জাতীয় পরিচয়পত্র সংক্রান্ত কোন কোন বিষয়ে আপনি জানেন,newVoterProcess
বাংলাদেশের বাইরে থেকে এনআইডি কার্ড বা ভোটার তালিকায় নাম যোগ করার পদ্ধতি কি,overseasRegistration
কার্ড প্রিন্টিং সম্পর্কে কি কিছু আপডেট পাবো কীভাবে,smartCardPrintStatus
আমার আইডি কার্ডে দুইজন বউয়ের নাম যোগ করা যাবে কি,nameCorrectionDocuments
ইন্টারনেট এর কার্ড সংশোধনের ওয়ে সম্পর্কে জানতে চাই,onlineApplicationProcess
আর্জেন্ট রিইসযু আবেদন করেছিলাম  কর্মদিবস শেষ হয়ে গেছে অনেক আগেই,reissueStatus
এখন আর কিছু দরকার নেই,applicationFailures
আমার জন্ম সনদের নম্বরটা ভোটার হওয়ার সময় দিয়েছিলাম,newVoterDuplicates
নতুন আইডি কার্ড সংগ্রহ করার জন্য কি করতে হবে সংশোধনের পর,websiteErrors
এনআইডি কার্ড এ তথ্য ভুল সংশোধন আবেদন জমা দেয়ার পর যদি আরো কিছু সংশোধন করা প্রয়োজন হয়,correctionErrors
আন্তিল নেক্সট টাইম,generalQueries
ঠিকানা বদলাতে চাই,onlineAddressInquiry
ফি জমা দিয়ে আবেদন না করলে টাকা ফেরত পাওয়ার পদ্ধতি কী,registrationFees
মোবাইল নম্বর বদলাতে জাতীয় পরিচয়পত্রের জন্য কি সনদ লাগবে,requiredDocuments
ফর্ম এন আইডি এফ এন নম্বর দিয়ে রেজিষ্ট্রেশন করতে পারছি না।,unavailableServices
কীভাবে স্বাক্ষর বদলানো যায়,nameChangeProcess
আমার ন্যাশনাল আইডি আবেদনে কিছু তথ্য ভুল হয়েছে,correctionErrors
দ্বিতীয়বার ভোটার নিবন্ধিত হয়ে গেছে। কীভাবে ঠিক করবো,correctionErrors
অ্যান্ড্রয়েড ছাড়া এনআইডি ওয়ালেট ইনস্টল করার বিকল্প আছে কি,mobileAppIssues
জাতীয় পরিচয়পত্রে মোবাইল নম্বর আপডেট করতে কি কাগজপত্র লাগে,requiredDocuments
এনআইডি ওয়ালেট অ্যাপ কি আইফোনে পাওয়া যাবে,mobileAppIssues
একাধিক বার ভোটার হয়ে যাওয়ার পর কি করতে হবে,newVoterProcess
পাসপোর্টের ডেট শেষ হলে কি এনআইডি আবেদন করা যাবে,overseasRegistration
এনআইডি রিইস্যুর সময়সীমা কতদিন,reissueStatus
এনআইডি বানাতে কি দ্বৈত নাগরিকত্ব থাকতে হবে,dualCitizenship
আমার স্মার্ট কার্ড কেন প্রিন্ট হচ্ছে না,smartCardPrintStatus
এম্বাসীতে আবেদন জমা দেওয়ার পর কেনো আমার আবেদন প্রত্যাখ্যাত হয়েছে,newVoterRejection
এনআইডি তে ভুল তথ্য গেলে কীভাবে ঠিক করা যাবে,correctionErrors
স্মার্ট কার্ড হারিয়ে গিয়েছে,receiptLostSolutions
ফিস জমা দিতে কোন নম্বর সতেরো ডিজিট ব্যবহার করবো,registrationFees
অফিসে সাহায্য না পেয়ে,newVoterNoSms
আমার ছবি তোলার পর অনেক সময় পেরিয়ে গেছে,photoTakenLongAgo
ফিঙ্গারপ্রিন্ট আপডেট করতে অনেক দিন হয়েছে,formPrintIssues
কার্ডের তথ্য কিভাবে ঠিক করা যাবে,correctionErrors
বিকাশে কিভাবে আমার একাউন্টে টাকা জমা করবো,correctionFees
আমার এনআইডি অ্যাকাউন্ট খুলতে গিয়ে লক হয়ে গেছে,accountLocked
সংশোধনের পর অ্যানআইডি কার্ড ডাউনলোড করার কোনো উপায় নেই।,onlineApplicationProcess
ভোটার এলাকা স্থানান্তরের জন্য কি কাগজ লাগে,addressUpdateProblems
ভুল করে ভোটার হওয়া পর কি সমাধান করতে হবে,correctionErrors
কার্ড লক হয়ে গেলে কিভাবে সেটি খুলে ফেলা যায়,accountLocked
আমার বাসস্থান বদলাতে ন্যাশনাল আইডেন্টিটি কার্ডের জন্য কি কি প্রমাণপত্র লাগবে,addressUpdateProblems
স্থায়ী ঠিকানা সংশোধন করার পর কবে আপডেট হবে,addressChangeTime
এনআইডি কার্ড হারিয়ে গেছে,receiptLostSolutions
আমি বিদেশে ছবি তুলেছিলাম,photoTakenLongAgo
কি ভাবে ইন্টারনেটে ভোটার এলাকা বদলাতে পারি,onlineAddressInquiry
এনআইডি কার্ডের জন্য কোন দেশের ক্ষেত্রে দ্বৈত নাগরিকত্ব প্রয়োজন হয় না,dualCitizenship
কার্ড রি-ইস্যু করার জন্য অ্যাপ্লাই করেছি কিন্তু দেরী কেন,reissueStatus
এখন যেখানে থাকি সেই ঠিকানা ও গ্রামের বাড়ির ঠিকানা একসাথে চেঞ্জ করার জন্য কি আবেদন করতে পারি,onlineAddressInquiry
আমার এনআইডি কার্ড সংশোধনের জন্য আগে আমি আবেদন করেছিলাম কিন্তু কিছু কারণে সেটি বাতিল হয়ে গেছে। এখন আমি আবার নতুন আবেদন করতে যাচ্ছি। কিন্তু এই নতুন আবেদনের জন্য কত টাকা লাগবে তা জানতে চাই।,onlineApplicationProcess
নতুন ভোটার হয়েছি,newVoterDuplicates
এনআইডি কার্ডে স্বামী নাম সংশোধন করার জন্য কি কি কাগজপত্র প্রয়োজন,nameCorrectionDocuments
নব ভোটার হওয়ার জন্য এপ্লাই ফরমে শনাক্তকারী কে হবে,newVoterProcess
কি আমি ইন্টারনেটে আমার ঠিকানা বদলের জন্য আবেদন করতে পারি,onlineAddressInquiry
আপনার থেকে কি তথ্য পাওয়া যাবে,generalQueries
রি-ইস্যু আবেদন করার জন্য ফি কত,reissueStatus
এনআইডির জন্য ওয়েবপোর্টালে কি কি সেবা দেয়া হয়,onlineServicesInquiry
কার্ডের ভুল সংশোধন করার জন্য কী করা উচিত,correctionErrors
আপনার টিন নম্বরে সংশোধন করতে কী কী নথি প্রয়োজন,requiredDocuments
নতুন এনআইডি কার্ড কিভাবে নিতে হবে,websiteErrors
আমি ছবি তুলেছি কিন্তু কোনো খবর বা মেসেজ পাইনি,photoTakenNoCard
আমার আইডি কার্ড এর ছবি অস্পষ্ট,photoTakenNoCard
জাতীয় পরিচয়পত্রের ক্ষতিগ্রস্ত অংশের জন্য কি করতে হবে,reissueStatus
পিতা বা মাতাকে মৃত উল্লেখ করতে চাইলে কি সার্টিফিকেট জমা দিতে হবে,deceasedRelativeInfo
পিতাকে মৃত উল্লেখ করতে চাইলে কি কি সনদ দাখিল করতে হয়,deceasedRelativeInfo
ফি জমা দেয়ার জন্য কোন নম্বর ব্যবহার করি,registrationFees
পাশ না করেও আমার কার্ডে এসএসসি বা তদুর্ধ্ব শিক্ষাগত যোগ্যতা দেখানো হয়েছে,matchFoundErrors
ন্যাশনাল আইডি কার্ডে পাসপোর্ট নম্বর যোগ করতে কি কি দলিল লাগবে,requiredDocuments
আমার স্বামীর জাতীয় পরিচয়পত্রের নম্বর সংশোধন করতে হবে।,nameChangeProcess
আমার স্মার্ট কার্ড কি অন্য কেউ সংগ্রহ করতে পারবে,smartCardConversion
আমার আইডি করার সময় পিতার নামে বানান ভুল হয়ে গেছে,nameSpellingCorrection
স্থায়ী ঠিকানা পরিবর্তন করতে গেলে ডাকঘর অথবা ডকাঘর এর কোড না জানলে কি করতে হবে,addressUpdateProblems
ছবি তোলার পর ভোটার তালিকায় নাম না থাকলে কার্ড পাওয়া যাবে না,photoTakenNoCard
সব কাগজপত্র ঠিক মানে দিয়ে ফেললাম,applicationFailures
একাউন্ট লক করা হয়েছে দেখাচ্ছে,accountLocked
জন্মস্থানের ভুল সংশোধন করতে কি কি কাগজপত্র জমা দিতে হবে,correctionErrors
স্থায়ী ঠিকানায় ভোটার হয়েছিলাম,newVoterDuplicates
আমি সংশোধন আবেদন স্লিপ হারিয়ে ফেলেছি,receiptLostDuplicates
এনআইডি কার্ড সংশোধনের জন্য অনলাইনে আবেদন করেছি,onlineApplicationProcess
মোটেও ক্লিয়ার না আপনার কথায়,agentTransferRequest
পিতার নামের বানান সংশোধনের জন্য জাতীয় পরিচয়পত্রে কি কি ডকুমেন্টস জমা দিতে হবে,nameCorrectionDocuments
আমার প্রবাসী ভোটার নিবন্ধনের আবেদন এম্বাসীতে Reject হয়েছে কেন,newVoterRejection
নতুন ভোটারের ফর্ম প্রিন্ট করতে গিয়ে ফন্ট ভেঙ্গে যাচ্ছে,formPrintIssues
ছবি তুলেছি কিন্তু মোবাইলে কোনো ইনফরমেশন পাইনি,photoTakenNoCard
আমি জাতীয় পরিচয় পত্র সংশোধন সম্পর্কিত কোন ধরনের প্রশ্ন করতে পারি,onlineApplicationProcess
এনআইডি কার্ডে বিয়ের পর স্বামীর নাম যোগ করার জন্য কি ডকুমেন্টস লাগবে,nameCorrectionDocuments
অনেক আগে কার্ড এ লগইন করেছি,matchFoundErrors
ফোন এর নম্বর আপডেট করতে কি লাগে,requiredDocuments
আমার জাতীয় পরিচয়পত্রের জন্য বিদেশে ছবি তুলেছিলাম,photoTakenLongAgo
আমি আমার বার্থ সার্টিফিকেট নম্বর সংযোজন করতে চাই,requiredDocuments
পাসপোর্ট নম্বর আপডেট বা সংশোধন করতে নিড কার্ডের কি কি ডকুমেন্ট লাগে,requiredDocuments
পিতার নামের বানান ভুল,nameSpellingCorrection
ঠিকানা পরিবর্তনের সময় আমার নির্ধারিত পোষ্ট অফিস ও পোষ্ট কোড পাচ্ছিনা,addressUpdateProblems
এনআইডি কার্ড সংশোধন হয়েছে,onlineApplicationProcess
আমি স্মার্ট কার্ড নিতে গেলে কত টাকা লাগবে,newVoterFees
রি-ইস্যু আবেদনের জন্য টাকা জমা দিয়েছি,correctionFees
রিইস্যু এনআইডি এখনো দেওয়া হয়নি,unavailableServices
ভোটার স্থানান্তর শেষ হয়েছে,faceVerificationCompleted
রি-ইস্যুর জন্য কোন কোন সাপোর্টিং ডকুমেন্ট লাগবে,reissueStatus
ইন্টারনেটে আমি কি আমার ঠিকানা বদলের জন্য আবেদন করতে পারি,onlineAddressInquiry
আমি কি বিদেশ থেকে বাংলাদেশের ভোটার আইডি কার্ডের জন্য আবেদন করতে পারি,overseasRegistration
কি ডকুমেন্টস লাগবে আমার টিন নম্বর সংশোধন করতে,requiredDocuments
এনআইডি কার্ড কুইকলি সংশোধন করতে কি বাড়তি খরচ লাগে,onlineApplicationProcess
কার্ড সংশোধনের জন্য অনলাইনে আবেদন করেছি,onlineApplicationProcess
আমি ওয়ান জিরো ফাইভ কল করে সংশোধনের ব্যাপারে জানতে চেয়েছি,correctionApplicationStatus
আমি প্রবাসে গিয়ে ছবি তুলেছি,photoTakenLongAgo
সংশোধন আবেদন করতে কি টাকা দিতে হয়,correctionFees
যদি আগের কালের জন্ম সনদ থাকে কিন্তু অনলাইনে না থাকে,unavailableServices
স্মার্ট কার্ড সংগ্রহ করতে কি টাকা দিতে হয়,newVoterFees
বিদেশে থাকতে আমার এনআইডি কার্ডের জন্য আবেদন করেছিলাম,overseasRegistration
আমার স্মার্ট কার্ড কিভাবে করতে পারি,smartCardConversion
সংশোধনের আবেদন বাতিল করার জন্য কি কি করতে হবে,applicationCancelled
ফিঙ্গারপ্রিন্ট দিলে আমার মোবাইলের সিমে তথ্য আসেনা,formPrintIssues
এই সেবা কি ভোটার আইডি স্ট্যাটাস যাচাইয়ে সহায়তা করে,chatbotCapabilities
ফি জমা করতে কোন নম্বর দিতে হবে,registrationFees
নতুন এনআইডি কার্ডের জন্য আবেদন করি কীভাবে,websiteErrors
আমার কার্ডে ভুল করে শিক্ষাগত যোগ্যতা বেশি দেখানো হয়েছে। এটা কিভাবে পরিবর্তন করবো,correctionErrors
প্রবাসী ভোটার হতে হলে কি কি কাগজপত্র লাগে,newVoterProcess
মায়ের নাম সংশোধনের জন্য বাংলাদেশের এনআইডি কার্ডে কী সব ডকুমেন্টস জমা দিতে হবে,nameCorrectionDocuments
স্থায়ী ঠিকানা পরিবর্তনের জন্য কতদিনে রেজিস্ট্রি হয়,addressChangeTime
আমি আগে বাংলাদেশে ভোটার হয়েছিলাম,newVoterDuplicates
আমি সেরে ফেলেছি,applicationFailures
একাউন্ট লক হবার পর ঠিক তথ্য দিলেও লগইন হচ্ছে না,accountLocked
এনআইডি কার্ড হারিয়ে গেলে নতুন স্মার্ট কার্ড কিভাবে পাবো,receiptLostSolutions
বয়স পরিবর্তনের আবেদন কিভাবে করা হয়,ageEligibility
এনআইডি কার্ডে স্বামী-স্ত্রীর নাম ভুল হয়েছে,nameSpellingCorrection
নতুন ভোটার আইডি কার্ড পাওয়ার জন্য কত সময় অপেক্ষা করতে হবে,websiteErrors
আমি নিউ ভোটার হয়ে ফরম নাম্বার দিয়ে রেজিষ্ট্রেশন করেছি,newVoterDuplicates
স্মার্ট কার্ড নিতে কি কিছু টাকা লাগে,newVoterFees
পাসপোর্ট নম্বর বদলে দিতে কি কি কাগজপত্র লাগবে,requiredDocuments
এখানে ভোটার আইডি সম্পর্কিত কোন ধরনের প্রশ্নের উত্তর পাওয়া যাবে,newVoterProcess
অনলাইনে কি আমি আমার ঠিকানা বদলের আবেদন করতে পারি,onlineAddressInquiry
অনেকদিন আগে রি-ইস্যু আবেদন করেছিলাম,reissueStatus
এই চ্যাটবট কি আমার ভোটার তথ্য আপডেট করার তথ্য প্রদান করে,chatbotCapabilities
স্থায়ী ঠিকানা পরিবর্তন করতে কত টাকা ফি লাগে,addressChangeFees
হ্যাঁ আমি বলতে চাই,agentTransferRequest
ইউটিলিটি বিল ছাড়া ভোটার ঠিকানা পরিবর্তনের কি কাগজপত্র লাগবে,addressUpdateProblems
রি-ইস্যু আবেদন করতে কি টাকা লাগে,reissueStatus
পিতা বা মাতাকে মৃত উল্লেখ করতে চাইলে কি কি সনদ দাখিল করতে হয়,deceasedRelativeInfo
ছবি দিয়ে অনেক মাস পার হয়ে গেছে,photoTakenNoCard
রি-ইস্যু আবেদন করে কতদিন লাগে কার্ড কবে পাবো,reissueStatus
স্থায়ী ঠিকানা পরিবর্তন করতে কত ফি দিতে হবে,addressChangeFees
এখানে কী ধরনের সেবা পাওয়া যায়,generalQueries
ভুল্ক্রেম আমার কার্ড এ পিতার নামের আগে মৃত লেখা কি করি,deceasedRelativeInfo
সংশোধনের আবেদন করেছি xx দিন আগে,correctionApplicationStatus
আমি কোরিয়াতে আছি। বাংলাদেশের এনআইডি কার্ড পেতে কি করতে হবে,overseasRegistration
এনআইডি কার্ডে পিতার নাম ভুল হয়েছে,nameSpellingCorrection
একটু ক্লিয়ার করে বলবেন,agentTransferRequest
এনআইডি পেতে কোন দেশের নাগরিকদের দ্বৈত নাগরিকত্ব সনদ লাগবে না,dualCitizenship
আমার রক্তের গ্রুপ সংশোধন করতে হলে কি পদক্ষেপ নেব,bloodGroupCorrection
আমার জন্ম সনদ নম্বর আপডেট করতে কি কি প্রমাণপত্র লাগবে,requiredDocuments
ছবি পরিবর্তন করার জন্য আবেদন করেছি,correctionApplicationStatus
কার্ডে সিগনেচার রিলেটেড জিনসপত্র আপডেট করে কিভাবে,onlineApplicationProcess
অনেক বছর আগে ছবি তুললেও এখনও কার্ড পাইনি,photoTakenNoCard
ভোটার হওয়ার প্রক্রিয়া দ্রুততর করার কোনো উপায় আছে,newVoterProcess
স্ত্রীর এনআইডি নম্বর আপডেট করতে চাই,nameChangeProcess
এই চ্যাটবট কি আমার এনআইডি তথ্য আপডেটের জন্য নির্দেশনা দিতে পারে,chatbotCapabilities
ভোটার এলাকার ঠিকানা পরিবর্তন হলেও,addressUpdateProblems
আমি নতুন ভোটার হয়েছিলাম,newVoterDuplicates
এনআইডি সার্ভিসের ওয়েবপোর্টালে কি কি সেবা নেই,unavailableServices
নতুন ভোটার হবার জন্য আবেদন বাতিল হলে কী করতে হবে,applicationCancelled
কার্ডে আরেকজন এর কিন্তু ইনফরমেশন প্রিন্ট হয়ে গেছে,matchFoundErrors
পাসপোর্টের ডেট ওভার হয়ে গেছে,matchFoundErrors
এনআইডি কার্ড রি-ইস্যুর জন্য কী কী ডকুমেন্ট দরকার,reissueStatus
আমি ছবি তুলেছি কিন্তু মেসেজ পাইনি,photoTakenNoCard
আমার কার্ডের সংশোধন হয়েছে তবে ডাউনলোড করা যাচ্ছে না।,onlineApplicationProcess
আমার স্বামীর নাম এনআইডি কার্ডে সংশোধন করতে কি কি কাগজপত্র লাগবে,nameCorrectionDocuments
ফরম নম্বর দিয়ে ভোটার রেজিষ্ট্রেশন করার পর ডাউনলোডে সমস্যা কেন,unavailableServices
এই চ্যাটবট কি আমার জাতীয় পরিচয় পত্র তথ্য আপডেটের জন্য নির্দেশনা দিতে পারে,chatbotCapabilities
সংশোধন আবেদনের স্টেটাস জানতে চাই,correctionApplicationStatus
বয়স পূর্ণ হওয়ার পর এনআইডি কার্ডধারী কবে ভোটার হবে,ageEligibility
আবেদন করতে কত টাকা লাগবে সংশোধনের জন্য,correctionFees
কার্ড সংশোধনের জন্য কি কোনো ইমারজেন্সি ফি আছে,onlineApplicationProcess
প্রাপ্তি রশিদ না থাকলে কি কার্ড উত্তোলন সম্ভব,websiteErrors
আধুনিক কার্ড সংগ্রহের জন্য কোনো ফি দিতে হবে কি,newVoterFees
জাতীয় পরিচয়পত্রের অংশবিশেষ পুড়ে গেছে,reissueStatus
জাতীয় পরিচয়পত্রে জন্ম সনদ নম্বর যোগ করতে কি ডকুমেন্টস দিতে হবে,requiredDocuments
এনআইডি ওয়ালেট অ্যাপ ডাউনলোড করতে পারছি না,mobileAppIssues
আমার কাছে অ্যান্ড্রোয়েড ফোন না থাকলে কার্ড এর আপটা কীভাবে ডাউনলোড করব,mobileAppIssues
সংশোধন আবেদন করেছি কিন্তু কোনো ইনফো নাই,correctionApplicationStatus
একবার বাতিল হওয়া সংশোধন আবেদন আবার করার জন্য টাকা জমা দেওয়া লাগবে কি,applicationCancelled
জাতীয় পরিচয়পত্রে মোবাইল নম্বর যোগ করার জন্য কোন ধরনের ডকুমেন্টস দিতে হবে,requiredDocuments
দ্বিতীয়বার ভোটার নিবন্ধন হয়ে গেছে,newVoterDuplicates
আমি এন আই ডি ওয়ালেট এপটা ডাউনলোড করতে পারছি না,mobileAppIssues
কার্ড ঠিক করার মেক্সিমাম লিমিট কতবার,onlineApplicationProcess
অনলাইন এ কার্ড সংশোধন করে কিভাবে,onlineApplicationProcess
অনেক আগে ভোটার ছিলাম কিন্তু কার্ড নেই নাই,newVoterDuplicates
কোন কাজগুলা অনলাইনে গ্রহণযোগ্য নয়,onlineServicesInquiry
আমার কার্ডটা কয়েবার ঠিক করা যাইবো,matchFoundErrors
আমি প্রবাসী বিদেশে থাকি অনেক বছর এনআইডি বা ভোটার নিবন্ধনের জন্য দূতাবাসে আবেদন জমা দিয়েছি। বর্তমান অবস্থা কি,overseasRegistration
স্মার্ট কার্ড মুদ্রণ সম্পর্কে জানতে এসএমএস কিভাবে পাঠাবো,smartCardPrintStatus
আমার জন্ম স্থান ভুল বলে কার্ডে আছে,correctionErrors
ভোটার স্থানান্তরের প্রসেস চলছে,faceVerificationCompleted
আমার জাতীয় পরিচয়পত্রের ছবি তোলা হয়েছিল,photoTakenLongAgo
আমি জাতীয় পরিচয়পত্র স্মার্ট কার্ডে কনভার্ট করতে চাই।,smartCardConversion
সংশোধনের মেসেজ পেয়েছি কিন্তু কোথাও নামানোর অপশন দেখছি না।,correctionApplicationStatus
অ্যাপেল দিয়ে এনআইডি এপ টা ডাউনলোড কিভাবে করবো,mobileAppIssues
আমার ভোটার আইডি ফরমে ভুল হয়েছে,correctionErrors
সংশোধন আবেদন বাতিল হয়ে গেলে কি টাকা ফেরত পাবো,applicationCancelled
প্রাপ্তি রিসিট না থাকলে কি করে কার্ড পেতে পারি,websiteErrors
তালাকের পর এনআইডি কার্ড থেকে স্বামীর নাম বাদ দিতে কি করতে হবে,nameCorrectionDocuments
আমার কার্ডে মাতার নামের আগে মৃত শব্দ এড করতে চাইলে কি কি করতে হবে,deceasedRelativeInfo
আব্বা মারা গেছেন এখন কার্ডে তার নামের আগে মৃত শব্দ দেখানোর জন্য কি পদক্ষেপ নিব,deceasedRelativeInfo
আমার স্মার্ট কার্ডের প্রিন্টিং অবস্থা জানতে কোন নাম্বারে এসএমএস করতে হবে,smartCardPrintStatus
একাউন্ট লক হওয়ার পর আট ঘণ্টা অপেক্ষা করেও সমাধান হচ্ছে না,accountLocked
বলতেছেন আবার কি নতুন নিয়ম,agentTransferRequest
আমার ফোন অ্যান্ড্রয়েড নয়,mobileAppIssues
সব কিছুর জন্য ধন্যবাদ,chatbotCapabilities
এনআইডি বিষয়ক কোন কোন প্রশ্ন করা যাবে,newVoterProcess
ফিঙ্গারপ্রিন্ট আপডেট করেও পেন্ডিং অবস্থায় আছি,formPrintIssues
হারানো কার্ডের জন্য কি পরিমান খরচ লাগে,receiptLostSolutions
ওটিপি আসতে কি পরিমান টাইম লাগে,generalQueries
এই চ্যাটবট কীভাবে সাহায্য করতে পারে,chatbotCapabilities
পুরানো আইডি কার্ডে তেরো টা নম্বর ছিল এনআইডি নম্বর এ,matchFoundErrors
এনআইডি সংশোধনের আবেদন বাতিল করতে কি করতে হবে,applicationCancelled
স্মার্ট কার্ড হারানো গেলে নতুন কার্ড পেতে কত টাকা খরচ হবে,receiptLostSolutions
ন্যাশনাল আইডেন্টিটি কার্ডে বাসস্থান পরিবর্তনের জন্য কি কি কাগজপত্র লাগবে,addressUpdateProblems
আমি বিদেশে থাকলে কি করে আমার জাতীয় পরিচয়পত্র এবং ভোটার কার্ড করতে পারি,overseasRegistration
একাউন্ট লক গেছে এখন আনলক করে দিতে পারবেন,accountLocked
আমার আইডি করাতে সময় পিতার নামের বানানে একটি ভুল হয়ে গেছে। এখন আমি এই ভুলটি সংশোধন করতে চাই। কিন্তু কার সাথে যোগাযোগ করতে হবে তা আমি জানি না।,nameSpellingCorrection
ভোটার হওয়ার পর আমি চিপস কার্ড স্মার্ট কার্ড পাইনি,smartCardConversion
নতুন ভোটার হিসেবে আমি নরমাল অ্যানআইডি কার্ড পেয়েছি কিন্তু ডিজিটাল কার্ড কখন পাবো,websiteErrors
সমারট কার্ড খোয়া গেলে রিইস্যু করে কি আরেকটি স্মার্ট কার্ড পাবো,smartCardConversion
ভোটার স্থানান্তরের আবেদন করেছিলাম,faceVerificationCompleted
কার্ডে রক্ত রিলেটেড তথ্য ঠিক করতে কি করা লাগে,bloodGroupCorrection
কার্ড সংশোধনের সীমা কত,onlineApplicationProcess
স্বামী নাম যোগ করতে এনআইডি কার্ডে কি কি ডকুমেন্টস জমা দিতে হবে,nameCorrectionDocuments
স্থায়ী ঠিকানা আপডেট করার জন্য কতো টাকা জমা করতে হবে,addressChangeFees
আইফোন ব্যবহার করে এনআইডি ওয়ালেট ইনস্টল করার উপায় কী,mobileAppIssues
এনআইডি ওয়ালেট অ্যাপ আইফোনে কিভাবে পাবো,mobileAppIssues
আমার ন্যাশনাল আইডি কার্ডে স্থায়ী ঠিকানা বদল করতে কি কি কাগজপত্র দরকার হবে,addressUpdateProblems
রি-ইস্যু করার জন্য কত টাকা জমা দিতে হবে,reissueStatus
ভুল করে আবার ভোটার হয়ে গেছে,correctionErrors
স্মার্ট কার্ড মিসিং,smartCardConversion
ভুলক্রমে মাতাকে মৃত হিসেবে উল্লেখ করা হলে সংশোধনের জন্য কি কি সনদ দাখিল করতে হবে,deceasedRelativeInfo
আমার জাতীয় পরিচয়পত্র নষ্ট হয়ে গেছে,receiptLostDuplicates
কার্ডের ছবির সমস্যা হলে আমি কোথায় যোগাযোগ করব,photoTakenNoCard
ভোটার স্থানান্তরের পর পুনরায় কার্ড কীভাবে পাবো,websiteErrors
জন্ম সার্টিফিকেট নম্বর সংশোধন করতে কি কি কাগজপত্র জমা দিতে হয়,requiredDocuments
ঠিকানা পরিবর্তন হয়ে গেছে,onlineAddressInquiry
আমার অ্যান্ড্রয়েড ফোন নাই,mobileAppIssues
বিবাহের পর নাম যোগ করতে কি কি ডকুমেন্টস প্রস্তাব করবেন,nameCorrectionDocuments
এনআইডি পাওয়া আগেই হারিয়ে ফেলেছি কাগজ,receiptLostDuplicates
সব ঠিক আছে,applicationFailures
দ্বৈত নাগরিকত্ব সনদ কোন মন্ত্রণালয় দিয়ে থাকে,dualCitizenship
বর্তমান এবং স্থায়ী ঠিকানা একই সময় পরিবর্তন করতে কি আবেদন করা যায়,onlineAddressInquiry
সংশোধন ফি জমা দিলাম,correctionFees
আমার গ্রামের বাড়ির আসল যে ঠিকানা কার্ড এর পিছনে আছে সেটায় উপজেলা নেই,upazilaFieldEmpty
এম্বাসীতে প্রবাসী এনআইডি নিবন্ধনের আবেদন করার পর স্মার্ট কার্ড পেতে কি পদক্ষেপ নিতে হবে,smartCardConversion
কার্ড এ অনলাইন রেজিষ্ট্রেশন করেছি,onlineServicesInquiry
ফি জমা দেয়ার জন্য কি কোন পদ্ধতি আছে,registrationFees
আমি সংশোধনের মেসেজ পেয়েছি কিন্তু কার্ডে তথ্য আপডেট হয়নি,onlineApplicationProcess
বিদেশিদের কার্ড নিবন্ধন করার জন্য কি ডকুমেন্টস লাগে,overseasRegistration
কার্ডে চাকুরির তথ্য পরিবর্তন করতে হলে করনীয় কি,onlineApplicationProcess
আমার স্মার্ট কার্ড হারিয়ে গেছে,receiptLostSolutions
সব তথ্য হয়ে গেছে,applicationFailures
স্মার্ট কার্ড সংশোধন করে পিডিএফ পেয়েছি,smartCardConversion
নতুন ভোটার হওয়ার জন্য কোন কুইক ওয়ে আছে,newVoterProcess
বর্তমান ঠিকানা সংশোধনের জন্য অনলাইন কি ব্যবহার করতে হবে,onlineAddressInquiry
বিকাশে টাকা জমা দেয়ার পদ্ধতি কী,correctionFees
এখনকার কার্ড পাওয়ার পর আগের যে কার্ড ছিল তা খুজে পেলে কি করা উচিত,receiptLostSolutions
এনআইডি অনলাইন পোর্টালে পূর্বে রেজিষ্ট্রেশন করেছিলাম এখন কিভাবে লগ-ইন করবো,onlineServicesInquiry
হারানো এনআইডি এর জন্য নতুন স্মার্ট কার্ড পাবো কিভাবে,receiptLostSolutions
আমি দুবাইতে থাকি। বাংলাদেশের এনআইডি কার্ডের জন্য কি এখান থেকে আবেদন করতে পারি,overseasRegistration
আমি কি ইন্টারনেটে আমার ঠিকানা পরিবর্তনের জন্য আবেদন করতে পারি,onlineAddressInquiry
জাতীয় পরিচয়পত্রের জন্য কোন কোন কাগজপত্র লাগবে,requiredDocuments
আমি আমার জাতীয় পরিচয়পত্রের জন্য বায়োমেট্রিক দিয়েছি,faceVerificationCompleted
বাতিল হওয়া আবেদন পুনরায় করার জন্য কি টাকা জমা করতে হবে,applicationCancelled
কার্ড হারিয়ে গেছে কোন তথ্যই নেই,receiptLostSolutions
এনআইডি কার্ড হারিয়ে গেলে নতুন কার্ড প্রাপ্তির জন্য কি অর্থ প্রদান করতে হবে,receiptLostSolutions
সংশোধনের পর ডাউনলোড করা কার্ডে আগের তথ্য দেখানো হচ্ছে,onlineApplicationProcess
স্ত্রীর নাম সংশোধনে এনআইডি কার্ডের কোন কোন কাগজপত্র লাগবে,nameCorrectionDocuments
আমার বর্তমান এড্রেস কার্ডে ভুল,correctionErrors
এনআইডি পোর্টালে নতুন ভোটার হতে আবেদন করার নিয়ম কী,newVoterProcess
নির্বাচন কমিশন সম্পর্কিত কি ধরনের সেবা এখানে প্রদান করা হয়,newVoterProcess
আমার কার্ডের জন্য ছবি তোলার মেসেজ এসেছে,photoTakenNoCard
নতুন ভোটার হতে বা কার্ড নিবন্ধনের জন্য কি পরিমাণ ফিস জমা দিতে হয়,registrationFees
কার্ড সংশোধনের জন্য কি কোনো স্পেশাল ফি আছে,onlineApplicationProcess
স্মার্ট কার্ড নেওয়ার জন্য টাকা দিতে হয় কি,newVoterFees
আমার আম্মার এনআইডি নম্বর চেঞ্জ করতে চাই,nameChangeProcess
আপনি কি কি সেবা প্রদান করেন,chatbotCapabilities
আমি জানতে চাই স্মার্ট কার্ডে স্বামীর নাম কেন নেই,nameCorrectionDocuments
ঠিকানা পরিবর্তনের জন্য অনলাইন আবেদন প্রক্রিয়া কি আছে,onlineAddressInquiry
রক্তের গ্রুপ বদলাতে কি ধরনের ডকুমেন্ট লাগে,bloodGroupCorrection
টিন নম্বর মডিফাই করতে কি কাগজপত্র লাগবে,requiredDocuments
কার্ড উত্তোলন করার পরে হারিয়ে ফেলা ওল্ড কার্ড পাওয়া গেলে কি করতে হবে,receiptLostSolutions
আরকেজন এর কার্ড এর লেখা আমার কার্ড এ চইলা আসছে,matchFoundErrors
এডজুডিকেশন পেন্ডিংঅবস্থায় থাকা এনআইডি আবেদন নিয়ে কি করতে পারি,pendingApplications
আমার প্রকাশ্যতা নিয়ে ছবি তুলেছি কিন্তু স্লিপ হারিয়ে ফেলেছি,receiptLostDuplicates
আমার জাতীয় পরিচয়পত্রের জন্যে বিদেশে ছবি নিয়েছিলাম,photoTakenLongAgo
এনআইডি কার্ডে নাম সংশোধন করতে গিয়ে সনদ চেয়েছে,onlineApplicationProcess
স্থায়ী ঠিকানা পরিবর্তনের জন্য কি কি কাগজপত্র লাগে,addressUpdateProblems
এই চ্যাটবট কী করে,chatbotCapabilities
নতুন যে এনএইডিগুলা স্মার্ট কার্ড সেগুলা প্রিন্ট হলে কি আমাকে এসএমএস করবে,smartCardPrintStatus
এন আই ডি ওয়ালেট এ মুখ এর ছবি দিয়ে যে ভেরিফিকেশন সেটায় সমস্যা দেখা দিচ্ছে,unavailableServices
আমি রিইস্যুর জন্য আবেদন করেছি,reissueStatus
নতুন ভোটার হয়ে ফরম নাম্বার দিয়ে কার্ড ডাউনলোডে কি সমস্যা হয়,websiteErrors
নামের বানান সংশোধন করতে চাই,nameSpellingCorrection
অনলাইনে এনআইডি একাউন্ট তৈরী করার পর একটি QR Code এসেছে,generalQueries
আমি কি আমার কার্ড এ সংশোধনের আবেদন বাতিল করতে পারি কিভাবে,applicationCancelled
মাতার কার্ড নেই,requiredDocuments
এনআইডি সংশোধনের আবেদন ক্যানসেল,onlineApplicationProcess
সংশোধন প্রক্রিয়া রেপিড বা ইমারজেন্সি করতে কি অতিরিক্ত টাকা দিতে হয়,correctionFees
স্মার্ট এনআইডি কার্ড প্রিন্ট হয়েছে কিনা চেক করার উপায়,smartCardPrintStatus
এখানে এনআইডি সম্পর্কিত কোন ধরনের প্রশ্নের উত্তর পাওয়া যাবে,newVoterProcess
নতুন ভোটার হিসেবে আমার কার্ড কিভাবে হাতে পাবো,websiteErrors
ঠিকানা পরিবর্তনের সময় আমার নির্ধারিত পোস্ট অফিস ও পোস্ট কোড পাচ্ছি না,addressUpdateProblems
আমি স্বামীর ন্যাশনাল আইডি কার্ড নম্বর বদলাতে চাই।,nameChangeProcess
স্মার্ট কার্ড সংশোধন করার পর পিডিএফ পেলাম,smartCardConversion
একজন নাগরিক কোন কোন শর্তে এনআইডি করতে পারে,newVoterProcess
ন্যাশনাল আইডি কার্ডের জন্য পাসপোর্ট নম্বর সংযোগ বা সংশোধন করতে কি কি লাগবে,requiredDocuments
আমি বিদেশে ছবি তুলেছিলাম আমার জাতীয় পরিচয়পত্রের জন্য,photoTakenLongAgo
এখন কি করবো,applicationFailures
ঠিকানা আপডেট আবেদন করতে কি ফি দিতে হবে,addressChangeFees
নিড কার্ডে পাসপোর্ট নম্বর সংশোধন করার জন্য দরকারী কাগজপত্র কি কি,requiredDocuments
আমার এনআইডি কার্ড হারিয়ে গেছে,receiptLostSolutions
দ্বৈত নাগরিকত্ব সনদ কোন অফিস থেকে ইস্যু হয়,dualCitizenship
স্বামী নাম সংশোধনের জন্য কি কি কাগজপত্র জমা দিতে হবে জাতীয় পরিচয়পত্রে,nameCorrectionDocuments
আমি আসলে ফেল করেছি,applicationFailures
নতুন ভোটার হওয়ার ব্যয় কি,newVoterProcess
ঠিকানা পরিবর্তন করার জন্য কি অনলাইনে আবেদন করতে হবে,onlineAddressInquiry
অনলাইনে ভোটার হিসেবে নিবন্ধন করতে হলে কোন ঠিকানায় যেতে হবে,onlineServicesInquiry
আমি বিদেশে আমার কার্ড এর জন্য পিকচার তুলতেছি,photoTakenLongAgo
আমার মায়ের পরিচয়পত্রের নাম্বার কি করে পরিবর্তন করবো,nameChangeProcess
কীভাবে এনআইডি পোর্টালে সংশোধন আবেদন করতে হয়,onlineApplicationProcess
জাতীয় আইডি কার্ডে স্বামী নাম সংশোধনে কি কি কাগজপত্র প্রয়োজন,nameCorrectionDocuments
নতুন ঠিকানায় ভোটার কার্ড কিভাবে ডাউনলোড করবো,websiteErrors
এনআইডি কার্ড হারায় গেছে,receiptLostSolutions
আমি নতুন এনআইডি বা ভোটারের জন্য আবেদন করেছিলাম কিন্তু এখনো এডজুডিকেশন পেন্ডিংঅবস্থায় আছে। কি করতে হবে,pendingApplications
কার্ড এ অন্য ব্যক্তির তথ্য চলে এসেছে। এ ভুল কিভাবে সংশোধন করা যাবে,correctionErrors
আমার বার্থ সার্টিফিকেট আর এসএসসি সার্টিফিকেটে তথ্য মেলেনা,matchFoundErrors
আজকের মত শেষ,applicationFailures
বৈবাহিক কারণে বিদেশি নাগরিকদের এনআইডি করার সুযোগ আছে কি,overseasRegistration
আমার ভোটার তথ্য যাচাই করতে পারছি না,newVoterNoSms
প্রবাসী হিসেবে আমার এনআইডি আবেদন কেনো প্রত্যাখ্যাত হয়েছে,newVoterRejection
নতুন ভোটার হওয়ার জন্য কত ফি দিতে হবে,registrationFees
ভোটার হওয়ার পূর্ব শর্ত কি কি,newVoterProcess
দেশের বাহিরে থেকে ভোটার নিবন্ধন করার জন্য কোন পদক্ষেপ নিতে হবে,overseasRegistration
ইন্টারনেটের মাধ্যমে কি কি আবেদন করা যাবে না,onlineServicesInquiry
আইডি কার্ডে একাধিক স্ত্রী নাম লেখা যায় কি,nameCorrectionDocuments
ফেস এর ভেরিফাই করার পরও অ্যাপে পরবর্তী অপশন আসছে না,unavailableServices
কার্ডের জন্য বায়োমেট্রিক দিয়েছি কিন্তু এখন কি করতে হবে,faceVerificationCompleted
ফর্ম ডাউনলোড করে জমা দেওয়ার জন্য কোথায় যেতে হবে,onlineServicesInquiry
এনআইডি সংশোধনের জন্য ইন্টারনেটে আবেদন করেছি,correctionApplicationStatus
আমার অ্যানআইডি কার্ড প্রিন্ট হয়েছে কিনা দেখতে হবে কিভাবে,smartCardPrintStatus
আমার ডিভাইসে এনআইডি অ্যাপে ফেস ভেরিফিকেশন স্টেপে সমস্যার সমাধান কী,unavailableServices
ভোটার এলাকা বদলাতে কি কি ডকুমেন্ট দরকার,addressUpdateProblems
আমি অ্যান্ড্রয়েড ফোন ব্যবহার করি না,mobileAppIssues
উপজেলা নির্বাচন অফিস আমার ভোটারের আবেদন নিয়ে কিছু না করায় কি করা যাবে,newVoterNoSms
কি কি কাগজপত্র লাগবে স্বামী নাম সংশোধনের জন্য এনআইডি কার্ডে,nameCorrectionDocuments
আমি স্মার্ট কার্ডের জন্য আবেদন করতে চাই।,smartCardConversion
অনেক আগে করা এনআইডি অনলাইন পোর্টাল রেজিস্ট্রেশন দিয়ে এখনো কি লগইন করা যাবে,onlineServicesInquiry
একাউন্ট লক হয়েছে আট ঘন্টা হয়ে গেছে,accountLocked
নতুন ভোটার আবেদন অনলাইনে কীভাবে করবো,onlineServicesInquiry
একবার সংশোধন আবেদন বাতিল করা হয়েছে,applicationCancelled
ফিঙ্গারপ্রিন্ট আপডেটের পরেও কেনো পেন্ডিং আছে,formPrintIssues
এনআইডি কার্ডে মারা ব্যক্তির নাম সংশোধনের জন্য কী কী করতে হবে,onlineApplicationProcess
স্থায়ী ঠিকানা থেকে বর্তমান ঠিকানায় ভোটার পরিবর্তন কিভাবে করবো,addressUpdateProblems
পিতা-মাতার নামের বানান ভুল এসেছে,nameSpellingCorrection
এনআইডি করতে গেলে কি দ্বৈত নাগরিকত্ব দরকার,dualCitizenship
অ্যানআইডি রি-ইস্যু করার জন্য কি ডকুমেন্ট দরকার,reissueStatus
সংশোধনের জন্য আবেদন করেছি ত্রিশ দিন আগে,correctionApplicationStatus
আমি বিদেশে থাকি বাংলাদেশে ভোটার নিবন্ধন করতে কি করতে হবে,overseasRegistration
টিন নম্বর সংযোজন বা সংশোধনের জন্য কোন কোন ডকুমেন্ট লাগবে,requiredDocuments
আমার পরিচয়পত্রে মাতার নামের বানানে একটি ভুল রয়েছে। এই সমস্যা সমাধানের জন্য কোন কর্তৃপক্ষের সাথে যোগাযোগ করা উচিত,nameSpellingCorrection
নতুন ভোটার হওয়া সত্ত্বেও আমার কার্ড কেন বাতিল করা হয়েছে,newVoterRejection
নতুন ভোটার নিবন্ধনের পর এসএমএস না পেলে কি করতে হবে,newVoterNoSms
সকাল আটটার পূর্বে বা রাত আটটার পরে নয় চাপুন।,generalQueries
স্বাক্ষর পরিবর্তন করতে চাই,nameChangeProcess
আমি বিদেশে থাকি; কার্ডের জন্য আবেদন করেছি,overseasRegistration
এনআইডি পোর্টালে একাউন্ট লক হয়েছে,accountLocked
সংশোধনের কাগজ হারিয়ে ফেললে কি করতে হবে,receiptLostSolutions
স্মার্ট কার্ড প্রিন্ট হলে কি আমার মোবাইলে মেসেজ আসবে,smartCardPrintStatus
আমি কি স্মার্ট কার্ডের জন্য আবেদন করতে পারি,smartCardConversion
সংশোধন করে কার্ড ডাউনলোড করলাম তবুও আগের তথ্য দেখাচ্ছে,onlineApplicationProcess
কার্ড এ স্বামীকে মৃত দেখাতে চাই কি করব,deceasedRelativeInfo
বৈবাহিক সূত্রে কোন বিদেশি নাগরিকের এনআইডি পাওয়ার সুযোগ আছে কি,overseasRegistration
নতুন করে আবেদন করতে গেলে বাতিল হওয়ার পর ফি দিতে হবে কি,applicationCancelled
তোমাকে পছন্দ হয়েছে,personalStatusChanges
অ্যানআইডি এর ছোট কাগজটা হারিয়ে ফেলেছি,receiptLostDuplicates
সবাই পেয়েছে স্মার্ট কার্ড,smartCardConversion
কার্ড সংশোধন দ্রুত করার জন্য অতিরিক্ত খরচ কি,onlineApplicationProcess
এই চ্যাটবটের মাধ্যমে এনআইডি পুনঃপ্রাপ্তি সম্পর্কে সহায়তা চাইতে পারি,chatbotCapabilities
কোন দেশে আমি প্রবাসী হিসেবে এনআইডি করতে পারি,overseasRegistration
আমি কনস্যুলেটে বায়োমেট্রিক জমা দিয়েছি,faceVerificationCompleted
আবেদন সাবমিট করে ফেলেছি,faceVerificationCompleted
আমার বাবা মারা গেছে,deceasedRelativeInfo
আমার জাতীয় পরিচয়পত্রের জন্য বায়োমেট্রিক দিয়েছি কিন্তু এখন কি করণীয়,faceVerificationCompleted
আগের আবেদন বাতিল হয়েছে নতুন করে সংশোধন আবেদন জমা দিতে কি ফি পুনরায় জমা দিতে হবে,applicationCancelled
এইটাই কি সব,applicationFailures
হারানো কার্ডের জন্য কত টাকা খরচ হবে,receiptLostSolutions
আমি স্মার্ট কার্ড পেতে চাই,smartCardConversion
ঠিকানা আপডেটের জন্য আবেদন করেছি,onlineAddressInquiry
আমি নিউ ভোটার হিসেবে আবেদন করেছি,newVoterDuplicates
অনলাইনে কার্ড সংশোধনের জন্য ঠিকানা কী,onlineApplicationProcess
বর্তমান ঠিকানা সংশোধন করার পর আপডেট হতে কতদিন লাগে,addressChangeTime
দূতাবাসে বা এম্বেসিতে নিবন্ধনের আবেদন দিয়েছি,overseasRegistration
স্থায়ী ঠিকানা পরিবর্তনের কাজ শেষ হতে কতদিন সময় লাগবে,addressChangeTime
অনলাইনে এনআইডি পোর্টালে কার্ড এর ভুল তথ্য ঠিক করার আবেদন কিভাবে জমা দিব,correctionErrors
ভোটার আবেদন বাতিল হলে সমাধান কিভাবে পাওয়া যাবে,applicationCancelled
এনআইডি কার্ড বানানোর সময় দ্বৈত নাগরিকত্বের প্রয়োজন আছে কি,dualCitizenship
বিদেশ থেকে ফিরে আমার জাতীয় পরিচয়পত্রের ফটো তুলেছি,photoTakenLongAgo
জাতীয় আইডিতে স্বামী নাম সংশোধন করতে কি কি প্রয়োজনীয়,nameCorrectionDocuments
নতুন ভোটার হলে ছবি তোলার পর মোবাইলে বার্তা কতদিনে পাবো,photoTakenNoCard
আমার স্মার্ট কার্ড মুদ্রণ হয়েছে কিনা কিভাবে চেক করবো,smartCardPrintStatus
প্রবাসী হিসেবে এনআইডি বা ভোটার আইডি করার প্রক্রিয়া কি,newVoterProcess
একবার একাউন্ট লক হওয়ার পর পুনরায় সঠিক তথ্য দিলেও একাউন্ট লক ই দেখাচ্ছে,accountLocked
কার্ড সংশোধনের জন্য সর্বাধিক কয়বার সুযোগ পাবো,onlineApplicationProcess
অ্যান্ড্রয়েড ফোন না থাকলে এনআইডি ওয়ালেট নেওয়ার উপায় কী,mobileAppIssues
প্রবাসী এনআইডি নিবন্ধন আবেদন Reject হওয়ার কারণ কি,newVoterRejection
ইন্টারনেট এর পোর্টাল এ রেজিষ্ট্রেশন করার পদ্ধতি টা কী,onlineServicesInquiry
আমার জাতীয় পরিচয়পত্রের স্থায়ী ঠিকানা বদল করতে কি কি কাগজপত্র লাগবে,addressUpdateProblems
আমি কীভাবে অনলাইনে এনআইডি কার্ড সংশোধন করতে পারি,onlineApplicationProcess
কার্ডের তথ্য আপডেট করে ডাউনলোড করলাম কিন্তু কেন ওল্ড ইনফরমেশন ই দেখাচ্ছে,matchFoundErrors
আমার এনআইডি কার্ডে পিতার নামের বানানে একটি ভুল লক্ষ্য করেছি। এই ভুলটি ঠিক করতে আমি কার সাথে যোগাযোগ করতে হবে জানতে চাই।,nameSpellingCorrection
কার্ড এর ভুল তথ্য সংশোধন শেষ হলে কীভাবে নতুন আইডি কার্ড সংগ্রহ করতে পারি,onlineApplicationProcess
নতুন কার্ডের ছবি তোলার জন্য এসএমএস এসেছে,photoTakenNoCard
দ্বৈত নাগরিকত্ব সার্টিফিকেট পেতে কাদের সাথে কথা বলতে হবে,dualCitizenship
সংশোধন আবেদনের জন্য টাকা জমা দেওয়ার পদ্ধতি কি কি,correctionFees
সংশোধনের জন্য আবেদন করেছি,correctionApplicationStatus
স্থায়ী ঠিকানা সংশোধনের অনলাইন পদ্ধতি কী,onlineAddressInquiry
ভুলে কার্ডে জামাইর বা বউয়ের নাম এর আগে কার্ড এ মৃত চলে আসছে,deceasedRelativeInfo
ছবি তোলার পর এসএমএস পেতে কতদিন সময় লাগে,photoTakenNoCard
আমার হাজবেনড নেইম এর স্পেলিং মিস্টেক আছে কার্ডে কি করব,matchFoundErrors
টিন নম্বর নতুন করে যোগ করতে কোন কাগজপত্র লাগবে,requiredDocuments
আমি একজন লাইভ এজেন্ট এর সাথে কথা বলতে চাই,generalQueries
সকল ডকুমেন্ট সঠিক দিয়েছি তারপরও আবেদন বাতিল করা হয়েছে। কেনো,newVoterRejection
পাসপোর্টের ক্ষেত্রে দশ ডিজিট নম্বর দিয়ে ভেরিফাই করা যায় না কেন অপরদিকে সতেরো ডিজিট নম্বর ব্যবহার করলে ভেরিফাই করা সম্ভব হয়।,unavailableServices
আমার আইডি লক হয়ে গেল আপনি কি এক্ষনি কিছু করতে পারেন,accountLocked
জাতীয় পরিচয়পত্র নতুন করে করতে চাই,nameChangeProcess
প্রবাসী হিসেবে ভোটার নিবন্ধন করতে কি করা উচিত,newVoterProcess
মায়ের নামের বানান ঠিক করতে চাইলে কি কি কাগজপত্র লাগবে,nameSpellingCorrection
জাতীয় পরিচয়পত্রের জন্য অনলাইনে কি কি সেবা পাব,onlineServicesInquiry
আমার আধুনিক বা নতুন ভোটার কার্ড কি অন্য কারো কাছে পৌঁছাতে পারে,websiteErrors
বিকাশে টাকা জমা দেয়ার জন্য কি নিয়ম,correctionFees
প্রতিনিধির সাথে কথা বলতে চাইলে নয় চেপে অপেক্ষা করুন।,generalQueries
তালাক হয়ে গেছে,applicationFailures
দ্বিতীয়বার ভোটার নিবন্ধনের পর কি করার প্রয়োজন,newVoterProcess
আমার জাতীয় পরিচয়পত্রের আবেদনে কিছু তথ্য ভুল হয়ে গেছে,correctionErrors
আইডি কার্ড সংশোধনের পর নতুন কার্ড কিভাবে পাবো,websiteErrors
নাম্বারটা আবার বলেন,agentTransferRequest
আইডি কার্ড সংশোধন করার পর নতুন কার্ড কিভাবে পাব,websiteErrors
কার্ডে নতুন স্বাক্ষর দিতে চাই কি প্রয়োজন,websiteErrors
পুরানো বার্থ সার্টিফিকেট সনদ জমা দিতে হবে,matchFoundErrors
ভোটার হয়েছিলাম অনেক আগে,newVoterDuplicates
স্মার্ট কার্ড বিনামূল্যে দেওয়া হয় নাকি ফি দিতে হয়,newVoterFees
ওটা করবো নাকি এটাও লাগবে,applicationFailures
অনলাইনে 'অপ্রত্যাশিত সমস্যার জন্য দুঃখিত' দেখাচ্ছে,passwordErrors
কার্ডে বয়স ভুল আসছে,correctionErrors
সংশোধন আবেদন বাতিল হলে কি ফি ফেরত পাবো,applicationCancelled
আট ঘন্টা পর পুনরায় রেজিষ্ট্রেশন করার চেষ্টা করছি কিন্তু একাউন্ট এখনও লক দেখাচ্ছে,accountLocked
আমি কি এই সেবার মাধ্যমে আমার এনআইডি তথ্য আপডেট করতে পারি,onlineApplicationProcess
নির্বাচন অফিসে গিয়ে যদি কোন সাহায্য না পাই,newVoterNoSms
দ্বৈত নাগরিকত্ব সার্টিফিকেট কোথা থেকে পাওয়া যাবে,dualCitizenship
ভোটার হওয়ার জন্য কোন কোন দলিল লাগে,newVoterProcess
পাসপোর্ট নম্বর নিড কার্ডে সংযোজন বা পরিবর্তন করতে কি কি কাগজপত্র দিতে হবে,requiredDocuments
আমার জাতীয় পরিচয়পত্রের একাউন্ট লক হয়ে গেছে,accountLocked
এনআইডি কার্ডে জন্ম তারিখ সংশোধনের জন্য কি ডকুমেন্টস লাগবে,requiredDocuments
আমার সংশোধন আবেদন সম্পর্কে জানতে ওয়ান জিরো ফাইভ এ ফোন করেছি,correctionApplicationStatus
ভোটার ঠিকানা বদলানোর জন্য কী কী কাগজপত্র লাগবে,addressUpdateProblems
আমার নতুন এনআইডি কার্ডের জন্য আবেদন করেছি,websiteErrors
আইডি কার্ডের সংশোধনের পর নতুন কার্ড কিভাবে আনব,websiteErrors
এনআইডি অনলাইন আবেদন করার পদ্ধতি কী,onlineServicesInquiry
কার্ডে আরকেজন এর তথ্য প্রিন্ট হয়ে গেছে যা বুঝতেছি কীভাবে ঠিক করা যাবে,matchFoundErrors
কার্ডে পেশা বদলানো যায়,onlineApplicationProcess
আওয়াজ ক্লিয়ার না,agentTransferRequest
ভোটার এলাকা চেঞ্জ করা যায় কি অনলাইনে,onlineAddressInquiry
স্থায়ী ঠিকানা সংশোধনের জন্য কতদিন অপেক্ষা করতে হয়,addressChangeTime
আমি বাংলাদেশে ভোটার হয়েছিলাম কিন্তু এখন আমি বিদেশে,overseasRegistration
ভোটার হওয়ার সময় প্রদত্ত মোবাইল নম্বর পরিবর্তন করতে চাই।,nameChangeProcess
কার্ড এর জামাই নাম এর জায়গায় আমার জামাইর নাম মৃত লেখা থাকে তাহলে ঠিক করবো কেমনে,deceasedRelativeInfo
আমার পুরনো ভোটার এলাকার তথ্য কিভাবে খুজবো ঠিকানা বদলাতে,addressUpdateProblems
আবেদন বাতিল হলে কি আমি ফি ফেরত পাবো,applicationCancelled
আবার কথা হবে,agentTransferRequest
নতুন কার্ড পেতে কি কোন ফি জমা দিতে হবে,registrationFees
একটু সহজ করে বলবেন,agentTransferRequest
শেষের দিকটা আবার বলুন প্লিজ,agentTransferRequest
আমি দেশে থাকি না বাহিরে থাকি এনআইডি বা ভোটার নিবন্ধনের জন্য আবেদন দিয়েছি দূতাবাসে,overseasRegistration
কি কি ডকুমেন্ট লাগবে আমার পাসপোর্ট নম্বর সংশোধন করতে,requiredDocuments
সংশোধনের জন্য কত টাকা দিতে হবে,correctionFees
অনলাইনে কি ধরণের আবেদন করা যায় না,onlineServicesInquiry
এড্রেস পরিবর্তন করতে টাকা কত,addressChangeFees
টিন নম্বর সংযোজন বা সংশোধন করতে কি কি জিনিস লাগবে,requiredDocuments
সংশোধনের জন্য ফি জমা করার উপায় কি,correctionFees
Online এনআইডি address change করলে কতদিন লাগবে,addressChangeTime
কার্ডে রক্তের গ্রুপের সংশোধন এর জন্য কি করা লাগে,bloodGroupCorrection
কি কি সংশোধনগুলো অনলাইনের মাধ্যমে করা যায় না,onlineApplicationProcess
কার্ড এর জন্য মোবাইলে রেজিস্ট্রেশন করছি এখন কোড আসতেছে না সমাধান কী,unavailableServices
সংশোধন আবেদন বাতিল হলে ফি ফিরিয়ে দেবে কি,applicationCancelled
দ্বৈত নাগরিকত্ব সনদ সংক্রান্ত তথ্যের জন্য কাদের সাথে যোগাযোগ করবো,dualCitizenship
আমার পরের ভোটাররা স্মার্ট কার্ড পেয়েছে,smartCardConversion
এনআইডি অনলাইন পোর্টালে নতুন ভোটারের জন্য কিভাবে আবেদন করবো,onlineServicesInquiry
তুমি কি ফোন করতে পারো,generalQueries
রি-ইস্যুর জন্য কি কি জমা দিতে হবে,reissueStatus
ঠিকানা স্থানান্তরের জন্য কি চেয়ারম্যানের স্বাক্ষর লাগবে,addressUpdateProblems
আমার স্মার্ট কার্ডের বর্তমান অবস্থা কি এটা কবে নাগাদ পাবো,smartCardConversion
স্বামীকে মৃত উল্লেখ করতে চাইলে কি কি সনদ দাখিল করতে হয়,deceasedRelativeInfo
আমি আমার এনআইডি-এর জন্য আবেদন করেছি কিন্তু তথ্যে ভুল হয়েছে,correctionErrors
এসএসসি সনদ চেয়েছে,generalQueries
আমার ফোন অ্যান্ড্রয়েড না,mobileAppIssues
আমার ন্যাশনাল আইডির ছবি তোলার স্লিপ হারিয়ে গেছে,receiptLostDuplicates
আমার কার্ডে আমার স্বামী-র নামের আগে মৃত উল্লেখ করা,deceasedRelativeInfo
বিদেশে গিয়ে আমি ছবি তুলেছিলাম,photoTakenLongAgo
এনআইডি পোর্টালের পুরনো ইউজার আইডি পাসওয়ার্ড দিয়ে কি আবার লগইন করা যাবে,passwordErrors
সংশোধন করার জন্য কত টাকা দিতে হবে,correctionFees
ফিঙ্গারপ্রিন্ট আপডেট করে কিন্তু কোনো আপডেট নেই,formPrintIssues
স্ত্রীর এনআইডি নম্বর পরিবর্তনের জন্য কি কি দলিল লাগবে,nameChangeProcess
আমার কার্ড মাইর গেছে,matchFoundErrors
বিবাহের পরে জাতীয় আইডিতে স্বামী নাম যোগ করার জন্য কি কি প্রয়োজনীয়,nameCorrectionDocuments
রেজিষ্ট্রেশন করতে গেলে ভুল পাসওয়ার্ডের সমস্যার সমাধান কী,passwordErrors
অনেক আগে ছবি তুলেছি কিন্তু কাগজটা হারিয়ে ফেলেছি,receiptLostDuplicates
আমার স্বামীর স্মার্ট কার্ড নম্বর বদলাতে হবে।,nameChangeProcess
আমি আমার কার্ডে স্বাক্ষর আপডেট করতে চাই,onlineApplicationProcess
আন্ডারএজ এনআইডি কার্ডধারী কখন ভোটার হিসেবে তালিকাভুক্ত হয়,newVoterProcess
ভোটার হওয়ার জন্য কি প্রক্রিয়াটা কী,newVoterProcess
আমার জন্ম সনদের নম্বর ভোটার হওয়ার সময় দেওয়া হয়েছে,newVoterDuplicates
কি চেয়ারম্যানের সই লাগবে,generalQueries
শিক্ষাগত যোগ্যতা সঠিক না থাকার কারণে পরিচয়পত্রে সমস্যা হয়েছে,correctionErrors
কিভাবে আমার চিপসহ কার্ড অন্য কেউ পাবে,websiteErrors
দিনটি সুন্দর কাটুক,personalStatusChanges
আমি বিদেশ থেকে এনআইডি কার্ডের জন্য আবেদন করেছি,overseasRegistration
নির্দিষ্ট সময়ের বাইরে নয় চাপলে প্রতিনিধির সাথে সংযোগ হবে।,generalQueries
যেখানে জন্ম নিবন্ধন অন্য ঠিকানায়,differentAddresses
বর্তমান ও স্থায়ী ঠিকানা কি একই সাথে পরিবর্তন করার জন্য আবেদন করা সম্ভব,onlineAddressInquiry
স্থায়ী ঠিকানায় থানা না থাকলে কি করণীয়,upazilaFieldEmpty
নতুন কার্ড নিয়ে ফেলেছি তবে চুরি হওয়া পুরানো কার্ড পেয়ে গেলে কি করা যাবে,receiptLostSolutions
জাতীয় আইডি কার্ডে স্বামীর নাম সংশোধনের জন্য কি কি কাগজপত্র দিতে হবে,nameCorrectionDocuments
স্মার্ট এনআইডি কার্ড নিতে কি টাকা লাগে,newVoterFees
আমার কার্ড-এর ঠিকানায় উপজেলার ঘর ফাঁকা,upazilaFieldEmpty
প্রবাসী এনআইডি আবেদন Reject হওয়ার কারণ কী হতে পারে,newVoterRejection
আমার আব্বা মারা গেছেন দুই বছর এখন কার্ড এ বাবার নামের আগে মৃত হিসেবে উল্লেখ করতে হলে কি কি লাগবে,deceasedRelativeInfo
আমি চলে যাচ্ছি,applicationFailures
দূতাবাসে আবেদন দেওয়ার পর আমার আবেদন কেনো Reject হয়ে গেল,newVoterRejection
রি-ইস্যু আবেদন করতে গিয়ে এতদিন পেরিয়ে গেছে,reissueStatus
শুধু মজা নিচ্ছি,applicationFailures
এনআইডি কার্ড করার জন্য কি দ্বৈত নাগরিকত্ব প্রয়োজন হয়,dualCitizenship
যদি সংশোধন ফি জমা দিয়ে আবেদন না করি,correctionFees
দীর্ঘ দিন আগে ছবি তুলেছিলাম,photoTakenLongAgo
আমার ভোটার স্থানান্তরের জন্য অনুমোদন পেয়েছি,faceVerificationCompleted
বিকাশে কিভাবে টাকা জমা দিতে হয়,correctionFees
পরবর্তী ধাপে যেতে পারছি না,applicationFailures
আমার আব্বুর ঠিকানা আর আমার ঠিকানা ভিন্ন,differentAddresses
ভোটার তালিকায় খুঁজে পাচ্ছি না,newVoterNoSms
সংশোধনের জন্য টাকা জমা দিয়েছি,correctionFees
ভোটার তালিকা হালনাগাদে অংশ নিতে পারিনি,newVoterNoSms
নতুন ভোটার হওয়ার জন্য বয়স কত লাগবে,ageEligibility
আমি কি প্রশ্ন করেছিলাম ভুলে গেছি,applicationFailures
অ্যাপেল এ এনআইডি ওয়ালেট অ্যাপ ডাউনলোড করব কীভাবে,mobileAppIssues
ডিজিটাল ভোটার কার্ড আমি ছাড়া অন্য কেউ পাবে কি,websiteErrors
নতুন ভোটার হিসেবে আবেদন করতে হলে কোন অনলাইন ঠিকানায় যেতে হবে,onlineServicesInquiry
ঠিকানা আপডেট করার জন্য কত টাকা জমা করতে হবে,addressChangeFees
আপনি বলতেছেন মানে কি,agentTransferRequest
আচ্ছা মানে কি বুঝেন আপনি,applicationFailures
নতুন ভোটার হয়ে এনআইডি কার্ড পাবার পদ্ধতি কি,websiteErrors
আমার কার্ড করার জন্য বিদেশে ছবি তুলার পরেও,photoTakenLongAgo
চেক করছিলাম কাজ করে কিনা,applicationFailures
স্থায়ী ঠিকানা আপডেটে কত টাকা লাগে,addressChangeFees
কার্ড নিবন্ধন করতে কি কোন ফি রয়েছে,registrationFees
নতুন ভোটার আবেদন পেন্ডিং আছে,pendingApplications
ঠিকানা চেন্জ করার জন্য পুরনো ভোটার এলাকার ডিটেলস কোথা থেকে পাবো,addressUpdateProblems
এনআইডি একাউন্ট তৈরি করার পর একটি কিউ আর দেখাচ্ছে,generalQueries
আমার বাড়ি না থাকলে সেই এলাকা থেকে কি ভোটার হতে পারব,upazilaFieldEmpty
একাউন্ট লক হয়ে গেছে,accountLocked
বর্তমান ঠিকানা পরিবর্তন করতে হলে কি করা দরকার,onlineAddressInquiry
মারা যাওয়া ব্যক্তির এনআইডি কার্ডের তথ্য সংশোধন কিভাবে করা যাবে,onlineApplicationProcess
আপনার সেবার জন্য ধন্যবাদ,chatbotCapabilities
নতুন জায়গায় ভোটার হবো কিভাবে,newVoterProcess
আমার স্ত্রীর পরিচয়পত্রের নাম্বার কি করে পরিবর্তন করবো,nameChangeProcess
মায়ের জাতীয় পরিচয়পত্রের নাম্বার বদলাতে চাই কি করতে হবে,nameChangeProcess
স্মার্ট কার্ড তোলার জন্য কত টাকা দিতে হবে,newVoterFees
এই সেবার মাধ্যমে এনআইডি স্ট্যাটাস যাচাই করা সম্ভব,chatbotCapabilities
আমি বিদেশে থেকে কার্ডের জন্য আবেদন করেছিলাম,overseasRegistration
স্মার্ট কার্ড নিতে কত টাকা লাগে,newVoterFees
ফিঙ্গারপ্রিন্ট আপডেট করে এখনো এডজুডিকেশন পেন্ডিং,formPrintIssues
প্রবাসে থেকে এনআইডি কার্ডের জন্য আমি আবেদন করেছিলাম,overseasRegistration
এই চ্যাটবট কি আমাকে ভোটার আইডি সংশোধন করার তথ্য প্রদান করে,chatbotCapabilities
অ্যান্ড্রোয়েড ফোন ছাড়া অ্যাপটা পেতে কি করতে হবে,mobileAppIssues
রি-ইস্যু করতে কত কস্ট,reissueStatus
ভোটার হতে কতটুকু বয়স হতে হয়,ageEligibility
ভোটার হবার জন্য কী কী কাগজপত্র লাগবে,newVoterProcess
আগের আইডি কার্ডে স্বামীর নাম ছিল,nameCorrectionDocuments
আমার ঠিকানা এবং পিতার ঠিকানা ভিন্ন হলে ভোটার হতে কি কোনো সমস্যা হবে,differentAddresses
কার্ড লক হলে কীভাবে ব্যবহার করা যাবে,accountLocked
কারেকশন এর জন্য আবেদন স্লিপ হারানো গেলে,receiptLostDuplicates
আমার বাংলাদেশের জাতীয় পরিচয়পত্র স্মার্ট কার্ড হবে কি,smartCardConversion
আমার পরে যারা ভোটার হয়েছে,newVoterDuplicates
তো এখন আমি কোথায় যাব,applicationFailures
স্মার্ট কার্ড পেতে কতদিন সময় লাগবে এটার স্ট্যাটাস কি,smartCardConversion
আমি কিছু শোনার চেষ্টা করছিলাম,applicationFailures
হারানো এনআইডি কার্ডের জন্য নতুন স্মার্ট কার্ড আবেদন কিভাবে করবো,receiptLostSolutions
রি-ইস্যুর জন্য কত ক্যাশ লাগবে,reissueStatus
ইন্টারনেটে কি কি আবেদন যায় না,onlineServicesInquiry
কোন কোন দেশে এনআইডি বা ভোটার নিবন্ধন করা সম্ভব না,overseasRegistration
ইমার্জেন্সি রি-ইস্যু আবেদন করেছি,reissueStatus
নতুন ভোটার হওয়ার জন্য অনলাইনে আবেদন করার পর কি কি কাগজপত্র জমা দিতে হয়,onlineServicesInquiry
এনআইডি কার্ড এর ভুল সংশোধন হয়ে গেলে পরবর্তী ধাপে কীভাবে আইডি কার্ড পাবো,onlineApplicationProcess
কার্ড রিলেটেড কি ধরনের আবেদন অনলাইন পোর্টাল এর মাধ্যমে করা সম্ভব,onlineApplicationProcess
আমি ইতিমধ্যে ফ্রান্সের দূতাবাসে বায়োমেট্রিক তথ্য জমা দিয়েছি,faceVerificationCompleted
টিন নম্বর আপডেট করা বা নতুন করে যোগ করতে কি কি কাগজ দিতে হবে,requiredDocuments
আমি নিশ্চিত না,applicationFailures
নতুন ধরনের শক্ত কার্ড পেতে কোথায় যাব,websiteErrors
সংশোধনের আবেদনের অবস্থা জানতে চেয়ে ওয়ান জিরো ফাইভ এ ফোন করেছি,correctionApplicationStatus
ফি জমা করে সংশোধন আবেদন বাতিল হলে টাকা ফেরত হবে কি,applicationCancelled
আমি নতুন ভোটার আমার স্লিপ চুরি গেছে,receiptLostDuplicates
স্থায়ী ঠিকানায় ভোটার হওয়ার পর,addressUpdateProblems
প্রবাসী এনআইডি বা ভোটার নিবন্ধনের জন্য এম্বাসীতে আবেদন জমা দিয়ে এসেছি। বর্তমান অবস্থা কি,overseasRegistration
আমার কার্ড রিলেটেড কোন ধরণের আবেদন অনলাইনে অসম্ভব,onlineApplicationProcess
এনআইডি কার্ডে ভুল তথ্য পেলে কি করতে হবে,correctionErrors
ছবি তুলেছি কিন্তু প্রাপ্তি রশিদ নেই,photoTakenNoCard
হাজবেন্ড এর নাম এনআইডি কার্ডে যোগ করার জন্য কি ডকুমেন্টস দিতে হবে,nameCorrectionDocuments
রি-ইস্যু আবেদনে কত টাকা লাগবে,reissueStatus
সহযোগিতার জন্য ধন্যবাদ।,chatbotCapabilities
ভুল করে জীবিত পিতার নামের পূর্বে মৃত এসেছে,deceasedRelativeInfo
আমার নিজের বাড়ি নাই ভোটার এলাকায়,upazilaFieldEmpty
ভোটার এলাকার সংশোধন করতে কোন কোন কাগজ লাগবে,addressUpdateProblems
এনআইডি কার্ডে একাধিক স্ত্রীর নাম সংযোজন করা যাবে কি,nameCorrectionDocuments
এনআইডি সংশোধনের জন্য অনলাইনে আবেদন করার ঠিকানা কি,onlineAddressInquiry
একাউন্ট লক হওয়ার পর সঠিক তথ্য দেওয়ার পরও লক দেখাচ্ছে,accountLocked
প্রবাসে থাকার সময় এনআইডি আবেদন কিভাবে করবো,overseasRegistration
আমি জার্মানির দূতাবাসে বায়োমেট্রিক দিয়েছি,faceVerificationCompleted
অনুগ্রহপূর্বক আরেকবার বলতে হবে,agentTransferRequest
স্মার্ট কার্ড হারিয়ে গেলে কত টাকা দিতে হবে নতুন কার্ড পাবার জন্য,receiptLostSolutions
হারানো অ্যানইডি কার্ডের জন্য কোন তথ্য না থাকলে কি করতে হবে,receiptLostSolutions
জন্ম তারিখ সঠিক করার জন্য কি ধাপ অনুসরণ করতে হবে,ageEligibility
এনআইডি কার্ডে স্বামীকে মৃত উল্লেখ করার জন্য কোন সনদ জমা দিতে হবে,deceasedRelativeInfo
আপনি কি আর কিছু বলতে চান,agentTransferRequest
বর্তমান ঠিকানা পরিবর্তনের জন্য কি কি কাগজপত্র লাগে,addressUpdateProblems
এনআইডি MATCH FOUND বা এনআইডি ম্যাচ ফাউন্ড হয়েছে হয়ে গেছে,matchFoundErrors
পুরানো এনআইডি হারিয়ে গেলে নতুন স্মার্ট কার্ড পাবার জন্য কি করতে হবে,receiptLostSolutions
স্বামী বা বাবার নামের বানান ভুল থাকলে কিভাবে সংশোধন করব কি কি প্রমাণ জমা দিতে হবে,nameSpellingCorrection
জন্মস্থান ভুল লিখা আছে,correctionErrors
এনআইডি কার্ডে বার্থপ্লেস এর ভুল সংশোধনের জন্য কি কি কাগজ লাগবে,onlineApplicationProcess
কেউ যদি নতুন ভোটারের আবেদন জমা দেয় তাজলে তার কি কি ডকুমেন্টস দরকার,newVoterProcess
কত টাকা লাগে সংশোধন আবেদন করতে,correctionFees
একই তথ্য কতবার সংশোধন বা পরিবর্তন করা যায়,onlineApplicationProcess
আমার পাসপোর্টের মেয়াদ শেষ হয়ে গেছে। আমি কি প্রবাস থেকে এনআইডি বা ভোটার নিবন্ধনের আবেদন করতে পারবো,overseasRegistration
কিভাবে জানবো আমার স্মার্ট কার্ড প্রিন্ট হয়েছে,smartCardPrintStatus
তুমি কি সিঙ্গেল,personalStatusChanges
ভোটার তালিকা আপডেটে আমি যোগ দিতে পারিনি,newVoterNoSms
কি ধরনের আবেন অনলাইন পোর্টালে করা নিষেধ,onlineServicesInquiry
এনআইডি অনলাইন রেজিষ্ট্রেশন করেছি,onlineServicesInquiry
এনআইডি ওয়ালেট কোথায় পাবো,mobileAppIssues
ব্লাড গ্রুপের তথ্য সংশোধনের জন্য কিভাবে আবেদন করব,bloodGroupCorrection
আমার জন্ম সনদ নম্বরটা ভোটার হওয়ার জন্য দেওয়া হয়েছে,newVoterDuplicates
নয় মাস হলো ভোটার হয়েছি কার্ড পাব কবে,websiteErrors
আর কোনো তথ্য জানার আছে,generalQueries
স্থায়ী ঠিকানা পরিবর্তনের জন্য কি কি কাগজপত্র জমা দিতে হবে,addressUpdateProblems
টিন নম্বর প্রক্রিয়ায় কি কি কাগজপত্র লাগবে,requiredDocuments
অনুগ্রহ করে আবার বলুন,agentTransferRequest
সংশোধনের আবেদন স্লিপ হারিয়ে ফেলেছি,receiptLostDuplicates
স্মার্ট কার্ড মুদ্রণ সম্পর্কে কোন নম্বরে বার্তা পাঠাবো জানতে হবে,smartCardPrintStatus
আর কিছু কি জানতে পারি,applicationFailures
এখানে জাতীয় পরিচয় পত্র সম্পর্কিত কোন ধরনের প্রশ্নের উত্তর পাওয়া যাবে,newVoterProcess
অনলাইনে কি কি ধরণের আবেদন করা যায়,onlineServicesInquiry
একটু আস্তে বলবেন,agentTransferRequest
কার্ডের কোন ধরণের আবেদন নেট এ করা যাবে না,onlineServicesInquiry
আমার কার্ড চুরি গেছে,receiptLostSolutions
কি কি সেবা আমি পাবো জাতীয় পরিচয়পত্রের ওয়েবপোর্টাল থেকে,onlineServicesInquiry
ভোটার হয়েছিলাম অনেক আগে,newVoterDuplicates
আমার ছবি বদলের জন্য আবেদন করেছি কিন্তু কোনো ইমেইল বা মেসেজ পাইনি,photoTakenNoCard
স্বামীর এনআইডি নম্বর সংশোধন করতে কি লাগবে,nameChangeProcess
হারানো কার্ড রি-ইস্যুর জন্য কি কি কাগজ লাগে,receiptLostSolutions
আমার জন্ম সনদ নম্বর সংশোধন করতে কি কি ডকুমেন্টস লাগে,requiredDocuments
এনআইডি ওয়ালেট ডাউনলোড করতে পারছি না,mobileAppIssues
আমার কার্ডে আমার আম্মার নামের আগে মৃত উল্লেখ করা কি কি জমা দিয়ে ঠিক করা লাগবে,deceasedRelativeInfo
রি-ইস্যু আবেদনে কত টাকা খরচ,reissueStatus
নতুন ভোটার আবেদন জমা দিতে গেলে উপজেলা বা থানা অফিস নিচ্ছে না,newVoterNoSms
সাইন চেঞ্জ করার নিয়ম কী,newVoterProcess
স্থায়ী ঠিকানা পরিবর্তনের জন্য আমার জাতীয় পরিচয়পত্রে কি কি ডকুমেন্ট দরকার,addressUpdateProblems
কোন ধরনের কার্ড সম্পর্কিত আবেদনগুলো অনলাইনে করা যায় না,onlineServicesInquiry
প্রবাসে ছবি তুলেছিলাম,photoTakenLongAgo
এনআইডির স্লিপ আর কার্ড দুইটাই হারিয়ে গেছে,receiptLostSolutions
অনলাইনে কি কি সেবা পাবো না এনআইডি সার্ভিস থেকে,onlineServicesInquiry
আমি এনআইডি কার্ডের ভুল তথ্য সংশোধন করতে চাই,correctionErrors
বিকাশ একাউন্টে টাকা জমা দেয়ার কিভাবে নিয়ম,correctionFees
ভুল করে আমার কার্ডে মায়ের নাম এর আগে কার্ড এ মৃত চলে আসছে,deceasedRelativeInfo
নিজের নামের বানান ঠিক করতে হলে কি কি ডকুমেন্টস জমা দিতে হবে,nameSpellingCorrection
আমার এনআইডি ফরমে ভুল হয়েছে কি করবো,correctionErrors
নতুন ফোন নম্বর যোগ করতে কি কাগজপত্র দিতে হবে,requiredDocuments
আমার স্মার্ট কার্ড প্রিন্ট হলে কি এসএমএস পাবো,smartCardPrintStatus
আবেদন না করে ফি জমা দিয়েছি,registrationFees
প্রবাসে বসবাস করলে অ্যানআইডি নিবন্ধন করার জন্য কি কি করণীয়,overseasRegistration
নতুন পাসপোর্ট নম্বর সংযোজন বা সংশোধনে কি কি ডকুমেন্ট লাগে,requiredDocuments
দূতাবাসে আবেদন জমা দেওয়ার পর কেনো আমার আবেদন প্রত্যাখ্যাত হয়েছে,newVoterRejection
ফাদার এর কার্ড নেই,requiredDocuments
ভুল নিবন্ধনের কারণে কি ব্যবস্থা নিতে হবে,correctionErrors
নতুন ভোটার হতে চাই কিন্তু হালনাগাদে নাম দিতে পারিনি। কিভাবে হবে,newVoterNoSms
ভোটার নিবন্ধনের আবেদন করার পর উপজেলা থেকে মেসেজ না আসলে কি করতে হবে,newVoterNoSms
আমার স্ত্রীর ভোটার আইডি নম্বর আপডেট করতে চাই।,nameChangeProcess
অনলাইনে ভোটার নিবন্ধনের ফর্ম প্রিন্ট করার পর ফন্টে সমস্যা হচ্ছে,formPrintIssues
প্লাস্টিকের কার্ড উত্তোলন করতে কোথায় যাবো,websiteErrors
রকেট দিয়ে এনআইডি সংশোধনের ফি জমা দেয়ার স্টেপ কী,correctionFees
কার্ড এ ওয়াইফ এর নাম ভুল কি করি,nameSpellingCorrection
আমি ছবি তোলার সময় যে রশিদটি পেয়েছিলাম,photoTakenLongAgo
কার্ডের ঠিকানায় উপজেলার ঘর ফাঁকা থাকলে কি অনলাইনে রেজিষ্ট্রেশন করা যাবে,upazilaFieldEmpty
আপনার কথা স্পষ্ট না,agentTransferRequest
রক্তের গ্রুপ পরিবর্তনের জন্য প্রয়োজনীয় তথ্য কী,bloodGroupCorrection
আমার আইডি করার সময় মাতার নামে বানান ভুল হয়ে গেছে,nameSpellingCorrection
অনলাইনে নতুন ভোটার নিবন্ধনের জন্য কোন ঠিকানায় আবেদন করতে হবে,onlineServicesInquiry
ভোটার হওয়ার সময় প্রদত্ত ফোন নম্বর পরিবর্তন করতে চাই।,nameChangeProcess
বিয়ে করার পরে জাতীয় পরিচয়পত্রে স্বামী নাম যোগ করার জন্য কি কি প্রয়োজন,nameCorrectionDocuments
আমার চিপসহ কার্ড অন্য কেউ কি সংগ্রহ করতে পারবে,websiteErrors
সকাল আটটার আগে অথবা রাত আটটার পরে নয় চাপুন প্রতিনিধি সংযোগের জন্য।,generalQueries
আমার জন্ম সনদ অনলাইনে নাই,unavailableServices
টিন নম্বরের জন্য কি কি কাগজপত্র জমা দিতে হবে,requiredDocuments
অ্যান্ড্রয়েড ফোন না থাকলে আইফোন দিয়ে এনআইডি ওয়ালেট কিভাবে ডাউনলোড করবো,mobileAppIssues
ঠিকানা পরিবর্তন আবেদন সফল হওয়ার পর অনুমোদন পেতে কতদিন সময় লাগে,addressChangeTime
রি-ইস্যুর জন্য কি কি সাপোর্টিং ডকুমেন্ট জমা দিতে হয়,reissueStatus
আমার এনআইডি অ্যাকাউন্ট খোলার সময় লক হয়ে গেছে,accountLocked
আমি কার্ড এর অ্যাপ ডাউনলোড করতে পারছি না,mobileAppIssues
জন্ম সনদের নম্বর ঠিক করার জন্য কি কি কাগজপত্র প্রয়োজন,requiredDocuments
আমার ভোটার এলাকা বদলে গেছে,upazilaFieldEmpty
পুনরায়-ইস্যু ফি কত,reissueStatus
পুরোনো রেজিস্ট্রেশনের ইউজারনেম পাসওয়ার্ড দিয়ে এখন এনআইডি পোর্টালে ঢোকা যাবে,passwordErrors
আমার বউ এর নাম এনআইডিতে সংশোধন করতে কি কাগজপত্র দিতে হবে,nameCorrectionDocuments
ঠিকানা চেঞ্জ জন্য কি কোনো টাকা লাগবে,addressChangeFees
আবার দেখা হবে,agentTransferRequest
ছবি তোলার অনেক সময় হয়ে গেছে,photoTakenNoCard
ফোন নম্বর পরিবর্তন করতে কি কি ডকুমেন্টস লাগবে,requiredDocuments
পাসপোর্টের মেয়াদ না থাকলে কি প্রবাসে বসে ভোটার নিবন্ধন সম্ভব,overseasRegistration
ভোটার কার্ড করার সময় কতো টাকা লাগবে,newVoterFees
পিতা বা মাতা বা স্বামীকে মৃত উল্লেখ করতে কি প্রমাণপত্র দিতে হবে,deceasedRelativeInfo
কারো কার্ড ঠিক করার জন্য অনলাইনে আবেদন করার এড্রেস কি,onlineApplicationProcess
আমার স্মার্ট কার্ডের বর্তমান অবস্থা জানতে যাচ্ছি।,smartCardConversion
আইডি কার্ড ক্ষতিগ্রস্ত হয়েছে,reissueStatus
মৃত ব্যক্তির আইডিকার্ড সংশোধন করতে কি করণীয়,onlineApplicationProcess
ঠিকানা পরিবর্তনের আবেদন করলে কি ফি দিতে হয়,addressChangeFees
আবেদনে ভুল তথ্য দেয়া গেছে কি করবো,correctionErrors
আমি ঠিকানা চেঞ্জের জন্য আবেদন করেছি,onlineAddressInquiry
আপনার উত্তর কোথায়,generalQueries
আমি পুরোটা ধরতে পারি নাই,applicationFailures
কার্ডে ফোন নম্বর আপডেট করার জন্য কি ডকুমেন্টস দরকার,requiredDocuments
কম বয়সী এনআইডি কার্ডধারীরা কখন ভোটার হন,ageEligibility
ভোটার ঠিকানা চেন্জ করে কার্ড ডাউনলোড করতে পারছি না কেন,unavailableServices
আগে কার্ড এর পোর্টাল এ রেজিস্ট্রেশন করা ছিল এখন কিভাবে লগ-ইন করব,onlineServicesInquiry
আমার এনআইডি কার্ডে পিতার নামের বানানে ভুল হয়েছে,nameSpellingCorrection
আমি বিদেশে থাকি ছবি তুলছি কার্ড এর জন্য,photoTakenLongAgo
এনআইডি রি-ইস্যু করার জন্য কি কি কাগজপত্র লাগবে,reissueStatus
আমার ন্যাশনাল আইডির ছবি নেওয়া হয়েছিল,photoTakenLongAgo
জামাইর এনআইডি নম্বর পরিবর্তন এর উপায় কি,nameChangeProcess
অনলাইনে এনআইডি সেবা কি কি করে,onlineServicesInquiry
স্মার্ট কার্ডের বা চিপসহ কার্ড মুদ্রণ তথ্য জানতে আমি কীভাবে এসএমএস পাঠাবো,smartCardPrintStatus
কিভাবে স্মার্ট কার্ড মুদ্রণ সম্পর্কে জানতে ম্যাসেজ পাঠাবো,smartCardPrintStatus
বর্তমান ঠিকানায় ভোটার হওয়ার জন্য কি করণীয়,newVoterProcess
আমি একবারই ভোটার হয়েছি কিন্তু আমার নতুন ভোটার এর এপ্লাই বাতিল করা হয়েছে,newVoterRejection
কার্ড উত্তোলনের জন্য প্রাপ্তি রশিদ না থাকলে কি করতে হবে,websiteErrors
বর্তমান ঠিকানা কি অনলাইনে আবেদন করা যাবে,onlineAddressInquiry
স্বামী নাম সংশোধনে এনআইডি কার্ডে কি কি ডকুমেন্টস লাগবে,nameCorrectionDocuments
ঠিকানা পরিবর্তন করতে পূর্ববর্তী ভোটার এলাকার তথ্য কোথায় পাওয়া যাবে,addressUpdateProblems
আমার স্মার্ট কার্ড কোথা থেকে সংগ্রহ করতে পারি,smartCardConversion
ভুল করে ২য় বার ভোটার হয়েছি। জানতে পারলাম ম্যাচ ফাউন্ড. এখন কি করনীয়,correctionErrors
আগের আইডি কার্ডে অ্যানআইডি নম্বর ছিল বেশি,matchFoundErrors
আজকের মধ্যেই কার্ড পাওয়ার কোন ব্যবস্থা রয়েছে,websiteErrors
ছবি তোলার পর কতদিন পর এসএমএস পাবো,photoTakenNoCard
একই তথ্য কতবার পরিবর্তন করা যায়,onlineApplicationProcess
আমার স্মার্ট কার্ড আবেদনের স্ট্যাটাসটা জানতে যাচ্ছি।,smartCardConversion
বিকাশে কিভাবে ব্যালেন্স জমা হবে,correctionFees
অনলাইনে কি আমার নতুন ঠিকানা নথিভুক্ত করার জন্য আবেদন করতে পারি,onlineAddressInquiry
আগে রেজিষ্ট্রেশন করা হলে সাইন ইন করতে চাচ্ছি,generalQueries
অনলাইনে “অপ্রত্যাশিত সমস্যার জন্য দুঃখিত” দেখাচ্ছে,passwordErrors
ফি জমা দিয়ে আবেদন না করলে টাকা ফেরত পাব কি না,registrationFees
এনআইডি অনলাইন পোর্টালে “আপনার একাউন্ট লক করা হয়েছে” মেসেজ দেখায়,accountLocked
নতুন ভোটার হওয়া সত্ত্বেও কার্ড বাতিল বা রিজেক্টেড কেন হয়েছে,newVoterRejection
স্ত্রীর নামে ভুল থাকলে তা সংশোধনের জন্য কি কি ডকুমেন্টস লাগবে,nameCorrectionDocuments
আমার এনআইডি card এ অন্য ব্যক্তির তথ্য চলে এসেছে। কিভাবে সংশোধন করা যাবে,onlineApplicationProcess
এখানে আমি কীভাবে সাহায্য পাব,generalQueries
আমার এনআইডি কার্ডে কিছু তথ্য সংশোধন করতে চেয়েছিলাম,onlineApplicationProcess
আমার আর কোন কিছু জিজ্ঞাস করার নাই ধন্যবাদ,applicationFailures
আরেকটু বিস্তারিত বলুন,agentTransferRequest
ছবি কালো আসছে,photoTakenNoCard
রকেটে এনআইডি সংশোধনের ফি কিভাবে প্রদান করবো,correctionFees
আমি প্রবাসী হিসেবে ভোটার নিবন্ধন আবেদন করেছি,newVoterDuplicates
স্ত্রীর এনআইডি নম্বরে ভুল আছে,correctionErrors
ভোটার হওয়ার আগে কি কি শর্ত থাকে,newVoterProcess
আমার কেইসটা স্পেশাল,agentTransferRequest
আমার নাম ভোটার তালিকায় নেই কারণ হালনাগাদে যোগ দিতে পারিনি। এখন কি করবো,newVoterNoSms
রকেট মোবাইল ব্যাংকিং-এ এনআইডি সংশোধনের টাকা কীভাবে জমা হবে,correctionFees
আমি আমার পেশা পরিবর্তন করতে চাই কিন্তু কিভাবে করতে পারি,nameChangeProcess
ফিঙ্গারপ্রিন্ট দিয়ে একাউন্ট ভেরিফাই করতে সমস্যা হচ্ছে,formPrintIssues
আমি তো জানিনা ওইসব ব্যাপারে!,applicationFailures
ভোটার হওয়ার আগে কি কি শর্ত থাকে,newVoterProcess
ক্যাচ ইউ লেটার,generalQueries
পাসপোর্টের ক্ষেত্রে দশ ডিজিট এর ভোটার কার্ড নম্বর দিয়ে ভেরিফাই করা যায় না কেন অপরদিকে সতেরো ডিজিট নম্বর ব্যবহার করলে ভেরিফাই করা সম্ভব হয়।,unavailableServices
প্রবাসীদের ভোটার নিবন্ধন আবেদন জমা দিলাম,newVoterDuplicates
অ্যান্ড্রোয়েড ফোন না থাকলে আমি কি এনআইডি ওয়ালেট এপ্লিকেশনটা কিভাবে নামাতে পারি,mobileAppIssues
কার্ডে রক্তের গ্রুপ অন্তর্ভুক্তির প্রক্রিয়া সম্পর্কে জানাবেন,bloodGroupCorrection
আমার এনআইডি সংশোধন আবেদনের স্ট্যাটাস কি,correctionApplicationStatus
কমপ্লেইন সেকশনে ট্রান্সফার করুন,agentTransferRequest
স্মার্ট কার্ড নিতে কি কোন ফি রয়েছে,newVoterFees
আমি এম্বাসিতে আবেদন দিয়েছি,correctionApplicationStatus
ভোটার ঠিকানা ট্রান্সফার রিকোয়েস্ট চলমান,faceVerificationCompleted
আমার কার্ডে পিতা বা স্বামীর বা মাতার নামের জায়গায় মৃত উল্লেখ করা হয়েছে,deceasedRelativeInfo
কার্ডে পেশা আপডেট করতে কিভাবে আবেদন করব,onlineApplicationProcess
মোবাইলে এ ওটিপি না আসলে কীভাবে সমস্যার সমাধান করবো,mobileAppIssues
বাসা বদল করেছি,faceVerificationCompleted
নতুন ভোটার নিবন্ধনের জন্য বয়সের সীমা কত,ageEligibility
বাতিল হওয়া আবেদন পুনরায় করতে কি টাকা জমা করতে হবে,applicationCancelled
অনলাইন পোর্টালে সাইন আপ করার জন্য প্রথমে কী করতে হবে,onlineServicesInquiry
এনআইডি কার্ডে মাতাকে মৃত উল্লেখ করার জন্য কোন সনদ জমা দিতে হবে,deceasedRelativeInfo
পিতার এনআইডি নম্বরে কি কোনো পরিবর্তন সম্ভব,nameChangeProcess
আমি চাই একদম আলাদা কিছু,applicationFailures
ভোটার এলাকা পরিবর্তনের জন্য কি অনলাইন আবেদন করা যায়,onlineAddressInquiry
বর্তমান ও স্থায়ী ঠিকানা এট এ টাইম চেঞ্জ করার আবেদন কি করা সম্ভব,onlineAddressInquiry
ভোটার হওয়ার পূর্ব শর্ত কী কী,newVoterProcess
নতুন ভোটার হিসেবে অনলাইনে কীভাবে আবেদন করবো,onlineServicesInquiry
জন্মস্থান সঠিক নয়,correctionErrors
তো কি করবো এখন,applicationFailures
আমার কার্ড এ পাপার নাম ভুল আছে,nameSpellingCorrection
রকেট থেকে এনআইডির টাকা জমা দিতে হলে কী করবো,correctionFees
আব্বার নামের বানান ভুল আছে আমার কার্ডে কিভাবে ঠিক করা যাবে,nameSpellingCorrection
নতুন জাতীয় পরিচয়পত্র নিবন্ধন করার পদ্ধতি কী,newVoterProcess
একটু আবার বলবেন,agentTransferRequest
আমার আইডি লক এর আট ঘন্টা পরে রেজিস্ট্রেশন করতে গেছি কিন্তু এখনও লক দেখাচ্ছে,accountLocked
ফিঙ্গারপ্রিন্ট আপডেট করে বহুদিন হয়ে গেছে,formPrintIssues
অনেক দিন হয়ে গেল কোন মেসেজ পাচ্ছি না,unavailableServices
আমার কাছে স্পষ্ট না,applicationFailures
জন্ম নিবন্ধন নম্বর সংশোধনের জন্য কি কি কাগজপত্র লাগে,requiredDocuments
একটা তথ্য কি শুধুমাত্র একবার ই ঠিক করা যাবে,correctionErrors
বিয়ের পরে এনআইডি কার্ডে স্বামী নাম যোগ করতে কি কি কাগজপত্র লাগবে,nameCorrectionDocuments
বাবার ঠিকানা ও আমার ঠিকানা আলাদা,differentAddresses
এনআইডি কার্ডে ঠিকানা বদলের জন্য কি কি সার্টিফিকেট লাগে,addressUpdateProblems
নতুন ভোটার হতে চাইলে কি করতে হবে,newVoterProcess
রেজিস্ট্রেশন হচ্ছে না এফ এন আইডি দিয়ে অনলাই পোর্টাল এ কি করব,unavailableServices
সংশোধনের আবেদন বাতিল করতে চাই,applicationCancelled
মোবাইল দিয়ে কোন ধরনের কার্ড এর আবেদনগুলো করতে পারি,smartCardConversion
এনআইডি করতে কোন কোন দেশের জন্য দ্বৈত নাগরিকত্ব লাগবে না,dualCitizenship
স্মার্ট কার্ড প্রিন্ট হওয়া বা বিতরণ সম্পর্কে কি আমাকে এসএমএস পাঠানো হবে,smartCardPrintStatus
বর্তমান ঠিকানা পরিবর্তন করতে কতদিন সময় প্রয়োজন,addressChangeTime
আমার মায়ের স্মার্ট কার্ড নম্বর পরিবর্তন করার প্রয়োজন।,nameChangeProcess
আমার এলাকায় সবাই কার্ড পেয়েছে,matchFoundErrors
কার্ড রিলেটেড প্রয়োজনীয় সাহায্য না পেলে অভিযোগ করার জন্য কি করতে হবে,websiteErrors
কার্ডে যদি কোনো তথ্য ভুল থাকে তবে সেটা কিভাবে সংশোধন করা যাবে,correctionErrors
আমি আমার জাতীয় পরিচয়পত্র সংশোধনের জন্য আবেদন করেছিলাম,correctionApplicationStatus
আমার কার্ডে পিতার নামের আগে মৃত শব্দ এড করতে চাইলে কি কি করতে হবে,deceasedRelativeInfo
নতুন আইডি কার্ড পাব কোথা থেকে সংশোধনের পর,onlineApplicationProcess
প্লাস্টিকের কার্ড হারিয়ে গেলে নতুন কার্ড রিইস্যু করা যায় কি,receiptLostSolutions
আপু প্লিজ আরেকবার বলতে পারবেন আমি শুনতে পারি নাই,agentTransferRequest
মোবাইলের সিম বা অন্যান্য ক্ষেত্রে ফিঙ্গারপ্রিন্ট দিলে আমার তথ্য আসেনা। কি করনীয়,formPrintIssues
পাসপোর্ট নম্বর সংশোধনে কি কি কাগজপত্র প্রয়োজন,requiredDocuments
আমি মাস আগে পিকচার চেঞ্জের জন্য আবেদন দিয়েছি,correctionApplicationStatus
আমি তো এসএসসি পাশ করিনি,applicationFailures
কার্ড এ স্বামীর নামের আগে ভুল কইরা মৃত লিখা কি করব,deceasedRelativeInfo
পেশা বদলানোর জন্য কোন কোন কাগজপত্র লাগবে,addressUpdateProblems
নিউ কার্ড নিয়ে নিয়েছি,websiteErrors
আমি নতুন দশ ডিজিট আইডি কার্ড পেয়েছি কিন্তু পুরানো পিন দিয়ে কাজ করছে না,unavailableServices
ওয়ালেট ডাউনলোড না হলে কি সমাধান আছে,mobileAppIssues
আমি ফেস এর ভেরিফিকেশন সফলভাবে করেছি,faceVerificationCompleted
ঠিকানা পরিবর্তন করলেও,onlineAddressInquiry
নতুন ভোটারের জন্য অনলাইনে আবেদন করেছি কিন্তু ফর্মটি প্রিন্ট করলে ফন্ট ভেঙ্গে যাচ্ছে। কি করণীয়,formPrintIssues
ছবি তোলার জন্য মোবাইলে বার্তা পেলাম,photoTakenNoCard
পিতা বা স্বামীর নামের ভুল বানান ঠিক করতে কি কি দলিল দিতে হবে,nameSpellingCorrection
চিপসহ কার্ড হারিয়ে গেলে আবার কি ভাবে নতুন কার্ড পাবো,receiptLostSolutions
টিন নম্বরের জন্য কোন কোন ডকুমেন্টস লাগবে,requiredDocuments
নতুন নিবন্ধনের জন্য কি কি ডকুমেন্ট জমা দিতে হয়,newVoterProcess
স্মার্ট কার্ড মুদ্রণ সম্পর্কে জানার জন্য কিভাবে এসেমেস পাঠাবো,smartCardPrintStatus
প্রবাসী এনআইডি নিবন্ধন করলেও স্মার্ট কার্ড কোথা থেকে পাবো,smartCardConversion
আমি কিছুই বুঝতে পারিনি,applicationFailures
বাংলাদেশে আমার স্মার্ট কার্ডের প্রিন্টিং অবস্থা জানতে কোন নাম্বারে এসএমএস করা যায়,smartCardPrintStatus
এনআইডি সংশোধনের জন্য কোথায় যোগাযোগ করতে হবে,onlineApplicationProcess
স্মার্ট কার্ড কত টাকার,newVoterFees
আমার পার্মানেন্ট ঠিকানা পরিবর্তন করার জন্য এনআইডি কার্ডে কি কি ডকুমেন্ট লাগবে,addressUpdateProblems
জাতীয় পরিচয়পত্রে মা'র নামের বানান সংশোধন করতে কোন কাগজপত্র প্রয়োজন,nameCorrectionDocuments
তুমি কি কাঁদো,applicationFailures
স্মার্ট কার্ড তুলতে কি কি জমা দেওয়া লাগে,newVoterFees
রি-ইস্যু করতে কত খরচ,reissueStatus
ফিঙ্গারপ্রিন্ট আপডেটের পরেও কেনো পেন্ডিং,formPrintIssues
আমার স্ত্রীর এনআইডি কিভাবে চেঞ্জ করব,nameChangeProcess
নতুন ভোটার হওয়ার জন্য কি ফি জমা দিতে হয়,registrationFees
আমি আমার কার্ডের জন্য বায়োমেট্রিক সাবমিট করেছি,faceVerificationCompleted
কার্ডে ব্লাড রিলেটেড ইনফো ঠিক করতে কি করা লাগবে,onlineApplicationProcess
আমি অ্যানআইডি বা ভোটার নিবন্ধনের জন্য আবেদন দিয়েছি,newVoterDuplicates
কলটা কেটে দেন,generalQueries
কি কি কারণে স্মার্ট কার্ড প্রিন্ট নাও হতে পারে,smartCardPrintStatus
ফেস ভেরিফাই হয়ে গেছে,unavailableServices
আমার জাতীয় পরিচয়পত্রের অংশবিশেষ পুড়ে গেছে,reissueStatus
আর কোনো প্রশ্ন নেই,applicationFailures
যদি আমার জন্ম নিবন্ধন এবং এসএসসি সনদে তথ্যগত পার্থক্য থাকে,differentAddresses
আমার কার্ডে আমার স্বামী-র নামের আগে মৃত উল্লেখ করতে চাই,deceasedRelativeInfo
ঠিকানা বদলের জন্য ভোটার এলাকা পরিবর্তন ফরমে কি কি কাগজপত্র লাগে,addressUpdateProblems
সংশোধন আবেদন জমা দেওয়ার জন্য টাকা জমা দিয়েছিলাম,correctionFees
আমি ভোটার স্থানান্তর করেছি,faceVerificationCompleted
এনআইডি কার্ডে তথ্য পরিবর্তনের প্রক্রিয়া কী,onlineApplicationProcess
আগের কার্ড চুরি হয়ে গেছে নতুন কার্ডের জন্য কত টাকা ফি দিতে হবে,receiptLostSolutions
আমি জাপানে আছি কি করে আমি বাংলাদেশের এনআইডি কার্ড পাব,overseasRegistration
আমার আইডি তে লক দেখাচ্ছে কিভাবে কি করা লাগবে,accountLocked
অপ্রত্যাশিত সমস্যার জন্য দুঃখিত' এরকম বার্তা দেখাচ্ছে,passwordErrors
এই চ্যাটবটের মাধ্যমে জাতীয় পরিচয় পত্র পুনঃপ্রাপ্তি সম্পর্কে সহায়তা চাইতে পারি,chatbotCapabilities
ছবি তোলার জন্য যে রশিদ পেয়েছিলাম,photoTakenLongAgo
প্রবাসী এনআইডি বা ভোটার নিবন্ধনের জন্য আমি আমেরিকার এম্বাসিতে আবেদন করেছি। স্মার্ট কার্ড কিভাবে পাবো,smartCardConversion
কার্ড রি-ইস্যুর জন্য সাপোর্টিং ডকুমেন্টস কিভাবে জমা দেবো,reissueStatus
দশ ডিজিট আইডি কার্ড পেয়ে পিন পরিবর্তনে সমস্যা হচ্ছে,matchFoundErrors
তালাকের পর আমার কার্ড এর তে স্বামীর নাম বাদ দেওয়ার প্রসেস কী,nameCorrectionDocuments
ছবি তোলার জন্য মেসেজ পেয়েছি,photoTakenNoCard
আমার এনআইডি সংক্রান্ত সব কাগজপত্র হারিয়ে গেছে,receiptLostDuplicates
আমার মা এর এনআইডি নম্বর আপডেট করতে চাই,nameChangeProcess
আমি আমার বাংলাদেশের এনআইডি স্মার্ট কার্ডে নিবন্ধন করতে চাই।,smartCardConversion
পাসওয়ার্ড ভুল দেখালে কি পদক্ষেপ নিতে হবে,passwordErrors
আমি কার্ডে নতুন স্বাক্ষর এড করতে চাই,websiteErrors
আমি ইউরোপে আছি। বাংলাদেশের এনআইডি কার্ডের জন্য আবেদন করতে কি করতে হবে,overseasRegistration
নতুন ঠিকানায় আপডেট করতে কোন ধরনের ফি আছে,addressChangeFees
মায়ের এনআইডি নম্বরে ভুল আছে,correctionErrors
প্রকাশ্যতা নেওয়ার সময় আমার ছবি তোলা হয়েছিল,photoTakenLongAgo
আমি ফরেইনার দূতাবাসে এনআইডি বা ভোটার নিবন্ধন আবেদন করেছি,overseasRegistration
স্থায়ী ঠিকানা আপডেট করতে কত সময় লাগে,addressChangeTime
ভোটার এলাকা পরিবর্তন করতে কি কি প্রয়োজন,addressUpdateProblems
একাউন্ট তৈরির সময় কিউআর কোড এসেছে,generalQueries
আমি একজন মানুষের সাথে কথা বলতে চাই,agentTransferRequest
মাতাকে মৃত উল্লখ করতে চাইলে কি কি কাগজ লাগবে,deceasedRelativeInfo
আমি ভোটার হয়েছি,newVoterDuplicates
ফর্ম নম্বর দিয়ে দিয়ে রেজিষ্ট্রেশন করতে পারছি না।,unavailableServices
পেশায় ভুল আছে,correctionErrors
বিভিন্ন তথ্যের রং আসছে সেটা সংশোধনে কি করতে হবে,onlineApplicationProcess
এনআইডি কার্ডে বার্থ প্লেস ভুল হয়েছে,correctionErrors
কি হবে আমার এনআইডি লক হয়ে গেছে,accountLocked
রি-ইস্যু আবেদনের ফি আমি জমা দিয়েছি তবে আবেদন সাবমিট করার আগেই টাকা ব্যবহার হয়ে গেছে,reissueStatus
প্রবাসী বাংলাদেশীদের জন্য জাতীয় পরিচয়পত্র বা ভোটার হওয়ার কী প্রক্রিয়া,newVoterProcess
আমি কীভাবে অনলাইনে জাতীয় পরিচয় পত্র যাচাইকরণের স্ট্যাটাস চেক করতে পারি,onlineServicesInquiry
আমি কি অনলাইনে আমার ঠিকানা বদলের জন্য আবেদন করতে পারি,onlineAddressInquiry
নতুন ভোটার হয়ে স্মার্ট কার্ড পেতে কি করতে হবে,smartCardConversion
আমি কয়েক মাস আগে ছবি তুলেছিলাম কিন্তু স্লিপটা হারিয়ে ফেলেছি,receiptLostDuplicates
এনআইডি ওয়ালেট শুধু অ্যান্ড্রয়েড ফোনে চলে আমি কী করবো,mobileAppIssues
স্মার্ট কার্ড কোথায় নিতে হবে,smartCardConversion
আমি এবং আমার বাবার ঠিকানা আলাদা,differentAddresses
অনলাইনে ভোটার এলাকা পরিবর্তন করা যায় কি,onlineAddressInquiry
জন্ম তারিখ পরিবর্তনের জন্য প্রয়োজনীয় নথিপত্র কী,requiredDocuments
আমি স্মার্ট কার্ড করতে চাই,smartCardConversion
বাংলাদেশের জাতীয় পরিচয়পত্রে ফোন নম্বর আপডেট করতে কি কি কাগজপত্র জমা দিতে হবে,requiredDocuments
স্বাক্ষর আপডেট করতে হলে কি কি লাগে,requiredDocuments
নতুন ভোটার হওয়ার জন্য অনলাইনে ফর্ম পূরণ করবো কীভাবে,onlineServicesInquiry
এনআইডি হারালে আবার কিভাবে নতুন করে পাবো,receiptLostSolutions
ভোটার ঠিকানা পরিবর্তনের জন্য ইউটিলিটি বিল ছাড়া কি অন্য কোনো কাগজপত্র জমা দিতে হবে,addressUpdateProblems
মার ভোটার আইডি নম্বর আপডেট করতে চাই।,nameChangeProcess
জাতীয় পরিচয়পত্রে আমার বাবার নাম বদল করতে কি কি লাগবে,nameChangeProcess
আমি কি আরও কিছু জানতে পারি,applicationFailures
ফরম নাম্বার দিয়ে রেজিস্ট্রেশন করলাম,newVoterDuplicates
আমার পরের ভোটাররা স্মার্ট কার্ড নিয়েছে,smartCardConversion
এই চ্যাটবট কি কি প্রশ্নের উত্তর দিতে পারে,chatbotCapabilities
দ্রুত ভোটার হওয়ার জন্য কোন ব্যবস্থা আছে,newVoterProcess
স্বাক্ষর পরিবর্তনের প্রক্রিয়া কী,onlineApplicationProcess
আমার আইডিতে বাবার নামের বানান ভুল হয়ে গেছে,nameSpellingCorrection
অনলাইনে আবেদন করা হয়েছে,onlineServicesInquiry
অনলাইনে কি কি সেবা পাবো এনআইডি সার্ভিস থেকে,onlineServicesInquiry
প্রবাসী এনআইডি বা ভোটার নিবন্ধনের জন্য দূতাবাসে আবেদন করেছি। স্মার্ট কার্ড কীভাবে পাবো,smartCardConversion
ভুলে পিতাকে মৃত দেখানো হয়েছে,deceasedRelativeInfo
এম্বাসিতে ভোটার নিবন্ধন আবেদন করার পর এডজুডিকেশন পেন্ডিংঅবস্থায় থাকার কারণে কি করা উচিত,pendingApplications
আমার কার্ডে মাতার নামের আগে মৃত শব্দটি যুক্ত করতে চাচ্ছি এইটার জন্য কি করব,deceasedRelativeInfo
আমার আসল শিক্ষাগত যোগ্যতা কম,applicationFailures
কি কি সেবা প্রদান করা হয় না অনলাইনে এনআইডির জন্য,onlineServicesInquiry
এনআইডি একাউন্ট লক হয়ে গেছে,accountLocked
কার্ডে রক্তের গ্রুপের তথ্য কিভাবে ঠিক করব,bloodGroupCorrection
ভোটার এলাকার নাম,upazilaFieldEmpty
নতুন ভোটার হওয়ার জন্য আবেদনে শনাক্তকারী কার নাম লিখতে হবে,newVoterProcess
জরুরি রি-ইস্যু আবেদন করেছি,reissueStatus
অনলাইনে স্থায়ী ঠিকানা সংশোধন করা যাবে,onlineAddressInquiry
কার্ডে আমার শিক্ষাগত যোগ্যতা ভুল আছে,correctionErrors
রি-ইস্যু আবেদন করছিলাম আর কতদিন লাগে,reissueStatus
আমি ভোটার আইডি কার্ডের জন্য আবেদন করেছি কিন্তু কোনো এসএমএস আসেনি উপজেলা থেকে,newVoterNoSms
আমার যে নম্বর দিয়েছে কাগজে সেটা দিয়ে রেজিস্ট্রেশন করা যাচ্ছে না কি করবো,unavailableServices
আমার কার্ড লক হয়ে গেছে,accountLocked
আমি প্রথম ভোটার হয়েছি কিন্তু আমার নতুন ভোটার আবেদন বাতিল হয়ে গেছে,newVoterRejection
আর কিছু লাগবে না,applicationFailures
নতুন ভোটার নিবন্ধনের জন্য ফর্মটা প্রিন্ট করলে ফন্ট ভাঙছে,formPrintIssues
আমার ছবি তোলার সময় প্রাপ্ত রশিদ কোথায় হারিয়ে গেছে,receiptLostDuplicates
এনআইডি তে ভুল সংশোধনের জন্য আবেদন কোথায় করবো,correctionErrors
আমার কার্ডে বাবার নামের আগে মৃত শব্দটি যুক্ত করতে চাচ্ছি এইটার জন্য কি করব,deceasedRelativeInfo
কার্ডে সাইন টা আপডেট করতে কি করা লাগবে,onlineApplicationProcess
পেশা পরিবর্তনের কিভাবে করে,onlineApplicationProcess
আমার জাতীয় পরিচয়পত্রে জন্মস্থান ভুল লেখা আছে,correctionErrors
কার্ড হারানো বা নষ্ট হলে কত খরচ আসবে,receiptLostSolutions
ভোটার রিলেটেড অফিস বা উপজেলাগুলোতে গেলে সাহায্য পাচ্ছি না,newVoterNoSms
নির্ধারিত সময়ের বাইরে নয় চেপে প্রতিনিধি সংযোগ করুন।,generalQueries
কার্ড লক হয়ে গেলে কী পদক্ষেপ নিতে হবে,accountLocked
আমার জন্মস্থানের তথ্য ভুল,correctionErrors
ভুল ক্রমে কার্ড এ স্বামীর নামের আগে মৃত লেখা সংশোধনের জন্য কি কি ডকুমেন্টস লাগে,nameCorrectionDocuments
সংশোধন আবেদন বাতিল করার পদ্ধতি কী,applicationCancelled
আমার কার্ডে জন্ম তারিখ এর ভুল পরিবর্তনের আবেদন কীভাবে করব,correctionErrors
এই চ্যাটবট কি ধরনের সেবা প্রদান করে,chatbotCapabilities
আমার এনআইডি অ্যাকাউন্ট লক হয়ে গেছে,accountLocked
নতুন ভোটার হয়ে স্মার্ট কার্ড সংগ্রহ করার প্রক্রিয়া কি,smartCardConversion
ঠিকানা সংশোধনের জন্য অনলাইনে আবেদন করা যাবে কি,onlineAddressInquiry
নতুন ভোটার নিবন্ধন ফর্ম প্রিন্ট করার পর ফন্ট সমস্যা হলে কি করবো,formPrintIssues
আমি বিদেশে বসে এনআইডি কার্ডের জন্য আবেদন করেছি,overseasRegistration
বয়স এর তথ্য ঠিক করানো লাগবে কার্ডে এইটার জন্য কোথায় যোগাযোগ করতে পারি,ageEligibility
আমার কার্ড এ আম্মার নামের আগে মৃত যুক্ত করতে চাচ্ছি কিভাবে করব,deceasedRelativeInfo
আচ্ছা আপনি কি বলতে চান,agentTransferRequest
এনআইডি ওয়ালেট এ ফেস ভেরিফিকেশন করতে পারছি না।,unavailableServices
ভুলে কার্ডে জামাইর নাম এর আগে কার্ড এ মৃত চলে আসছে,deceasedRelativeInfo
অনেক আগে ভোটার হয়েছিলাম,newVoterDuplicates
ভোটার নিবন্ধন ভুল হলে কি করতে হবে,correctionErrors
নতুন এনআইডি পেতে অনলাইন আবেদন কোথায় করবো,onlineServicesInquiry
আমার বাবার জন্য নতুন এনআইডি নম্বর চাই।,nameChangeProcess
আমার আইডি করাতে সময় মাতার নামের বানানে একটি ভুল হয়ে গেছে। এখন আমি এই ভুলটি সংশোধন করতে চাই। কিন্তু কার সাথে যোগাযোগ করতে হবে তা আমি জানি না।,nameSpellingCorrection
স্মার্ট কার্ড নেওয়ার জন্য কি পেমেন্ট করতে হবে,newVoterFees
আমার কার্ড সংশোধনের জন্য অনলাইনে আবেদন করা হয়েছে,onlineApplicationProcess
আমার এন আইডি এফ এন নম্বর দিয়ে রেজিষ্ট্রেশন কেন হচ্ছে না,unavailableServices
আমার কার্ডের তথ্য ভুল আছে,correctionErrors
ভোটার মাইগ্রেট শেষে রি-ইস্যুর জন্য কি প্রয়োজন,reissueStatus
কার্ডে পেশা পরিবর্তনের জন্য আবেদন করার উপায় কী,onlineApplicationProcess
সংশোধিত আইডি কার্ড পাব কোথা থেকে,onlineApplicationProcess
সংশোধনের জন্য কিভাবে টাকা জমা দিতে হয়,correctionFees
এনআইডি কার্ড সংশোধন হয়ে গেলে কোথা থেকে কার্ড নিতে হবে,onlineApplicationProcess
আমি অনলাইনে নতুন ভোটারের জন্য আবেদন করেছি,newVoterDuplicates
এনআইডি লক হয়ে গেছে,accountLocked
স্মার্ট কার্ড কোথায় পাবো,smartCardConversion
ঢাকায় থাকি আমি,upazilaFieldEmpty
ডকুমেন্ট সব সঠিক দেওয়ার পরেও আবেদন বাতিল হলো,newVoterRejection
হালনাগাদে রেজিস্ট্রেশন দিতে পারিনি তাই এখন কিভাবে ভোটার হবো,newVoterNoSms
সংশোধন ফি জমা দেওয়ার পর আবেদন সাবমিট করার আগেই টাকা চলে গেছে,applicationCancelled
আপনার কাছ থেকে আর কিছু জানা যাবে,applicationFailures
অনলাইনে আবেদন করার পরে তথ্য ভুল হওয়ার পর সমাধান কিভাবে পাবো,passwordErrors
ভোটার হতে গেলে কী কী শর্ত পূরণ করতে হবে,newVoterProcess
আমি আমার এনআইডি কার্ড সংশোধন করতে চেয়েছিলাম,onlineApplicationProcess
এনআইডি কার্ডে ভুল তথ্য থাকলে কিভাবে সংশোধন করব,correctionErrors
স্ত্রীর নাম পরিবর্তন করতে কি কি ডকুমেন্টস লাগবে,nameCorrectionDocuments
আমার জন্ম নিবন্ধন ও এসএসসি সনদে কিছু তথ্যগত পার্থক্য আছে,differentAddresses
কোন কোন দেশের নাগরিকরা দ্বৈত নাগরিকত্ব ছাড়াই এনআইডি করতে পারবেন,dualCitizenship
সংশোধন আবেদন করার পরে কত দিনে জানতে পারবো কি হয়েছে,correctionApplicationStatus
আমার এনআইডি কার্ডে টিন নম্বর যোগ করতে কি ডকুমেন্টস দিতে হবে,requiredDocuments
সংশোধন প্রক্রিয়া দ্রুত করতে কি অতিরিক্ত টাকা দিতে হয়,correctionFees
সকল ডকুমেন্ট দিয়েছি তবুও কেন আমার কার্ড আবেদন বাতিল,newVoterRejection
তুমি কি বিবাহিত,personalStatusChanges
নতুন ভোটারের এপ্লাই করার পর কেন এসএমএস আসছে না,newVoterNoSms
ভোটার কার্ড পাওয়ার জন্য কতো টাকা লাগবে,newVoterFees
আমার কার্ডে ছবিটা দেখতে ঝাপসা,photoTakenNoCard
ছবি তোলার পরে এসেমেস কি ভাবে পাবো,photoTakenNoCard
এনআইডি সংশোধনের জন্য অনলাইনে আবেদন করার অ্যাড্রেস কি,onlineAddressInquiry
পিতার ঠিকানা আলাদা,differentAddresses
বার্থ রেজিস্ট্রেশন এর এড্রেস ডিফারেন্ট হলে নতুন ভোটার আবেদন করতে কি হতে পারে,addressUpdateProblems
আমার জন্ম দুইহাজার সালে কিন্তু কার্ডে ভুলে দুইহাজার বিশ আসছে এখন এইটা কিভাবে ঠিক করা যাবে,correctionErrors
সরাসরি কিছু বলেন না কেন,agentTransferRequest
আমার জন্ম সনদের ইনফরমেশনটা এসএসসি সনদের সাথে মেলে না,differentAddresses
দ্বৈত নাগরিকত্ব সনদ নিতে কাদের কাছে আবেদন করতে হবে,dualCitizenship
কার্ডের ছবির সমস্যা হলে কি করবো,photoTakenNoCard
আব্বা আম্মার এনআইডি নেই,requiredDocuments
নতুন ভোটার হওয়ার জন্য আবেদন জমা দিতে গেলাম,newVoterDuplicates
আমার নামে ইউটিলিটি বিল নাই,unavailableServices
এই বিষয়ে একজন এক্সপার্টের সাথে কথা বলা দরকার,generalQueries
আমার পিতার নাম জাতীয় পরিচয়পত্রে বদল করতে কি কি কাগজ লাগবে,nameCorrectionDocuments
সংশোধনের জন্য জমা দেয়া টাকা বাতিল হলে ফিরে পাবো কি,applicationCancelled
তুমি সুন্দরী না কুৎসিত,personalStatusChanges
তাহলে এটা ঠিক হলো,applicationFailures
আমার প্রাপ্তি রশিদ হারিয়ে গেছে ছবি তোলার সময়,receiptLostDuplicates
জন্মস্থান ভুল হয়েছে এনআইডি কার্ডে,correctionErrors
শব্দটা কাটা গেছে,applicationFailures
দ্বৈত নাগরিকত্ব সনদের ব্যাপারে কার কাছে যোগাযোগ করবো,dualCitizenship
আইডি কার্ড পুড়ে গেছে,reissueStatus
জাতীয় পরিচয় পত্রে নিজের নাম সংশোধনের জন্য কি কি কাগজপত্র জমা দিতে হয়,nameCorrectionDocuments
এনআইডি ফেস ভেরিফিকেশন করার সময় বারবার ত্রুটি দেখাচ্ছে,correctionErrors
আপনাকে ধন্যবাদ ও শুভকামনা।,chatbotCapabilities
আমি ফি জমা দিয়েছি কিন্তু ওয়ালেট এপ্লিকেশন এ কিছুই এড হয় নাই দেখাচ্ছে,unavailableServices
হারানো এনআইডি ফেরত পেতে কোথায় যোগাযোগ করতে হবে,receiptLostSolutions
একাউন্ট বারবার লক দেখাচ্ছে আমার তথ্য ঠিক আছে কিনা চেক করে দিতে পারবেন,accountLocked
আমি কোন ধরনের তথ্য জানতে পারবো,generalQueries
কিভাবে বিকাশে টাকা জমা করবো,correctionFees
একাউন্ট লক হওয়ার পরও আনলক করার দ্রুত কোন ওয়ে কী,accountLocked
আইডি লক হয়ে গেছে,accountLocked
এপ্লিকেশন জমা দিয়ে দিয়েছি,faceVerificationCompleted
আমি স্পেনে আছি। বাংলাদেশের এনআইডি কার্ডের জন্য কি করতে হবে,overseasRegistration
সংশোধনের পর কার্ড ডাউনলোড করার জন্য কোনো বাটন নেই।,onlineApplicationProcess
নব ভোটার হওয়ার আবেদনে শনাক্তকারী হিসেবে কার নাম থাকবে,newVoterProcess
আমি কি আমার এনআইডি স্মার্ট কার্ডে রূপান্তর করতে পারি,smartCardConversion
লাইনে প্রবলেম ছিল,generalQueries
নতুন ভোটার আবেদন করেছি কিন্তু এখনো পেন্ডিং,pendingApplications
আমার আবেদনটা কতদিন যাবত পেন্ডিং আছে,pendingApplications
ফিঙ্গারপ্রিন্ট আপডেট হয়ে এখনো পেন্ডিং অবস্থায় আছ,formPrintIssues
আমার জাতীয় আইডি কার্ডে জন্ম সনদ নম্বর সংযোজন বা সংশোধনের জন্য প্রয়োজনীয় কাগজপত্রগুলি কি,requiredDocuments
জাতীয় পরিচয়পত্রে জন্মস্থানের ভুল সংশোধন করতে কি কি নথি লাগবে,correctionErrors
আমার এনআইডি ম্যাচ ফাউন্ড হয়েছে বা এনআইডি MATCH FOUND হয়ে গেছে,matchFoundErrors
আমি কবে স্মার্ট কার্ড পাবো,smartCardConversion
ভোটার থানা পরিবর্তনের জন্য কী কী লাগবে,addressUpdateProblems
সংশোধন আবেদন বাতিল হওয়ার পর পুনরায় আবেদন করতে কি নতুন ফি দিতে হবে,applicationCancelled
পিতার এনআইডি নম্বর পরিবর্তন করতে চাই,nameChangeProcess
টাকা জমা করতে কোন ডিজিট নম্বর ব্যবহার করতে হবে,registrationFees
আমি মেসেজ পেয়েছি যে তথ্য যে সংশোধন দিয়েছিলাম তা হয়ে গেছে কিন্তু কার্ড আপডেট হচ্ছে না,onlineApplicationProcess
আপনি কি আরও কিছু জানাতে চান,generalQueries
নতুন করে সংশোধন আবেদন করতে চাই,correctionApplicationStatus
কার্ডে সঠিক বয়স দিতে চাচ্ছি কি করতে পারি,ageEligibility
এনআইডি কার্ড সংশোধনের জন্য টাকা জমা দিয়েছি,correctionFees
ভোটার হওয়ার সময় প্রদত্ত পিতা-মাতা-স্বামী-স্ত্রীর এনআইডি নম্বর পরিবর্তন করতে চাই।,nameChangeProcess
নব ভোটার কার্ডের আবেদনে শনাক্তকারী কে হবে,newVoterProcess
ঠিক ইনফো দিয়েছি তারপরেও একাউন্ট লক দেখাচ্ছে কি করা যায়,accountLocked
আমার অ্যাড্রেস ও আমার বাবার অ্যাড্রেস আলাদা তো ভোটার হবো কেমন করে,differentAddresses
রেজিস্ট্রেশন স্লিপ হারানো গেছে,receiptLostDuplicates
কিভাবে বুঝবো আমার স্মার্ট কার্ড প্রিন্ট হয়েছে,smartCardPrintStatus
এম্বাসীতে বায়োমেট্রিক প্রদান করেছি,faceVerificationCompleted
নতুন ভোটার হওয়ার এপ্লিকেশন ফরমে শনাক্তকারী হিসেবে কার নাম লিখব,newVoterProcess
ভোটার ঠিকানা পরিবর্তন হয়ে যাওয়ার পর অনলাইনে নতুন কার্ড ডাউনলোড করতে পারছিনা,websiteErrors
পিতার ন্যাশনাল আইডি নম্বর কি পরিবর্তন করা যাবে,nameChangeProcess
রি-ইস্যু করতে কত টাকা লাগতে পারে,reissueStatus
নতুন ভোটার হিসাবে আমার এনআইডি কার্ড ডাউনলোড করেছি,websiteErrors
রি-ইস্যুর জন্য কি কি সাপোর্টিং ডকুমেন্ট জমা দিতে হবে,reissueStatus
আমি ছবি তুলেছিলাম কিন্তু এখন খুঁজে পাচ্ছি না কোথায় যাব,photoTakenNoCard
নতুন ভোটারের জন্য আবেদন করতে যাবো,newVoterDuplicates
ভুলক্রমে পিতা বা স্বামী বা মাতাকে মৃত হিসেবে উল্লেখ করা হলে সংশোধনের জন্য কি কি সনদ দাখিল করতে হবে,deceasedRelativeInfo
একবার একাউন্ট লক হওয়ার পর ঠিক তথ্য দিলেও খুলছে না,accountLocked
এনআইডি কার্ডে বর্তমান ঠিকানা আপডেট করার জন্য কি কি দলিল দিতে হবে,addressUpdateProblems
আমার চিপসহ ভোটার কার্ড প্রিন্ট বা বিতরণ সম্পর্কে কি আমাকে এসএমএস করা হবে,smartCardPrintStatus
পুরানো এনআইডি হারিয়ে গেলে নতুন স্মার্ট কার্ড পাবো কিভাবে,receiptLostSolutions
বিদেশে থাকতে আমি এনআইডি কার্ডের জন্য আবেদন করেছি,overseasRegistration
আমি প্রবাসী এনআইডি বা ভোটার নিবন্ধনের জন্য এম্বাসিতে আবেদন করেছি। এখনো এডজুডিকেশন পেন্ডিংঅবস্থায় আছে। কি করতে হবে,pendingApplications
প্রবাসী এনআইডি আবেদন কেন এডজুডিকেশন পেন্ডিং,pendingApplications
অনলাইনে ঠিকানা পরিবর্তনের জন্য আবেদন করা যায় কিনা,onlineAddressInquiry
কার্ড এর অ্যাপে ফেস ভেরিফাই হচ্ছে না,unavailableServices
চ্যাট শেষ করুন,chatbotCapabilities
কার্ড হারিয়ে গেলে নতুন কার্ড পাবার জন্য কত টাকা লাগে,receiptLostSolutions
আমি কীভাবে আমার স্মার্ট কার্ড প্রস্তুতির অবস্থা জানতে পারি - কোন নাম্বারে এসএমএস করতে হবে,smartCardConversion
এসএসসি না পাশ করেই আমি শিক্ষাগত যোগ্যতা হিসেবে এসএসসি দেখিয়েছি,matchFoundErrors
জন্মস্থান ভুল লেখা হয়েছে,correctionErrors
দূতাবাসে ভোটার নিবন্ধন আবেদন করার পর এডজুডিকেশন পেন্ডিংঅবস্থায় থাকার কারণে কি করা উচিত,pendingApplications
নব ভোটার নিবন্ধনে শনাক্তকারী কে হিসেবে উল্লেখ করতে হবে,newVoterProcess
আমার প্রকাশ্যতার ছবি তোলা হয়েছিল,photoTakenLongAgo
এইটা নিয়ে কি করা উচিত,applicationFailures
আমি আগে বাংলাদেশে ভোটার আইডি করেছিলাম,newVoterDuplicates
কার্ডে মা এর নামের ভুল বাবনান সংশোধন করব কি করে,nameSpellingCorrection
আমি এসএসসি পাশ করিনি,applicationFailures
আমি কি আমার ঠিকানা পরিবর্তনের জন্য অনলাইনে আবেদন করতে পারি,onlineAddressInquiry
ধাকায় থাকতে গিয়ে আমি অনেক আগে ভোটার হওয়ার জন্য ছবি তুলেছি কিন্তু এখনো কোনো এসএমএস পাইনি। এনআইডি নাম্বার পাবো কীভাবে,photoTakenNoCard
প্রাপ্তি রশিদ হারিয়ে গেছে,receiptLostDuplicates
ভোটার হওয়ার জন্য কি কি শর্ত পূরণ করতে হয়,newVoterProcess
দ্বৈত নাগরিকত্বের জন্য কোথায় আবেদন করতে হয়,dualCitizenship
রেজিস্ট্রেশনের পর ওয়ান টাইম পাসওয়ার্ড আসে নাই কি করবো,passwordErrors
এনআইডি কার্ডে স্ত্রীর নাম সংশোধনের জন্য কি কি ডকুমেন্টস লাগবে,nameCorrectionDocuments
প্রথমবার ভোটার হিসেবে অনলাইনে ফর্ম পূরণ করার পর কোথায় জমা দিতে হবে,onlineServicesInquiry
প্রথমবার ভোটার নিবন্ধনের ফর্মে শনাক্তকারী হিসেবে কার নাম থাকবে,newVoterProcess
চলো ঘুরতে যাই,applicationFailures
বাড়ি বদল করেছি,faceVerificationCompleted
আমার ছবি তোলার পর দেওয়া রশিদ হারিয়ে গেছে,receiptLostDuplicates
স্ত্রীর এনআইডি নম্বর পরিবর্তন করতে চাই।,nameChangeProcess
অনেক দিন আগে পিকচার তুলেছি কিন্তু এখনও কার্ড পাইনি,photoTakenNoCard
নতুন ভোটারের জন্য আবেদন করেছি কিন্তু এসএমএস পাইনি,newVoterNoSms
অনলাইন এ কার্ড রেজিষ্ট্রেশন এ ওটিপি আসতেছে না,unavailableServices
এটা কি এনআইডি সংক্রান্ত সেবা,generalQueries
স্মার্ট কার্ড মুদ্রণের স্ট্যাটাস জানতে এসএমএস কি করে করবো,smartCardPrintStatus
নতুন ভোটার নিবন্ধন করা হলেও পেন্ডিং অবস্থায় আছে,pendingApplications
ভোটার এলাকায় আমি যদি না থাকি,upazilaFieldEmpty
আমার কাছে পুরানো হাতে লেখা জন্ম সনদ আছে কম্পিউটার এর টা অনলাইনে নাই,unavailableServices
রি-ইস্যু করার জন্য কত টাকা দিতে হবে,reissueStatus
ইন্টারনেটে কি আমার ঠিকানা বদলের জন্য আবেদন করা যায়,onlineAddressInquiry
সংশোধন আবেদন বাতিল হলে ফি ফেরত পাবো কি,applicationCancelled
ভোটার নিবন্ধন জমা দেওয়ার পর কতদিনে প্রবাসী বা বিদেশে থাকলে কার্ড পাওয়া যায়,overseasRegistration
হারানো কার্ড উত্তোলনের পর পূর্বের কার্ডটি খুঁজে পেয়েছি করণীয় কি,receiptLostSolutions
নতুন ভোটার হওয়ার জন্য কোন ফিস জমা দিতে হয়,registrationFees
প্রবাসে বসবাসকারীদের এনআইডি বা ভোটার নিবন্ধনের জন্য কি করতে হবে,overseasRegistration
আমার নিজের নামের বানান ভুল আছে,nameSpellingCorrection
সংশোধনের জন্য কত টাকা জমা করতে হবে,correctionFees
পিতার এনআইডি কার্ডের নম্বরটা বদলে দিতে চাই।,nameChangeProcess
রি-ইস্যুর জন্য কি কি প্রুফ দিতে হবে,reissueStatus
আমি দূতাবাসে আবেদন করেছি,overseasRegistration
এডজুডিকেশন পেন্ডিংঅবস্থায় থাকা প্রবাসী এনআইডি আবেদন নিয়ে কি করতে হবে,pendingApplications
ছবি বদলের আবেদন দিয়েছি কিন্তু এখনো কোনো রিপ্লাই নেই,photoTakenNoCard
ভুলবশতঃ আমার শিক্ষাগত যোগ্যতা এসএসসি বা তার বেশি দেখা যাচ্ছে,matchFoundErrors
মৃত ব্যক্তির আইডি কার্ড সংশোধন করতে কি করণীয়,onlineApplicationProcess
এনআইডি কার্ডে কতো স্ত্রীর নাম দেয়া যাবে,nameCorrectionDocuments
সংশোধনের জন্য টাকা জমা হলেও ওয়ালেট এ শূন্য দেখছি,correctionFees
নতুন এনআইডি আবেদনের পরেও পেন্ডিং অবস্থায় আছি,pendingApplications
আমি এসএসসি দিইনি তবে আমার কাছে কার্ড এর জন্য এসএসসি এর সনদ চাইছে কি করবো,matchFoundErrors
জন্ম সনদের নম্বর সংযোজন বা সংশোধনের জন্য কি কি কাগজপত্র প্রয়োজন,requiredDocuments
আমি পেন্ডিং রিইস্যু কার্ড কবে পাবো,websiteErrors
বিকাশে টাকা জমা দেয়ার কি কি নিয়ম আছে,correctionFees
আমি বিদেশে থাকি এনআইডি নিবন্ধন করার পর এনআইডি কার্ড কবে আসবে,overseasRegistration
আমার ভোটার এলাকার নাম,upazilaFieldEmpty
থানা নির্বাচন অফিস থেকে ভোটার আবেদন নাকচ হলে কি করতে হবে,newVoterNoSms
কার্ড সংগ্রহের আগেই হারিয়ে ফেলেছি স্লিপ,receiptLostDuplicates
আমি আমার সংশোধনের এপ্লিকেশন বাতিল করতে চাই,applicationCancelled
আইডি তে মেসেজ দেখাচ্ছে লক হয়ে গেছে এখন সঠিক তথ্য দেওয়ার পরেও লক-ই দেখাচ্ছে কি করবো,accountLocked
নতুন এনআইডি করার জন্য ন্যূনতম বয়স কত লাগবে,ageEligibility
পুরানো এনআইডি হারিয়ে গেলে নতুন স্মার্ট কার্ডের জন্য কি করতে হবে,receiptLostSolutions
নামের বানান সংশোধনের জন্য কি কি প্রমাণপত্র দরকার,nameCorrectionDocuments
ছবি তোলার সময় প্রদত্ত প্রাপ্তি রশিদ হারিয়েছি,receiptLostDuplicates
আমার এনআইডি কার্ডে একাধিক বউয়ের নাম যোগ করতে পারি কি,nameCorrectionDocuments
আবার বলেন ভাই,agentTransferRequest
এনআইডি আবেদনে ভুল তথ্য দেওয়া হয়েছে,correctionErrors
আমার এনআইডি সংশোধনের জন্য আবেদন দিয়েছি,correctionApplicationStatus
আমার এনআইডি  এর ভোটার এলাকা অনলাইনে ট্রান্সফার করা যাবে,onlineServicesInquiry
ফিঙ্গারপ্রিন্ট আপডেট করার পরেও এডজুডিকেশন পেন্ডিং,formPrintIssues
স্মার্ট কার্ড সংশোধনের পর কেন শুধু পিডিএফ পেয়েছি আসল স্মার্ট বা প্লাস্টিকের কার্ড কবে পাবো,smartCardConversion
কোন মন্ত্রণালয় দ্বৈত নাগরিকত্ব সনদ প্রদান করে,dualCitizenship
আরেকবার রিক্যাপ দিন,agentTransferRequest
তোমার বয়স কত,ageEligibility
স্মার্ট কার্ড তুলতে কি টাকা দেওয়া লাগবে,newVoterFees
এনআইডি কার্ড হারিয়ে গেছে,receiptLostSolutions
কাগজের আইডি কার্ডে হাজবেন্ড এর নাম ছিলো,matchFoundErrors
কার্ড হারিয়ে গেছে,receiptLostSolutions
আমার বাড়ির ঠিকানা এবং পিতার বাড়ির ঠিকানা ভিন্ন,differentAddresses
জাতীয় পরিচয়পত্রের জন্য ওয়েবপোর্টালে কি কি সেবা পাবো,onlineServicesInquiry
কার্ডের তথ্যের ভুল সংশোধন করতে কি কোথায় যেতে হবে,correctionErrors
ঠিকানা বদলের জন্য এনআইডিতে কি ধরনের নথি জমা দিতে হয়,addressUpdateProblems
দূতাবাসে প্রবাসী ভোটার নিবন্ধন আবেদন করার পর এডজুডিকেশন পেন্ডিংঅবস্থায় থাকার কারণে কি করা উচিত,pendingApplications
ভুলে কার্ড এ স্বামীকে বা স্ত্রীকে মৃত দেখানো হয়েছে,deceasedRelativeInfo
অন্যরা ডিজিটাল কার্ড পেয়েছে,websiteErrors
ভোটার স্থানান্তরের জন্য আবেদন করেছি তো,faceVerificationCompleted
জাতীয় পরিচয়পত্র পাওয়ার জন্য কি করতে হবে,newVoterProcess
আমি আমার স্ত্রীর ন্যাশনাল আইডি কার্ড নম্বর বদলাতে চাই।,nameChangeProcess
নতুন জাতীয় পরিচয়পত্রে পিতার নাম সংশোধন করা যাবে কি কি কাগজপত্র দিয়ে,nameCorrectionDocuments
ভোটার তালিকায় নাম না থাকলে এবং স্লিপ হারালে কার্ড সংগ্রহের পদ্ধতি কী,websiteErrors
সংশোধনের আবেদন অনেক দিন আগে জমা দিয়েছি,correctionApplicationStatus
মোবাইল ব্যাংকিং একাউন্ট খুলতে পুরানো আইডি কার্ডের কপি ও নম্বর দিয়েছিলাম,matchFoundErrors
স্মার্ট কার্ডের জন্য কত টাকা দিতে হবে,newVoterFees
পাসপোর্টের ক্ষেত্রে দশ ডিজিট নম্বর দিয়ে ভেরিফাই করা যায় না কেন অপরদিকে সতেরো ডিজিট নম্বর ব্যবহার করলে ভেরিফাই করা সম্ভব হয়।,unavailableServices
সরাসরি কথা বলতে চাই কারো সাথে,agentTransferRequest
বিরক্ত করতে এসেছি,applicationFailures
নতুন ভোটার আইডি করার পর এসএমএস না পেলে কি করবো,newVoterNoSms
কোন তথ্য দিতে পারবেন,newVoterProcess
ভোটার কার্ড পাওয়ার জন্য কতদিন সময় লাগে,websiteErrors
আমার ঠিকানা বদলে দিতে আবেদন করেছি,onlineAddressInquiry
স্বামী তালাক দেওয়ার পর নামটি কার্ড থেকে বাদ দেওয়ার পদ্ধতি কি,nameCorrectionDocuments
অনলাইনে কোন আবেদন করা যাবে না,onlineServicesInquiry
নতুন এনআইডি বা ভোটারের আবেদন পেন্ডিং থাকলে কি করণীয়,pendingApplications
অনলাইনে রেজিষ্ট্রেশন করতে গেলে 'ভুল পাসওয়ার্ড' মেসেজ দেখায়,passwordErrors
আমার টেক্স টিন নম্বর পরিবর্তন করা লাগবে যেটা ভোটার হওয়ার সময় দিয়েছিলাম।,nameChangeProcess
এনআইডি কার্ড হারিয়ে গেলে স্মার্ট কার্ড কীভাবে পাবো,receiptLostSolutions
প্রবাসে গিয়ে আমি আমার স্মার্ট কার্ডের জন্য ছবি তুলেছিলাম,photoTakenLongAgo
আপনি কি মানুষ নাকি AI,chatbotCapabilities
কার্ড এর যেই অ্যাপস টা আছে সেটা নামাতে পারতেছি না কিভাবে কি করব,mobileAppIssues
সংশোধন আবেদন স্লিপ হারিয়ে ফেললে কি হবে,receiptLostDuplicates
না ভাই থেনক্স,personalStatusChanges
আমি নতুন ভোটার হতে চাই,newVoterDuplicates
অনলাইন ভোটার রেজিস্ট্রেশনের পর কি কি কাগজপত্র দাখিল করতে হবে,onlineServicesInquiry
এছাড়া অন্য কোন উপায় আছে কি,generalQueries
অনলাইনে সংশোধন আবেদন করতে এনআইডি পোর্টালে যাবো কিভাবে,onlineServicesInquiry
স্মার্ট কার্ড নিতে কত টাকা লাগবে,newVoterFees
নতুন ভোটার হওয়া সত্ত্বেও আমার কার্ড কেন Rejected হয়েছে,newVoterRejection
নিউ ভোটারের এপ্লাই বাতিল হলে কি করা যায়,applicationCancelled
কার্ড রি-ইস্যুর জন্য কোন ডকুমেন্টস লাগবে,reissueStatus
প্রবাসী এনআইডি নিবন্ধন শেষ করার পর স্মার্ট কার্ড কিভাবে পাবো,smartCardConversion
আমার স্ত্রী বা স্বামীর এনআইডি নম্বর ভোটার হওয়ার সময় দেওয়া হয়েছে,newVoterDuplicates
এনআইডি ওয়ালেট কোথায় পাবো,mobileAppIssues
আমি আমার অ্যানআইডি কার্ডের জন্য সংশোধন আবেদন করেছি,correctionApplicationStatus
আমার একাউন্ট লক হয়ে গেছে এখনি কি আনলক করে দিতে পারবেন,accountLocked
আমার ফাদার নেইম কার্ডে ভুল আসছে এইটা কিভাবে ঠিক করা যাবে,nameSpellingCorrection
সংশোধন আবেদন সাবমিট করার পর দেখলাম আরো কিছু তথ্য সংশোধন করা প্রয়োজন,correctionApplicationStatus
প্রবাসী হয়ে ভোটার নিবন্ধন করতে কি প্রক্রিয়াটি অনুসরণ করতে হবে,newVoterProcess
নতুন ভোটার হওয়ার জন্য অনলাইনে আবেদন করেছি,newVoterDuplicates
প্রথমবার এনআইডি করতে হলে বয়স কত হতে হবে,ageEligibility
আমার ভোটার স্থানান্তর অনুমোদিত হলো,faceVerificationCompleted
রেজিস্ট্রেশন করছি কিন্তু মোবাইলে ওয়ান টাইম পাসওয়ার্ড আসে নাই কি করবো,passwordErrors
আজেন্ট রি-ইস্যু আবেদন করেছিলাম সাত কর্ম দিবস শেষ হয়ে গেছে,reissueStatus
অনলাইনে ভোটার আবেদন জমা দেওয়ার পর কাগজপত্র কোথায় জমা দিতে হবে,onlineServicesInquiry
বিয়ে সূত্রে কি বিদেশিরা বাংলাদেশি এনআইডি নিতে পারবেন,overseasRegistration
বাংলাদেশে আমার ভোটার আইডি আছে,newVoterDuplicates
চিপসহ কার্ড নিতে কি কোনো টাকা লাগবে,newVoterFees
অনলাইনে এনআইডি সেবা কি কি করে না,onlineServicesInquiry
সংশোধন বা রি-ইস্যু আবেদনের জন্য টাকা জমা দিয়েছি,correctionFees
আমি বাংলাদেশে ভোটার আইডি নিয়েছিলাম,newVoterDuplicates
ভোটার এলাকায় আমার বাড়ি ঘর নাই,upazilaFieldEmpty
এনআইডি নিবন্ধনের জন্য ফিস প্রদান করতে হয় কি,registrationFees
এনআইডি একাউন্ট লক দেখালে কি করতে হবে,accountLocked
আমি জাতীয় পরিচয়পত্র করতে চাই,generalQueries
আমি কীভাবে আমার কার্ডের বর্তমান ঠিকানা সংশোধন করতে পারি,onlineAddressInquiry
আমি আমার কার্ডটা কয়বার আপডেট করাইতে পারব,onlineApplicationProcess
আমার স্থায়ী ঠিকানায় ভোটার হয়েছিলাম,newVoterDuplicates
অনলাইনে কি ধরণের আবেদন করা যায়,onlineServicesInquiry
টিন নম্বর যোগ বা পরিবর্তন করতে কি কি কাগজপত্র প্রয়োজন,requiredDocuments
আইডি কার্ড দেখে লাগতেছে এইটাতে আরেকজন এর ছবি,matchFoundErrors
শিক্ষাগত যোগ্যতা ভুল দেখানো হয়েছে আমার কার্ডে,correctionErrors
কার্ড পাওয়ার জন্য কত সময় অপেক্ষা করতে হবে,websiteErrors
ঠিকানা পরিবর্তনের আবেদন কি অনলাইনে করা যায়,onlineAddressInquiry
স্ত্রীর এনআইডি কার্ডের নাম্বার কি করে বদলাবো,nameChangeProcess
এই পর্যন্ত ঠিক আছে,applicationFailures
অনলাইনে আবেদন করা পর তথ্যের ভুল হলে আমি কি করতে পারি,passwordErrors
এনআইডি সংশোধনের জন্য অনলাইনে আবেদন এর জন্য ঠিকানা কি,onlineAddressInquiry
আমি একজন এজেন্টের সাথে কথা বলবো,generalQueries
সার্ভিসটি ভালো ছিল,personalStatusChanges
আগে স্থায়ী ঠিকানায় ভোটার ছিলাম,newVoterDuplicates
অপ্রত্যাশিত সমস্যা দেখাচ্ছে অনলাইনে,passwordErrors
এনআইডি কার্ড পেতে কি দ্বৈত নাগরিকত্ব লাগবে,dualCitizenship
সিলেটে আমার স্মার্ট কার্ড প্রিন্টিংয়ের অবস্থা জানতে কোন নম্বরে এসএমএস করা দরকার,smartCardPrintStatus
আমি ফাস্টবার ভোটার হয়েছি কিন্তু আমার নতুন ভোটার আবেদন বাতিল হয়ে গেছে,newVoterRejection
ভোটার হওয়ার সময় প্রদত্ত টিন নম্বর পরিবর্তন করতে চাই।,nameChangeProcess
আমি কি জাতীয় পরিচয়পত্রের স্মার্ট কার্ড পেতে পারি,smartCardConversion
আসলে ব্যাপারটা হইলো কি,applicationFailures
ছবি তোলার রশিদটি হারিয়ে গেছে,receiptLostDuplicates
বিকাশের মাধ্যমে টাকা জ�া দেওয়ার পদ্ধতি কী,correctionFees
আমার জাতীয় পরিচয়পত্রে নতুন ঠিকানা যোগ করতে কি কি কাগজপত্র প্রয়োজন,addressUpdateProblems
নতুন ভোটার হতে হলে বয়স কত হওয়া উচিত,ageEligibility
আমি কি আমার স্মার্ট কার্ড অন্য কাউকে নিতে দিতে পারি,smartCardConversion
কার্ড পোর্টালে রেজিষ্ট্রেশন করার নিয়ম কী,onlineServicesInquiry
আমার এনআইডি কার্ডে জন্মস্থান ভুল আছে,correctionErrors
আমার প্রশ্নটা ঠিক মনে নেই,applicationFailures
প্রবাসী হিসবে ভোটার কার্ড করতে কি কি লাগে,newVoterProcess
আমার এনআইডি  কার্ড হারিয়ে গেছে আর নষ্টও হয়েছে,receiptLostSolutions
আমার জাতীয় পরিচয়পত্রের জন্য ছবি তোলা হয়েছিল,photoTakenLongAgo
আমি আমার এনআইডি স্মার্ট কার্ডে কনভার্ট করতে চাই।,smartCardConversion
আমার কার্ডে বয়স ঠিক করতে হবে কীভাবে আবেদন করব,ageEligibility
প্রবাসী কার্ড করতে কি কি লাগবে,websiteErrors
আমি বৈদেশিক ভ্রমণে ছবি তুলেছি,photoTakenLongAgo
প্রথমবার ভোটার রেজিষ্ট্রেশন করার পর কার্ড ডাউনলোড না হওয়ার কারণ কি,unavailableServices
স্মার্ট কার্ড নিতে কি কোনও চার্জ প্রযোজ্য,newVoterFees
বিদেশে থাকলে ভোটার নিবন্ধন করার নিয়ম কী,overseasRegistration
এই চ্যাটবট কি ধরনের সেবা দেয়,chatbotCapabilities
নতুন ভোটারের জন্য আবেদন করা হয়েছে কিন্তু এসএমএস আসছে না কেন,newVoterNoSms
বর্তমান ঠিকানা পরিবর্তনের কাজ শেষ হতে কতদিন সময় লাগে,addressChangeTime
নিবন্ধন করতে গেলে পাসওয়ার্ড ঠিক নাই দেখালে কি করতে হবে,passwordErrors
আট ঘন্টা পর আবার রেজিষ্ট্রেশন করার চেষ্টা করছি কিন্তু একাউন্ট এখনও লক দেখাচ্ছে,accountLocked
নিড কার্ড ফাস্টে সংশোধন করতে কি এক্সট্রা ফি দিতে হয়,onlineApplicationProcess
রি-ইস্যু করতে কত টাকা জমা দিতে হয়,reissueStatus
আমার ডিজিটাল ভোটার কার্ড বা স্মার্ট কার্ড প্রিন্ট হলে এসএমএস হবে কি,smartCardPrintStatus
যদি আমার স্মার্ট কার্ড প্রিন্ট হয়,smartCardPrintStatus
ইন্টারনেটে আবেদনের পর তথ্য ভুল হয়ে গেছে,passwordErrors
কার্ড সংশোধন করার জন্য ইন্টারনেটে আবেদন করব কীভাবে,onlineApplicationProcess
স্মার্ট কার্ড কত টাকায় পাব,newVoterFees
অনলাইনে আমার এনআইডি কার্ড সংশোধনের জন্য কি করতে হবে,onlineApplicationProcess
সংশোধনের জন্য আবেদন দিয়েছি,correctionApplicationStatus
কি আমার ঠিকানা বদলের জন্য অনলাইনে আবেদন করা যাবে,onlineAddressInquiry
একটি কার্ডে তথ্য সংশোধনের জন্য কি নির্দিষ্ট লিমিট আছে,onlineApplicationProcess
টিন নম্বর সংযোজন বা সংশোধন করতে,requiredDocuments
এম্বাসিতে কার্ডের আবেদন করেছি,matchFoundErrors
ঠিকানা বদলের আবেদন অনলাইনে করা যায় কি না,onlineAddressInquiry
বাংলাদেশের এনআইডি কার্ড পেতে আমার কি করতে হবে যখন আমি মালয়েশিয়ায় আছি,overseasRegistration
ভোটার হিসেবে নিবন্ধিত হতে পারিনি হালনাগাদে,newVoterNoSms
ফিঙ্গারপ্রিন্ট দিয়ে সিম কিনতে সমস্যা হচ্ছে,formPrintIssues
প্রবাসী এনআইডি নিবন্ধন শেষে স্মার্ট কার্ড কিভাবে পাওয়া যাবে,smartCardConversion
এনআইডি সংশোধনের ফি জমা দেওয়ার নিয়ম কি,correctionFees
ছবি আপলোড করেছি কিন্তু কোনো সংকেত মেসেজ পাইনি,photoTakenNoCard
সংশোধন আবেদন বাতিল হলে কি আবার টাকা জমা করতে হবে,applicationCancelled
কোন নাম্বারে এসএমএস করলে আমি ঢাকায় থাকা আমার স্মার্ট কার্ড প্রিন্টের অবস্থা জানতে পারি,smartCardPrintStatus
জন্ম সনদ নম্বর সংযোজন বা সংশোধনের জন্য প্রয়োজনীয় ডকুমেন্টগুলি কি,requiredDocuments
ভোটার হওয়ার জন্য কোন শর্ত মেনে চলতে হবে,newVoterProcess
আপনি কিছু বলবেন না,agentTransferRequest
আমি কার্ডের জন্য বায়োমেট্রিক দিয়েছি,faceVerificationCompleted
ভোটার রেজিস্ট্রেশনের স্লিপ হারিয়ে গেছে,receiptLostDuplicates
এনআইডি কার্ডে ঠিকানা পরিবর্তনের জন্য কি কি প্রমাণপত্র প্রয়োজন,addressUpdateProblems
আমার কাছে ইউটিলিটি বিল নাই,unavailableServices
আমি স্মার্ট কার্ড তুলতে চাই,smartCardConversion
কি কি সেবা আমি পাবো না জাতীয় পরিচয়পত্রের ওয়েবপোর্টাল থেকে,unavailableServices
এম্বাসীতে আবেদন দেওয়ার পর স্মার্ট কার্ড কিভাবে সংগ্রহ করা যাবে,smartCardConversion
একাউন্ট বারবার লক দেখাচ্ছে তথ্য ঠিক আছে কিনা কিভাবে বুঝবো,accountLocked
কার্ড সংশোধনের জন্য অনলাইনে আবেদনের অ্যাড্রেস কি,onlineApplicationProcess
স্মার্ট কার্ড নিতে কোনো ফি আছে কি,newVoterFees
আমি ভোটার এলাকা যেখানে সেখানের আন্ডারে আমার বাড়ি নাই,upazilaFieldEmpty
ভোটার স্থানান্তরের আবেদন অনুমোদিত হলে,faceVerificationCompleted
আমার বাড়ি নাই যেখানে ভোটার হতে চাচ্ছি সেখানে,upazilaFieldEmpty
আমার নিজের কার্ডে আরেকজনের কার্ড এর তথ্য সংশোধনের পদ্ধতি কী,onlineApplicationProcess
পাসপোর্টের এক্সপেয়ার শেষ হলে কি আমি দেশের বাহিরে বসে কার্ড নিবন্ধন করতে পারব,overseasRegistration
ঠিকানা আপডেট করতে গিয়ে পোস্ট অফিস কোড জানি না,addressUpdateProblems
সিম কিনতে পুরানো আইডি কার্ডের কপি ও নম্বর দিয়েছিলাম,matchFoundErrors
তুমি কি খেতে চাও,applicationFailures
এনআইডি কার্ড সংশোধন হয়ে গেছে কিন্তু আইডি কার্ড কিভাবে পাবো,onlineApplicationProcess
এনআইডিএফএন দিয়েছি পোর্টাল এ রেজিষ্ট্রেশন হচ্ছে না,unavailableServices
এনআইডি বা ভোটার নিবন্ধনের জন্য একজন প্রবাসীর করণীয় কী,newVoterProcess
কার্ড সংশোধন মোবাইল দিয়ে এপ্লাই করতে হলে প্রক্রিয়াটি কী,onlineApplicationProcess
জাতীয় পরিচয়পত্রের ছবি তোলার স্লিপ লোপ পেয়েছে,receiptLostDuplicates
ঠিকানা বদলের জন্য কত ফি জমা দিতে হবে,addressChangeFees
সংশোধন হওয়ার পর কার্ড ডাউনলোড করলে আগের তথ্য দেখায়,onlineApplicationProcess
ফিঙ্গারপ্রিন্ট আপডেট করতে দিয়ে ধীর্ঘদিন হলো কিন্তু এখনো হচ্ছে না বা এডজুডিকেশন পেন্ডিংঅবস্থায় আছে। কি করণীয়,formPrintIssues
বাংলাদেশে আমার এনআইডি আছে,overseasRegistration
জন্ম সনদ নম্বর আপডেট বা সংশোধন করতে কি কি কাগজপত্র আনতে হবে,requiredDocuments
আমি ক্যামেরায় ছবি তুলেছি কিন্তু মেসেজ আসেনি,photoTakenNoCard
আমি যেখানে থাকি সেখানে ভোটার নই,upazilaFieldEmpty
আমার স্মার্টকার্ড কি আমি ছাড়া অন্য কেউ আইসা নিতে পারবে আমি অসুস্থ,smartCardConversion
আচ্ছা যাই তাহলে,applicationFailures
আমি জাতীয় পরিচয়পত্রের জন্য স্মার্ট কার্ডে আবেদন করতে চাই।,smartCardConversion
তুমি কি করো,applicationFailures
স্বামীর এনআইডি কার্ডের নম্বরে কি আমি পরিবর্তন করতে পারি,nameChangeProcess
এনআইডি পোর্টালএ লগইনের চেষ্টা করছি বারবার ভুল পাসওয়ার্ড দেখাচ্ছে,passwordErrors
ভোটার স্থানান্তর এখনও কমপ্লিট হয়নি,faceVerificationCompleted
প্রাপ্তি রশিদ হারিয়ে ফেলেছি,receiptLostDuplicates
আমি কি করতে পারি আমার এনআইডি কার্ড সংশোধনের জন্য অনলাইনে,onlineApplicationProcess
কার্ড এর অনলাইন পোর্টালে আপনার একাউন্ট লক করা হয়েছে মেসেজ দেখায়,accountLocked
আমার সাইনে ভুল আছে,correctionErrors
আমি ভোটার আপডেটে নিবন্ধন করতে না পেরে এখন কীভাবে ভোটার হতে পারি,newVoterNoSms
নয় চাপলে প্রতিনিধি আপনাকে সাহায্য করবেন।,generalQueries
তুমি কি গান গাও,applicationFailures
নতুন কার্ড এর জন্য ছবি তুলা হয়েছে কিন্তু,photoTakenNoCard
এখনো রিইস্যু কার্ড পাইনি,websiteErrors
স্বামীর নাম কার্ড থেকে বাদ দিতে চাই,nameCorrectionDocuments
নতুন ভোটার হয়েছি,newVoterDuplicates
কোথায় গেলে স্মার্ট কার্ড পাবো,smartCardConversion
দূতাবাসে প্রবাসী এনআইডি নিবন্ধনের আবেদন করার পর স্মার্ট কার্ড পেতে কি পদক্ষেপ নিতে হবে,smartCardConversion
অনলাইন পোর্টালে কার্ডের সংশোধন আবেদন কিভাবে করবো,onlineApplicationProcess
স্মার্ট কার্ড কলেক্ট করার জন্য কোথায় যেতে হবে,smartCardConversion
এনআইডি যে পোর্টাল আছে সেটাতে একাউন্ট লোক দেখাচ্ছে কি করবো,passwordErrors
কার্ড রি-ইস্যু আবেদন করেছি,reissueStatus
এনআইডি ওয়ালেট এপ্লিকেশনটা ডাউনলোড না হলে আমি কী করব,mobileAppIssues
কিপ ইন টাচ,generalQueries
আমি জাতীয় পরিচয়পত্রের স্মার্ট কার্ড নিবন্ধন করতে চাই।,smartCardConversion
এনআইডি কার্ডে রক্তের গ্রুপে ভুল আছে আমার রক্তের গ্রুপ এ পজিট কিন্তু কার্ড এ আছে বি পজিটিভ,bloodGroupCorrection
জাতীয় আইডিতে স্বামী নাম যোগ করার জন্য কি কি কাগজপত্র দিতে হবে,nameCorrectionDocuments
কার্ডে প্রেজেন্ট ঠিকানা পরিবর্তন করতে কী করতে হবে,addressUpdateProblems
এনআইডি সংশোধন অনলাইনে কিভাবে করব,onlineApplicationProcess
আমি সংশোধনের জন্য যে ফি জমা দিয়েছিলাম সেটা কেন আবেদন করার আগেই খরচ হয়ে গেছে আবার ফি জমা করতে হবে কেন,correctionFees
আমি বাংলাদেশে ভোটার,newVoterDuplicates
আমি কি এনআইডি নিবন্ধন করতে পারব যদি আমার বয়স আঠারো এর কম হয়,ageEligibility
টিন নম্বর সংশোধনে কি কাগজপত্র প্রয়োজন,requiredDocuments
আমি মা'র ন্যাশনাল আইডি কার্ড নম্বর বদলাতে চাই।,nameChangeProcess
আমার জন্ম নিবন্ধন অন্য এলাকায়,upazilaFieldEmpty
ফর্ম নম্বর দিয়ে রেজিষ্ট্রেশন করতে পারছি না,unavailableServices
আমার নাম্বারে ওটিপি আসছে না,unavailableServices
নতুন ভোটারের আবেদন করতে গেলে আমার জন্ম সনদের ঠিকানা ভিন্ন এইটা নিয়ে কি করতে হবে,differentAddresses
বর্তমান ঠিকানা চেঞ্জ করে দিতে কত সময় নেয়,addressChangeTime
আমার জাতীয় পরিচয়পত্র তৈরির জন্য ছবি তোলা হয়েছিল কিন্তু স্লিপটি কোথায় গেছে তা জানতে পারছি না।,receiptLostDuplicates
আগের আইডি কার্ড স্বামীর নাম ছিলো,nameCorrectionDocuments
নতুন ভোটার হলে ছবি তোলার পর এসএমএস কতদিনে পাবো,photoTakenNoCard
জাতীয় পরিচয়পত্রের জন্য অনলাইনে কি কি সেবা পাব না,onlineServicesInquiry
পুরানো এনআইডি হারালে নতুন স্মার্ট কার্ডের আবেদন কিভাবে করতে হবে,receiptLostSolutions
বিকাশের টাকা জমা দিতে কি প্রসেস,correctionFees
আটটার আগে বা পরে কথা বলতে চাইলে নয় চাপুন।,generalQueries
ভোটার তালিকায় নাম নেই,unavailableServices
ফিঙ্গারপ্রিন্ট দিয়ে সিম বা অন্যান্য ক্ষেত্রে তথ্য আসছে না। কি করা উচিত,formPrintIssues
আমার ভুল বুঝে সংশোধনের আবেদন করেছি,correctionApplicationStatus
স্বাক্ষর পরিবর্তন করার জন্য আবেদন করেছি,correctionApplicationStatus
নতুন ভোটার হিসেবে আমার কার্ড কেন বাতিল করা হলো,newVoterRejection
অনলাইনে কি কি সেবা পাওয়া যায় না এনআইডি ওয়েবপোর্টাল থেকে,onlineServicesInquiry
প্রবাসী এনআইডি বা ভোটার নিবন্ধনের জন্য এম্বাসীতে আবেদন করেছি। এখনো এডজুডিকেশন পেন্ডিংঅবস্থায় আছে। কি করণীয়,pendingApplications
নতুন ভোটার আবেদন করার পর থানা থেকে এসএমএস না আসলে কি করা উচিত,newVoterNoSms
অনলাইনে ঠিকানা পরিবর্তনের আবেদন কি করা যায়,onlineAddressInquiry
হারানো এনআইডি কার্ডের জন্য নতুন স্মার্ট কার্ড পাবার প্রক্রিয়া কী,receiptLostSolutions
প্রবাসীদের কার্ড করতে কার্ডের জন্য কোন কাগজপত্র দিতে হবে,websiteErrors
আমার আইডিতে মার নামের বানান ভুল হয়ে গেছে,nameSpellingCorrection
ভুলক্রমে স্বামীকে মৃত হিসেবে উল্লেখ করা হলে সংশোধনের জন্য কি কি সনদ দাখিল করতে হবে,deceasedRelativeInfo
আমার স্ত্রীর স্মার্ট কার্ড নম্বর পরিবর্তন করার প্রয়োজন।,nameChangeProcess
কার্ড সাইট এ লেখা আসতেছে,websiteErrors
ছবি তোলার সময় যে রশিদটি পেয়েছিলাম সেটা হারিয়ে গেছে,receiptLostDuplicates
নতুন ভোটারের আবেদন করার সময় জন্ম সনদে যদি ঠিকানা বা এড্রেস ভিন্ন হয়,differentAddresses
নতুন ভোটার কার্ড পাওয়ার প্রক্রিয়া কতদিন সময় নিবে,websiteErrors
দূতাবাসে বায়োমেট্রিক প্রদান করেছি,faceVerificationCompleted
আমার নতুন ঠিকানার জন্য পোস্ট অফিস এবং কোড কোথায় পাবো,addressUpdateProblems
বার্থ নিবন্ধন নম্বর পরিবর্তন করার জন্য কি কি লাগবে,nameChangeProcess
আমি প্রবাসে থাকি এবং এনআইডি কার্ডের জন্য আবেদন করেছি; উপজেলা থেকে অনুমোদন পেয়েছি,overseasRegistration
অনলাইনে আবেদন করার পর দেখছি তথ্যে ভুল হয়েছে,passwordErrors
আমি বাংলাদেশে নাগরিক মর্যাদা পেয়েছিলাম,overseasRegistration
নামের বানান ঠিক করতে চাই,nameSpellingCorrection
ভুলক্রমে আমার কার্ড এ মাতার নামে নামের আগে মৃত লেখা কি করা উচিত,deceasedRelativeInfo
আমি নতুন ভোটার হয়ে গেছি,newVoterDuplicates
নতুন ভোটারের আবেদন ফরমে শনাক্তকারী কে,newVoterProcess
নতুন এনআইডি কার্ড ডাউনলোড করলাম,websiteErrors
আমি বিদেশ থাহি হলে ভোটার কার্ড পেতে কী করতে হবে,overseasRegistration
কার্ডে যদি বয়স এর তথ্য ভুল থাকে সেটা কি ঠিক করানো যায়,correctionErrors
যারা বিদেশে আছে তাদের জন্য কার্ড বা ভোটার নিবন্ধন করতে কী কী কাগজপত্র প্রয়োজন,overseasRegistration
সংশোধনের মেসেজ পেয়েছি,correctionApplicationStatus
হারানো এনআইডি কার্ডের জন্য নতুন স্মার্ট কার্ড আবেদন করবো কিভাবে,receiptLostSolutions
কয়েকদিন ধরে আমি ছবি তুলছি,photoTakenLongAgo
পূর্বের আবেদন বাতিল হয়েছে,applicationCancelled
প্রথম ভোটারের জন্য কাগজে শনাক্তকারী কে লিখতে হবে,newVoterProcess
প্রবাসী এনআইডি বা ভোটার নিবন্ধনের জন্য দূতাবাসে আবেদন জমা দিয়ে এসেছি। বর্তমান অবস্থা কি,overseasRegistration
ছবি তোলার পর কত দিন পরে মেসেজ আসবে,photoTakenNoCard
ফি জমা দিতে কি নম্বর ব্যবহার করতে হবে,registrationFees
অনেক তথ্য পেলাম,applicationFailures
আমি কানাডার দূতাবাসে এনআইডি নিবন্ধনের জন্য আবেদন করেছি। স্মার্ট কার্ড পাবো কোথা থেকে,smartCardConversion
আমি ভোটার হালনাগাদে রেজিষ্টার করতে পারিনি,newVoterNoSms
নির্বাচন কমিশনে গিয়ে প্রয়োজনীয় সহায়তা পাচ্ছি না,newVoterNoSms
স্থায়ী ঠিকানা পরিবর্তনের জন্য কত টাকা জমা দিতে হবে,addressChangeFees
আমি প্রবাসে ছবি তুলেছিলাম,photoTakenLongAgo
আইডি কার্ড পুড়ে গেছে বা পোকায় খেয়ে ফেলেছে,reissueStatus
নতুন ভোটার নিবন্ধনের জন্য বয়সের কনসিডারেশন কি,ageEligibility
জন্ম নিবন্ধন এবং এসএসসি সনদে পার্থক্য থাকলে নতুন ভোটার নিবন্ধনে কি করতে হবে,differentAddresses
আমি এনআইডি কার্ডের জন্য বায়োমেট্রিক দিয়েছি,faceVerificationCompleted
সংশোধন আবেদনের জন্য কত টাকা লাগবে,correctionFees
কার্ড সংশোধন করতে হলে অনলাইনে কোথায় আবেদন করা যায়,onlineApplicationProcess
ভোটার ঠিকানা পরিবর্তন হওয়ার পরও অনলাইনে কার্ড ডাউনলোডের অপশন কেন পাওয়া যাচ্ছে না,unavailableServices
আমার এনআইডি কার্ড পোকায় খেয়েছে,reissueStatus
আমার পরিচয়পত্রে পিতার নামের বানানে একটি ভুল রয়েছে। এই সমস্যা সমাধানের জন্য কোন কর্তৃপক্ষের সাথে যোগাযোগ করা উচিত,nameSpellingCorrection
নতুন কার্ড পাওয়ার জন্য বয়স কত হতে হবে,ageEligibility
নতুন ভোটার কার্ড পেতে কত সময় লাগবে,websiteErrors
আমার এলাকাতে স্মার্ট কার্ড বিতরণ হলেও,smartCardConversion
আমার আইডি কার্ডের ছবি নেওয়া হয়েছিল,photoTakenLongAgo
প্রাপ্তি রশিদ হারিয়ে গেলে কোনভাবে নতুন কার্ড পাওয়া যাবে,receiptLostSolutions
আমার নতুন ভোটার আবেদন বাতিল হয়ে গেছে,newVoterRejection
নতুন স্থায়ী ঠিকানা যোগ করতে কি কি দলিল প্রয়োজনীয়,addressUpdateProblems
কি পরিমাণ টাকা জমা দিতে হবে রি-ইস্যু করার জন্য,reissueStatus
আমার স্মার্টকার্ড নষ্ট হয়েছে,receiptLostSolutions
ভোটার হওয়ার সময় মোবাইল নম্বরটা দিয়েছিলাম ওয়ান জিরো ফাইভ জিরো ফাইভ নম্বর কাজ করে না,newVoterNoSms
আমি কি করতে পারি জানিনা তো,applicationFailures
রকেট থেকে এনআইডি সংশোধন ফি পেমেন্ট করার নিয়ম কী,correctionFees
জাতীয় পরিচয়পত্রে জন্মস্থানে ভুল,correctionErrors
কার্ড এ পিতার নামের বাবান ভুল আসছে ঠিক করা লাগবে,nameSpellingCorrection
জন্ম সনদ নম্বর সংযোজন বা সংশোধন করতে,requiredDocuments
আমার মায়ের এনআইডি নম্বর বদলানোর জন্য কি কি কাগজ লাগবে,nameChangeProcess
ভোটার হালনাগাদ করার সময় আমি ভোটার রেজিস্ট্রেশন করতে পারিনি,newVoterNoSms
আমার স্বামীর পরিচয়পত্রের নাম্বার কি করে সংশোধন করবো,nameChangeProcess
কারো জন্ম তারিখ কার্ডে ভুল আসছে জরুরি ঠিক করানো লাগবে,correctionErrors
বিদেশে গিয়ে ছবি তুলেছিলাম,photoTakenLongAgo
একই সাথে বর্তমান এবং স্থায়ী ঠিকানা পরিবর্তনের জন্য কি এপ্লাই করা যাবে,onlineAddressInquiry
এম্বাসীতে আবেদন দেওয়ার পর এডজুডিকেশন পেন্ডিংঅবস্থায় থাকার কারণে কী করা উচিত,pendingApplications
এনআইডি কার্ড সংশোধন দ্রুত করার কোন ফিস আছে কি,onlineApplicationProcess
প্রবাসী এনআইডি বা ভোটার নিবন্ধনের জন্য দূতাবাসে আবেদন জমা দিয়ে এসেছি। এনআইডি কার্ড কবে পাবো,overseasRegistration
ওয়ালেট অ্যাপ কোথায় পাওয়া যাবে,mobileAppIssues
এই সেবার মাধ্যমে জাতীয় পরিচয় পত্র স্ট্যাটাস যাচাই করা সম্ভব,chatbotCapabilities
ভোটার ঠিকানা পরিবর্তন হয়েছে,addressUpdateProblems
আমি বুঝতে পারি নাই,applicationFailures
পাস পোর্টের মেয়াদ শেষ হলেও বিদেশে বসে এনআইডি আবেদন করা যাবে কি,overseasRegistration
আমার আইডির মাতার নামের বানান ভুল হয়েছে,nameSpellingCorrection
আমার সংশোধন আবেদনের স্ট্যাটাস কি জানাবেন,correctionApplicationStatus
স্বামী নাম সংশোধনে এনআইডি কার্ডে কি কি ডকুমেন্টস প্রয়োজন,nameCorrectionDocuments
আমি এই প্রহমবার ভোটার হয়েছি কিন্তু এনআইডি ম্যাচ ফাউন্ড এসেছে বলে যাচাই করতে পারছি না,unavailableServices
আমি ফ্রান্সে থাকি। বাংলাদেশের এনআইডি কার্ডের জন্য আবেদন কি করা যায়,overseasRegistration
নির্দিষ্ট সময়ের বাইরে কথা বলতে চাইলে নয় চেপে কল করুন।,generalQueries
স্মার্ট কার্ড বিতরণ হয়ে গেলেও আমার কার্ড কোথায়,smartCardConversion
সাইন আপডেটের জন্য অনলাইনে আবেদন করেছি কিন্তু কোথাও কিছু দেখছি না,unavailableServices
কি কি সেবা প্রদান করা হয় অনলাইনে এনআইডির জন্য,onlineServicesInquiry
এনআইডি কার্ড সংশোধন দ্রুত করতে কি বাড়তি ফি দিতে হয়,onlineApplicationProcess
আমার ভাই সৌদি থাকে সে কি অইখান থেকে ভোটার হতে পারবে,overseasRegistration
আমি স্ত্রীর জাতীয় পরিচয়পত্রের নাম্বার বদলাতে চাই কি করতে হবে,nameChangeProcess
স্বামীর নাম সংশোধনের জন্য কি কি নথি লাগবে,nameCorrectionDocuments
আবেদন করা হয়েছে কার্ডের জন্য,websiteErrors
কেউ মারা গেলে সেই ব্যক্তির এনআইডি কার্ড সংশোধনের জন্য কি কাগজপত্র লাগবে,onlineApplicationProcess
আমার পরিচিত একজন নতুন ভোটার হয়েছে এখন প্লাস্টিকের কার্ড হাতে পাবে কিভাবে,websiteErrors
ভোটার স্থানান্তরের পরে রি-ইস্যুর জন্য কি লাগবে,reissueStatus
এই চ্যাটবটের মাধ্যমে ভোটার আইডি পুনঃপ্রাপ্তি সম্পর্কে সহায়তা চাইতে পারি,chatbotCapabilities
ভোটার স্থানান্তর করেছি,faceVerificationCompleted
নতুন জন্ম সনদ নম্বর সংযোজনের জন্য কি ডকুমেন্টস লাগে,requiredDocuments
বুঝতে পারছিনা কিছুই!,applicationFailures
আমি অস্ট্রেলিয়ায় বসবাস করি। বাংলাদেশের এনআইডি কার্ড পেতে আমার কি করতে হবে,overseasRegistration
প্রবাসী হিসেবে কার্ড বা ভোটার নিবন্ধন করতে কী ডকস লাগবে,newVoterProcess
স্মার্ট কার্ড কত টাকা লাগে,newVoterFees
নতুন ভোটার হয়ে কার্ড পাওয়ার প্রক্রিয়া কি,websiteErrors
অনলাইনে বর্তমান ঠিকানা সংশোধন করা যাবে,onlineAddressInquiry
আম্মুর নামের বানান ভুল এসেছে,nameSpellingCorrection
এনআইডি রেজিস্ট্রেশনের স্লিপ হারিয়ে ফেলেছি,receiptLostDuplicates
ইউটিলিটি বিল ছাড়া ভোটার ঠিকানা পরিবর্তন করার জন্য কি বিকল্প পথ আছে,addressUpdateProblems
আমি আগে ঢাকা থাকতাম এখন বরিশাল থাকি তো,upazilaFieldEmpty
কোন কোন দেশ থেকে এনআইডি বা ভোটার নিবন্ধন করা যায় না,overseasRegistration
দ্বৈত নাগরিকত্ব সার্টিফিকেট ইস্যুর দায়িত্বে কে থাকে,dualCitizenship
মাদার নেইম কার্ডে ভুল আসছে এইটা কিভাবে ঠিক করা যাবে,correctionErrors
ঠিকানা পরিবর্তন করতে কি টাকা জমা দিতে হয়,addressChangeFees
এড্রেস চেঞ্জ এর ক্ষেত্রে মোবাইল মেসেজ পেয়ে অনুমোদন হওয়া পর্যন্ত কতদিন লাগবে,addressChangeTime
কার্ড ঠিক করতে দিছি অনেক দিন আগে,matchFoundErrors
এই চ্যাটবট কি আমাকে জাতীয় পরিচয় পত্র আপডেট স্ট্যাটাস সম্পর্কে নির্দেশনা দিতে পারে,chatbotCapabilities
আপনার সাথে কথা বলে ভালো লাগলো।,agentTransferRequest
পাশ না করেই আমি আমার কার্ডে বেশি শিক্ষাগত যোগ্যতা দিয়েছি,matchFoundErrors
ভোটার কার্ড দ্রুত পাবো কি করে,websiteErrors
ভোটার স্থানান্তরের কাজ চলাকালীন সময়ে সংশোধন করা যাবে কি,faceVerificationCompleted
কার্ড এর পিছনে এড্রেস এ থানার নাম নাই,upazilaFieldEmpty
নতুন এনআইডি কার্ড কিভাবে করতে হবে,websiteErrors
এনআইডি রি-ইস্যু করতে গেলে কি কাগজ জমা দিতে হবে,reissueStatus
বর্তমান ঠিকানায় ভোটার নিবন্ধন কিভাবে করবো,addressUpdateProblems
আমার বয়স আঠার হয়ে গেছে নতুন ভোটারের আবেদন জমা দেওয়ার সময় কি কি ডকুমেন্টস দরকার,ageEligibility
ভোটার তথ্য যাচাইয়ে সমস্যা হচ্ছে,unavailableServices
স্মার্ট কার্ড বিতরণ হলে কি এসএমএস মাধ্যমে জানানো হবে,smartCardConversion
আমি বর্তমান ঠিকানায় ভোটার নিবন্ধন করতে চাই,addressUpdateProblems
অনলাইনে কার্ড পূরণ করার পর দেখছি ইনফরমেশন ঠিক নাই ভুল হয়েছে,correctionErrors
জাতীয় পরিচয়পত্রে জন্ম সনদ নম্বর পরিবর্তনের জন্য কোনো কাগজপত্র দিতে হবে,requiredDocuments
কত টাকা লাগবে সংশোধন আবেদন করতে,correctionFees
সংশোধন আবেদন বাতিল হলে আবার আবেদন করতে কি টাকা জমা দিতে হবে,applicationCancelled
ভোটার হওয়ার সময় প্রদত্ত মোবাইল নম্বর পরিবর্তন করতে চাই।,nameChangeProcess
ঠিকানা পরিবর্তনের জন্য আমার এনআইডিতে কি কি কাগজপত্র লাগবে,addressUpdateProblems
নতুন ভোটার হতে বা এনআইডি নিবন্ধনের জন্য কি পরিমাণ ফিস জমা দিতে হয়,registrationFees
তুমি কোথায় থাকো,upazilaFieldEmpty
ফি জমা দেয়ার জন্য কোন পদ্ধতি অনুসরণ করতে হবে,registrationFees
অনলাইনে লগইন করতে গেলে “ভুল পাসওয়ার্ড” মেসেজ দেখায়,passwordErrors
ঠিকানা পরিবর্তনের জন্য আবেদন করেছি,onlineAddressInquiry
আমার স্মার্ট কার্ড তৈরির অবস্থা জানতে কোন মোবাইল নাম্বারে মেসেজ করতে হবে,smartCardConversion
এনআইডি কার্ড এর তথ্য ভুল আছে ঠিক করার আবেদন বাতিল করার জন্য কীভাবে আবেদন করতে হয়,correctionErrors
এই চ্যাটবট কি আমাকে জাতীয় পরিচয় পত্র সংশোধন করার তথ্য প্রদান করে,chatbotCapabilities
অনলাইনে আগে নিবন্ধন করছি এখন লগ-ইন করব কীভাবে,onlineServicesInquiry
নতুন ভোটার হতে চাই বা নতুন এনআইডি কার্ড করতে করণীয় কি,newVoterProcess
আমি বিদেশে আমার এনআইডি কার্ডের ছবি তুলেছিলাম,photoTakenLongAgo
কার্ড হারানোর পরে নতুন কার্ড পেতে কি কত টাকা খরচ হবে,receiptLostSolutions
যদি কার্ড এর পিতার নাম এর জায়গায় বাবার নামের আগে মৃত লেখা থাকে তাহলে ঠিক করাবো কেমনে,deceasedRelativeInfo
স্থায়ী ঠিকানা পরিবর্তনের জন্য কতো টাকা দিতে হয়,addressChangeFees
কেন আমার এনআইডি ম্যাচ ফাউন্ড এনআইডি MATCH FOUND হচ্ছে এবং কিভাবে এই সমস্যা মিটাবো,passwordErrors
এনআইডি কার্ডে জন্মস্থান ভুল হয়েছে,correctionErrors
আমার পুরানো হাতে লেখা জন্ম সনদ অনলাইনে উপলব্ধ নয়,unavailableServices
এনআইডি কার্ড সংশোধনের জন্য কি এক্সট্রা পেমেন্ট করা লাগে,onlineApplicationProcess
বাংলাদেশের জাতীয় পরিচয়পত্রে মায়ের নাম সংশোধন করতে কোন কোন ডকুমেন্টস প্রয়োজন,nameCorrectionDocuments
আইফোনে ফোন ছাড়া এন আই ডি ওয়ালেট এপ ডাউনলোড করতে পারবো কী,mobileAppIssues
অনলাইনে নতুন ভোটার রেজিস্ট্রেশনের জন্য কোন ঠিকানায় আবেদন করতে হবে,onlineServicesInquiry
এনআইডি রি-ইস্যুর জন্য কোন কোন কাগজপত্র লাগবে,reissueStatus
তোমার নামটা সুন্দর,personalStatusChanges
এনআইডি কার্ড সংশোধন হয়ে গেছে,onlineApplicationProcess
নতুন ভোটারের আবেদন করেছি,newVoterDuplicates
আমি স্মার্ট কার্ডের জন্য ফর্ম পূরণ করতে চাই।,smartCardConversion
বাংলাদেশি প্রবাসী কি ভাবে তাদের ন্যাশনাল আইডি কার্ড বা ভোটার নিবন্ধন সম্পন্ন করতে পারে,overseasRegistration
আমার প্রবাসী এনআইডি বা ভোটার নিবন্ধনের জন্য দূতাবাসে আবেদন Reject করে দিয়েছে। কেনো,newVoterRejection
আমি কিভাবে কার্ড এর অনলাইন সাইট এ রেজিস্টার করবো,onlineServicesInquiry
তুমি কি হাসো,personalStatusChanges
অনেক দিন আগে ছবি তুলেছি কিন্তু এখনও কার্ড পাইনি,photoTakenNoCard
কার্ডে স্বামীর নাম সংযুক্ত করতে কি কি ডকুমেন্টস লাগবে,nameCorrectionDocuments
কার্ডে আমার স্বাক্ষর চেঞ্জ করতে কি করা লাগবে,onlineApplicationProcess
আমি যে সব ডকুমেন্ট দিয়েছি সেটা ঠিক,applicationFailures
কার্ড এ স্বামীর নামের আগে মৃত লেখা এড এর জন্য কি কি ডকুমেন্টস লাগে,deceasedRelativeInfo
কার্ড উত্তোলন করতে প্রাপ্তি রশিদ বা রিসিপ্ট বা রিসিট যেটা সেটা হারিয়ে গেলে কি করবো,receiptLostSolutions
দশ ডিজিটের এনআইডি নম্বর দিয়ে পাসপোর্ট কেন ভেরিফাই করা যাচ্ছে না,unavailableServices
কার্ড এর পোর্টাল রেজিষ্ট্রেশন করার সময় মেসেজ এ কোড না আসলে কি করণীয়,unavailableServices
স্থায়ী ঠিকানা আপডেট করতে আমাকে কি কি কাগজপত্র দিতে হবে,addressUpdateProblems
জাতীয় পরিচয়পত্রের জন্য আবেদন কীভাবে করবো,onlineServicesInquiry
নতুন ভোটার হওয়ার জন্য ইন্টারনেটে কোথায় আবেদন করতে হবে,onlineServicesInquiry
অনলাইনে আবেদন করার পর কী কী কাগজপত্র জমা দেওয়া দরকার,onlineServicesInquiry
স্মার্ট কার্ডের স্ট্যাটাস কি,smartCardConversion
স্ত্রীর এনআইডি কার্ডের নম্বরে কি আমি পরিবর্তন করতে পারি,nameChangeProcess
পুরানো এনআইডি কার্ড হারালে নতুন স্মার্ট কার্ড কী করে পাবো,receiptLostSolutions
আমার আইফোন আছে,mobileAppIssues
মোবাইলে রেজিস্ট্রেশন করতে গেলে কোড ভুল দেখায় কি করি,passwordErrors
আটঘণ্টা পরেও ওয়েব পোর্টালে আমার আইডি লক ই দেখাচ্ছে,accountLocked
বায়োমেট্রিক্স দেওয়ার জন্য এসএমএস পেয়েছি,faceVerificationCompleted
পাসপোর্টে নতুন নম্বর সংযোজন বা সংশোধন করার জন্য কি কি কাগজপত্র লাগতে পারে,requiredDocuments
কার্ড সংশোধন আবেদন ফর্ম হারানোর পর কি করণীয়,onlineApplicationProcess
এডজুডিকেশন পেন্ডিংঅবস্থায় থাকা এনআইডি আবেদন নিয়ে কি করতে হবে,pendingApplications
আমি হালনাগাদে ভোটার হিসেবে রেজিষ্ট্রেশন করতে পারিনি। এখন কিভাবে নতুন ভোটার হব,newVoterNoSms
যখন স্মার্ট কার্ড সংশোধন করলাম,smartCardConversion
নির্বাচন কমিশনের সেবা সম্পর্কিত এই চ্যাটবট কি ধরনের সহায়তা প্রদান করে,chatbotCapabilities
আমি বাংলাদেশে ভোটার আইডি করেছিলাম,newVoterDuplicates
প্রবাসীদের জন্য ভোটার নিবন্ধন করতে কি কী পদ্ধতি অনুসরণ করতে হবে,newVoterProcess
কার্ড এর অনলাইন যে সাইট আছে সেটাতে রেজিস্ট্রেশন করে কিভাবে,onlineServicesInquiry
কার্ড হারানোর পর পুনরায় কার্ড পেতে কি খরচ আসবে,receiptLostSolutions
আমি রি-ইস্যু এপ্লাই করেছি কিন্তু কার্ড কি কারণে পেন্ডিং,reissueStatus
আমার পরে ভোটার হয়েছে,newVoterDuplicates
প্রবাসী হিসেবে এনআইডি নিবন্ধন করেছি তো স্মার্ট কার্ড পাবো কোথায়,smartCardConversion
আপনি কি একজন বট,chatbotCapabilities
ফরম নাম্বার দিয়ে রেজিস্ট্রেশন করার পর কার্ড ডাউনলোড কেন হচ্ছে না,unavailableServices
নতুন ভোটার হয়ে মেসেজ না পেলে কি করা যায়,newVoterNoSms
অনলাইন পোর্টালে নতুন একাউন্ট কিভাবে করতে হবে,onlineServicesInquiry
কার্ড হারানোর পরে কোন ইনফো নেই,receiptLostSolutions
প্রবাসে বসবাসকারীদের কার্ড বা ভোটার নিবন্ধনের জন্য কি করতে হবে,overseasRegistration
অনলাইন পোর্টালে কি ধরনের কাজ করা যাবে,onlineServicesInquiry
সংশোধন আবেদন বাতিল হলে পুনরায় আবেদন করতে টাকা আবার দিতে হবে কি,applicationCancelled
ভোটার তালিকায় নাম লিখাতে কি কি করতে হয়,newVoterProcess
ঠিক ইনফো দিলেও একাউন্ট এর লক খুলতেছে না,accountLocked
আমার বাবা মা জন্মের আগে মারা গেছে,deceasedRelativeInfo
আমার প্রবাসী এনআইডি বা ভোটার নিবন্ধনের জন্য এম্বাসীতে আবেদন Reject করে দিয়েছে। কেনো,newVoterRejection
কার্ড ছবি ঘোলা কিভাবে চেঞ্জ করা যায়,onlineApplicationProcess
টিন বা ট্যাক্স আইডেন্টিফিকেশন নম্বর যোগ করার জন্য কি কি ডকুমেন্টস লাগবে,requiredDocuments
ফি জমা দিতে কোন নম্বর লাগে,registrationFees
আমি এখন কি করব আপনি বলেন!,applicationFailures
স্মার্ট কার্ড নেওয়ার সময় কি চার্জ দিতে হয়,newVoterFees
টিন নম্বর জমা দিতে কি কি ডকুমেন্টস প্রয়োজন,requiredDocuments
আমার স্বাক্ষরটা বদলাতে চেয়েছি কিন্তু কোনো জবাব নেই,correctionApplicationStatus
আমি অনেকদিন আগে ভোটার হওয়ার জন্য ছবি তুলেছি কিন্তু এখনো কোনো এসএমএস পাইনি। এনআইডি নাম্বার কীভাবে পাবো,photoTakenNoCard
এডজুডিকেশন পেন্ডিংঅবস্থায় থাকা এনআইডি আবেদন নিয়ে কি পদক্ষেপ নেবো,pendingApplications
দ্বৈত নাগরিকত্ব ছাড়াই এনআইডি কার্ড পেতে কাদের সুযোগ আছে,dualCitizenship
হেল্প ডেস্কে কানেক্ট করুন,generalQueries
এম্বাসী বা দূতাবাসে আবেদন করে কার্ড কবে পাবো,overseasRegistration
পিতা বা স্বামীর বা স্ত্রীর নামের জায়গায় ভুলে মৃত উল্লেখ করা হয়েছে,deceasedRelativeInfo
হ্যাঁ আমি একজন মানুষের সাথে কথা বলতে চাই,agentTransferRequest
মায়ের এনআইডি কার্ডের নম্বরে কি আমি পরিবর্তন করতে পারি,nameChangeProcess
আপনি ইন্টারনেটে কি ঠিকানা পরিবর্তনের আবেদন করতে পারেন,onlineAddressInquiry
মোবাইল নম্বর সংশোধন করতে কি কিছু লাগবে,requiredDocuments
কার্ড রি-ইস্যুর জন্য কি কি সাবমিট করতে হবে,reissueStatus
ফিস জমা দিতে কোন নম্বর তেরো ডিজিট ব্যবহার করবো,registrationFees
একটু ধীরে বলুন,agentTransferRequest
নতুন স্থায়ী ঠিকানা আপডেটের জন্য কি ধরনের কাগজপত্র দিতে হবে,addressUpdateProblems
এনআইডি কার্ডে স্বামীর নাম যোগ করতে কি কি কাগজপত্র লাগবে,nameCorrectionDocuments
স্মার্ট কার্ড মানিব্যাগ থেকে হারিয়ে গেছে কি রি-ইস্যু করতে হবে,receiptLostSolutions
আমার চিপসহ কার্ডের প্রিন্টিং অবস্থা কিভাবে জানবো,smartCardPrintStatus
এইটা কিভাবে হয় বুঝলাম না!,applicationFailures
যদি নির্বাচন অফিসে গিয়ে সাহায্য না পাওয়া যায়,newVoterNoSms
স্মার্ট কার্ড তুলতে কোনো খরচ আছে কি,newVoterFees
আমার ওয়াইফ এর নাম এনআইডি কার্ডে ঠিক করতে কি কি ডকুমেন্টস লাগবে,nameCorrectionDocuments
পুরানো এনআইডি হারালে নতুন স্মার্ট কার্ডের আবেদন করবো কিভাবে,receiptLostSolutions
আমার কার্ড এ পিতাকে মৃত উল্লখ করতে চাইলে কি কি কাগজ লাগবে,deceasedRelativeInfo
ভোটার নিবন্ধন ফরমে ভুল তথ্য জমা দেওয়ার পর কিভাবে সংশোধন করবো,correctionErrors
এনআইডি কার্ডে পিতার নামের ভুল সংশোধন করতে কি সার্টিফিকেট বা কাগজপত্র লাগবে,nameCorrectionDocuments
কার্ড এর উপজেলা দেওয়া নাই কিভাবে রেজিস্ট্রেশন করতে হবে,websiteErrors
আমি ছবি তুলছি বেশ কয়েকদিন হয়েছে,photoTakenLongAgo
আমার ভোটার এলাকা নাম,upazilaFieldEmpty
স্ন্যাপ নিয়েছি কিন্তু কোনো এসএমএস আসেনি,photoTakenNoCard
এজেন্ট এর কাছে দেন,generalQueries
তথ্য সংশোধন করতে কাগজপত্র কই জমা দিতে হবে,onlineApplicationProcess
Underage হিসেবে এনআইডি কার্ডধারী ব্যক্তি কখন ভোটার হয়ে থাকেন,ageEligibility
পিতা বা মাতা বা স্বামী বা স্ত্রীর এনআইডি নম্বর পরিবর্তন করতে চাই।,nameChangeProcess
সংশোধন আবেদন করার জন্য কত টাকা খরচ হবে,correctionFees
নতুন ভোটার হিসেবে রেজিস্ট্রেশন করছি অনেক দিন হল কার্ড কবে পাব,websiteErrors
জাতীয় পরিচয়পত্রে জন্ম সনদ নম্বর যোগ করা বা সংশোধনের জন্য কী কী ডকুমেন্টস লাগবে,requiredDocuments
নতুন ভোটার হয়ে ম্যাসেজ না পাওয়ার পর কি করবো,newVoterNoSms
স্মার্ট কার্ড বিতরণ হলেও কেনো আমার কার্ড হাতে আসছে না,smartCardConversion
কার্ডে বয়সে ভুল থাকলে সেটা কিভাবে ঠিক করে,correctionErrors
কার্ডে বাপ এর নাম এর আগে যদি মৃত শব্দটি এড করতে চাই কিভাবে করব,deceasedRelativeInfo
এনআইডি একাউন্ট লক অবস্থায় থাকছে,accountLocked
একবার লক হলে কি আবার তথ্য দিয়ে একাউন্ট খুলবে না,accountLocked
আমি কি এই সেবার মাধ্যমে আমার জাতীয় পরিচয় পত্র তথ্য আপডেট করতে পারি,onlineApplicationProcess
ভোটার হওয়ার সময় প্রদত্ত ফোন নম্বর পরিবর্তন করতে চাই।,nameChangeProcess
আমি যুক্তরাজ্যে থাকি। আমি কি বাংলাদেশের এনআইডি কার্ড পেতে পারি,overseasRegistration
আমার কার্ডে ছবি অস্পষ্ট,photoTakenNoCard
সংশোধনের আবেদন সাবমিট করার পর দেখতে পাচ্ছি আরও কিছু তথ্য সংশোধন করা প্রয়োজন,correctionApplicationStatus
বাংলাদেশের জাতীয় পরিচয়পত্র করার জন্য আমাকে বিদেশ থেকে কি করতে হবে,overseasRegistration
নতুন ভোটারের জন্য কি বয়সসীমা রয়েছে,ageEligibility
অ্যানআইডি কার্ড হারিয়ে গেলে নতুন কার্ড পেতে কি কোন ফি দিতে হবে,receiptLostSolutions
আমার মায়ের জাতীয় পরিচয়পত্রের নম্বর সংশোধন করতে হবে।,nameChangeProcess
পিতা বা মাতাকে মৃত হিসেবে মেনশন করতে কার্ড এর জন্য কি কি করা লাগবে,deceasedRelativeInfo
আমার স্মার্ট বা নতুন ডিজিটাল কার্ডে হাবির নাম কেন নেই যখন আগের কার্ডে আছে,matchFoundErrors
আমি সিঙ্গাপুরে থাকি। এখান থেকে এনআইডি কার্ড করা যায় কি,overseasRegistration
জাতীয় পরিচয়পত্র নতুন করে করতে চাইলে কি করতে হবে,onlineApplicationProcess
এনআইডি কার্ড নষ্ট হয়ে গেছে,receiptLostSolutions
কেউ যদি তার কার্ড সংশোধন করতে হলে কি ওয়েবসাইট ব্যবহার করতে হবে,onlineApplicationProcess
আমি এখানে কী করতে পারি,applicationFailures
ফিঙ্গারপ্রিন্ট দেয়া সত্ত্বেও তথ্য না আসলে কি করণীয়,formPrintIssues
কোন কাগজপত্র দরকার বাংলাদেশের ন্যাশনাল আইডি কার্ডে ফোন নম্বর সংযোজনের জন্য,requiredDocuments
রক্তের গ্রুপ অন্তর্ভুক্ত বা সংশোধনের জন্য কি করতে হয়,bloodGroupCorrection
আগের কার্ড হারায় গেছে নতুন কার্ড পেতে কি ফি দিতে হবে,receiptLostSolutions
ভুল করে আব্বার নাম এর আগে কার্ড এ মৃত চলে আসছে,deceasedRelativeInfo
ভোটার হওয়ার সময় প্রদত্ত পাসপোর্ট নম্বর পরিবর্তন করতে চাই।,nameChangeProcess
আমি একশতপাঁচ কল করে সংশোধনের অবস্থা জানতে চেয়েছি,correctionApplicationStatus
কার্ড এ আব্বুর নামের আগে মৃত লিখা কি করব,deceasedRelativeInfo
আপনি কি এনআইডি সংক্রান্ত তথ্য দিতে পারেন,newVoterProcess
আপনার পূর্ববর্তী ভোটার এলাকার তথ্য কিভাবে সংগ্রহ করতে হবে,newVoterProcess
স্বামীর এনআইডি নম্বরে পরিবর্তন করতে চাচ্ছি কি করা লাগবে,nameChangeProcess
চিপসহ কার্ড সংশোধন করার পর অনলাইলে একটা পেল্যাম কেন,onlineApplicationProcess
স্মার্ট বা প্লাস্টিকের কার্ড প্রিন্ট হলে আমি কি মোবাইলে কল পাবো,smartCardPrintStatus
পিতার নাম এর স্পেলিং ভুল হইছে সংশোধনের উপায় কি,nameSpellingCorrection
ফিঙ্গারপ্রিন্ট আপডেট করে বার বার পেন্ডিং দেখাচ্ছে,formPrintIssues
কার্ডের ছবি ঝাপসা,photoTakenNoCard
চার্জ জমা দিতে কি নম্বর দিতে হবে,registrationFees
এনআইডি কার্ড গেছে শেষ হয়ে গেলে কি নতুন কার্ডের জন্য আবেদন করতে হয়,reissueStatus
অনলাইনে আবেদন করার পর কোন কাগজপত্র জমা দিতে হবে,onlineServicesInquiry
ভোটার স্থানান্তরের আবেদন চলাকালীন কি কার্ড সংশোধন করা যাবে,onlineApplicationProcess
ভোটার ঠিকানা পরিবর্তন করতে গেলে ইউটিলিটি বিল না থাকলে কি করা উচিত,addressUpdateProblems
যখন নতুন কার্ড পেলাম,websiteErrors
আমি আমার স্ত্রীর জাতীয় পরিচয়পত্র নাম্বার পরিবর্তন করতে চাই।,nameChangeProcess
এনআইডি বা ভোটার আবেদন পেন্ডিং অবস্থায় থাকলে কি করণীয়,pendingApplications
পাসপোর্ট ভেরিফিকেশনে সতর ডিজিট এর এন.অ্যাঁই.ডি. নম্বর কাজ করে না কেন,unavailableServices
জন্মস্থানের তথ্য ভুল হয়েছে,correctionErrors
এই সেবা কি ভোটার আইডি যাচাইয়ে সাহায্য করতে পারে,chatbotCapabilities
নতুন ভোটারের জন্য অনলাইনে নিবন্ধন করতে কী করতে হবে,onlineServicesInquiry
সব প্রশ্নের উত্তর পেয়ে গেছি,applicationFailures
আপনার সেবা সম্পর্কে বলুন।,generalQueries
তাহলে কি বলা যায় এই অবস্থায়,applicationFailures
আমার জন্মসাল রিলেটে ইনফরমেশন এ প্রব্লেম হইছে কার্ডে কি করতে পারি এখন,matchFoundErrors
কার্ডে সাইন টা আপডেট করতে হলে কি কি ডকুমেন্ট লাগবে,requiredDocuments
প্লাস্টিকের কার্ডের জন্য কি কোনো ফি দিতে হবে,newVoterFees
আমার স্মার্ট কার্ড চুরি গেছে,receiptLostSolutions
আমি অনলাইনে এনআইডি কার্ড সংশোধনের জন্য আবেদন করেছি,onlineApplicationProcess
ভোটার হওয়ার পর কোন ডকুমেন্ট জমা দিতে হবে,newVoterProcess
কোথায় গিয়ে স্মার্ট কার্ড সংগ্রহ করতে পারি,smartCardConversion
মানে কি বললেন আপনি,agentTransferRequest
কোন কোন দেশে এনআইডি বা ভোটার নিবন্ধন করা সম্ভব,overseasRegistration
পিতাকে মৃত হিসেবে করতে চাইলে কি কি কাগজ লাগবে,deceasedRelativeInfo
পাসপোর্টে দশ ডিজিট এর অ্যানআইডি নম্বর দিয়ে ভেরিফিকেশন কাজ করছে না,unavailableServices
অনলাইনে আবেদন করার পর ফর্ম কোথায় জমা দিব,onlineServicesInquiry
এনআইডি কারেকশন করবো,generalQueries
এনআইডি সার্ভিসের ওয়েবপোর্টালে কি কি সেবা রয়েছে,onlineServicesInquiry
ফি জমা দিতে কোন নম্বর প্রয়োজন,registrationFees
নির্বাচনী এলাকা বদল করতে কি কি কাগজপত্র লাগবে,addressUpdateProblems
Underaged হিসেবে এনআইডি কার্ডধারী ব্যক্তি কখন ভোটার হয়ে থাকেন,ageEligibility
সংশোধন আবেদন করার জন্য ফি জমা দিয়েছি,correctionFees
স্মার্ট কার্ড হারিয়ে গেলে কি রিইস্যু করতে পারি,receiptLostSolutions
বিদেশে থাকি ভোটার কার্ড বা ভোটার নিবন্ধন আবেদন জমা দিলাম,overseasRegistration
সংশোধন আবেদন জমা দেয়ার পর কত দিন পর অবস্থা জানতে পারবো,correctionApplicationStatus
আজকাল এনআইডি ম্যাচ ফাউন্ড হয়েছে হওয়ায় আমার ভোটার কার্ড যাচাইয়ে সমস্যা হচ্ছে,matchFoundErrors
এম্বাসিতে প্রবাসী এনআইডি নিবন্ধনের আবেদন করার পর স্মার্ট কার্ড পাবো কি করে,smartCardConversion
আমি লন্ডনের হাইকমিশনে বায়োমেট্রিক প্রদান করেছি,faceVerificationCompleted
রি-ইস্যু আবেদন করতে কত টাকা পরিশোধ করতে হবে,reissueStatus
সংশোধনের ফি কত,correctionFees
নতুন ভোটার হওয়ার জন্য অনলাইনে আবেদন করার পর কি কি ডক্স জমা দিতে হয়,onlineServicesInquiry
রক্তের গ্রুপে ভুল আছে,bloodGroupCorrection
পিতা মাতার এনআইডি নম্বর আমি ভোটার হওয়ার সময় দেওয়া দিয়েছি,newVoterDuplicates
সাপোর্ট টিমের কারো সাথে কথা বলতে চাই,generalQueries
আমার নিডি কার্ডে জন্মস্থান ভুল হয়েছে,correctionErrors
তালাকের পর স্বামীর নাম এনআইডি থেকে কিভাবে বাদ দেবো,nameCorrectionDocuments
নতুন ভোটার কার্ড পেতে কতদিন সময় লাগে,websiteErrors
একটি কার্ড কতবার সংশোধন করা যায়,onlineApplicationProcess
নতুন এনআইডি কার্ড পাবো কি করে,reissueStatus
আমার স্মার্ট কার্ড পেতে যে আবেদন করেছি,smartCardConversion
টিন নম্বরের জন্য কোন কাগজপত্র জমা দিতে হবে,requiredDocuments
বর্তমান ঠিকানা আপডেটের আবেদন অনলাইনে সম্ভব,onlineAddressInquiry
এনআইডি কার্ড সংশোধন আবেদন অনলাইনে করেছি,onlineApplicationProcess
সিগনেচার আপডেট এর জন্য কিভাবে আবেদন করব,onlineApplicationProcess
আমি আমেরিকার দূতাবাসে বায়োমেট্রিক দিয়েছি,faceVerificationCompleted
এনআইডি কার্ড খারাপ হয়ে গেছে হলে আবার নতুন কার্ড পাবো কেমন করে,receiptLostSolutions
আমি এখন ভোটার হিসেবে অনলাইনে আবেদন করার পর কোন দলিলাদি জমা দিতে হবে,onlineServicesInquiry
একাউন্ট এ তালা মেরে দিছে মেসেজ দেখায় কিভাবে ঠিক করবো,passwordErrors
কিভাবে আমার পরিচয়পত্রে শিক্ষাগত যোগ্যতা সংশোধন করতে পারি যেটা ভুলক্রমে বেশি দেখানো হয়েছে,correctionErrors
লাগতেছে আমারকার্ডে অন্যের তথ্য এসেছে,matchFoundErrors
নতুন ভোটার হবার জন্য আবেদন করেছি,newVoterDuplicates
ছবি তোলার পর কতদিন পর মোবাইলে বার্তা পাবো,photoTakenNoCard
স্মার্ট কার্ড নিতে কি টাকা দিতে হয়,newVoterFees
ফিঙ্গারপ্রিন্ট আপডেটের পরেও কিছু হচ্ছে না। কি করণীয়,formPrintIssues
ঠিকানা সংশোধনের জন্য অনলাইন ফর্ম আছে কি,onlineAddressInquiry
তুমি কি ফেসবুকে আছো,personalStatusChanges
নতুন ভোটার নিবন্ধন করে দিয়েছি কিন্তু পেন্ডিং অবস্থায় আছে,pendingApplications
কার্ড নষ্ট হয়ে গেলে কীভাবে আবার নতুন কার্ড পাওয়া যাবে,receiptLostSolutions
এনআইডি কার্ডে মায়ের নাম সংশোধনে কোন কাগজপত্র লাগবে,nameCorrectionDocuments
স্থায়ী ঠিকানা আপডেট করার জন্য কত টাকা লাগে,addressChangeFees
আমি খুলনা থেকে ভোটার হওয়ার জন্য অনেকদিন আগে ছবি তুলেছি কিন্তু এখনো কোনো নোটিশ পাইনি। এনআইডি নাম্বার কীভাবে পাবো,photoTakenNoCard
লক একাউন্ট এর জন্য যে টাইম লিমিট দিছিল তার পরেও একাউন্ট খোলানো যাচ্ছে না,accountLocked
সংশোধনের জন্য স্লিপ হারানো গেলে কি সংশোধন পাওয়া যাবে,receiptLostDuplicates
আগের ন্যাশনাল আইডি কার্ডে হাজবেন্ড নাম ছিল,matchFoundErrors
প্রবাসী এনআইডি নিবন্ধনের জন্য আমার আবেদন কেনো Reject করা হয়েছে,newVoterRejection
প্রবাসে গিয়ে আমি আমার ভোটার আইডি কার্ডের ছবি তুলেছিলাম,photoTakenLongAgo
ভোটার স্লিপ নাই,unavailableServices
আমি নষ্ট হয়েছে,applicationFailures
তাহলে কি হইছে শেষ পর্যন্ত,applicationFailures
পয়সা জমা দেওয়ার জন্য কোন নম্বর প্রয়োজন,registrationFees
কী কী আবেদন অনলাইনে করা যায়,onlineServicesInquiry
জাতীয় পরিচয়পত্রে স্বামীর নাম সংশোধনের জন্য কি কি ডকুমেন্টস লাগবে,nameCorrectionDocuments
ভোটার হওয়ার সময় দেওয়া মোবাইল নম্বরটা লস্ট হয়েছে,newVoterNoSms
সাইন পরিবর্তনের জন্য আবেদন করেছি,correctionApplicationStatus
আমার সার্টিফিকেট আর কার্ডের বয়স দুইরকম এইটা কেমন ঠিক করাবো,matchFoundErrors
আমি আমেরিকায় আছি এখান থেকে কি এনআইডি কার্ড বানানো যায়,overseasRegistration
দ্বৈত নাগরিকত্ব সনদ কে ইস্যু করে,dualCitizenship
কীভাবে কার্ডে স্বাক্ষর পরিবর্তন করা যাবে,onlineApplicationProcess
এটা কোন সিস্টেম,personalStatusChanges
